variant,label,group,accuracy_mean,accuracy_std,macro_f1_mean,macro_f1_std,bal_acc_mean,bal_acc_std,top3_mean,top3_std,d_macro_f1,ci_lo,ci_hi,p_macro_f1,d_accuracy,p_accuracy,p_macro_f1_runs,p_holm
full,Full model (Proposed),reference,35.401436726495476,1.6602497613587381,0.3282274707023769,0.009795163355592013,36.912172964463785,0.5257808640852332,,,,,,,,,,
no_static,- static branch,architecture,30.897319608416467,1.760711577514145,0.2755243653442768,0.017310653790679146,35.08226425301926,1.2363095958779313,,,-0.05270310535810006,-0.08052048056359902,-0.024885730152601093,0.006253290280343363,-4.504117118079005,0.011895064272194842,4.514564970665709e-07,0.08129277364446372
no_temporal,- temporal branch,architecture,32.09534855821628,1.463302848980154,0.29550074116161773,0.009009433120645964,33.80640234425046,0.7114001841838846,,,-0.032726729540759156,-0.04135571136719095,-0.024097747714327364,0.0004599941744411111,-3.3060881682791923,0.0024676312700536306,2.8007513155831628e-09,0.006899912616616667
no_tcn,- causal TCN (MLP+LSTM),architecture,35.75051905468602,1.4410904289436381,0.332389428585605,0.009176717503306233,37.17080696765437,0.6985949079389902,,,0.004161957883228084,-0.0022803779195825283,0.010604293686038697,0.14731914482554886,0.34908232819054774,0.2477369663508815,0.07576674091801365,1.0
no_lstm,- LSTM (MLP+TCN),architecture,35.59208905813358,1.2127921318776842,0.3309333380743647,0.007718468121993581,37.12446541494732,0.6276838073479708,,,0.0027058673719877802,-0.005437485812049239,0.010849220556024799,0.408449633748896,0.19065233163810688,0.5955453258638866,0.3151034901416134,1.0
no_residual,- TCN residual connection,architecture,35.6270201160532,1.2155719241320586,0.32967134293365935,0.008216222216717962,37.152484369867224,0.7618458192293658,,,0.0014438722312823948,-0.002876725994548404,0.0057644704571131935,0.4060078585090859,0.225583389557724,0.36565802018770033,0.4995644452253685,1.0
no_causal,- causality (symmetric conv),architecture,35.887469658031314,1.0544091658079684,0.33103666606570115,0.00794057539261001,36.875174375230856,0.4683347036105861,,,0.002809195363324246,-0.004809868507960943,0.010428259234609435,0.36384939049652953,0.48603293153583993,0.3023511764230024,0.32883575843053436,1.0
no_bn,- BatchNorm,architecture,36.02709761321926,1.4897372463242253,0.3320695070697306,0.012789076240656588,37.58459274358243,0.6955190875284875,,,0.003842036367353652,-0.006094581329670823,0.013778654064378126,0.3434832562162945,0.6256608867237858,0.30042960934555246,0.16112911453963338,1.0
no_dropout,- Dropout,architecture,35.535750003055966,0.5261399988571878,0.3176876935935472,0.0033897327411082628,33.52272308394199,0.5207568927112618,,,-0.010539777108829706,-0.025751289784810703,0.004671735567151291,0.12672366653378955,0.13431327656049205,0.8778425649399831,0.008043313939098714,1.0
linear_fusion,- fusion MLP (linear head),architecture,35.69145937743294,1.104075169096222,0.33211634664359446,0.005491586099179071,37.08196153400168,0.35940307259177495,,,0.003888875941217562,-0.0023040489104428855,0.01008180079287801,0.15620118885599538,0.29002265093746615,0.41101871276464336,0.17055310580818475,1.0
no_cw,- class-weighted loss,training,43.423850542539654,0.25433130618228983,0.3102446044029741,0.00926318533476672,31.946861308916688,0.5650631584108562,,,-0.017982866299402843,-0.03383499966036829,-0.002130732938437397,0.0345261200041964,8.022413816044182,0.00036979383094665067,0.0008269775281502581,0.4143134400503568
f_no_family,- family features (EDU/OCC),features,34.2599296489294,1.1438795437205678,0.3226166974124426,0.008292203624474614,38.54095803584546,0.973041690705592,,,-0.00561077328993439,-0.0138751294132464,0.00265358283337762,0.1325191844748188,-1.1415070775660752,0.0729388672745168,0.09945842662538688,1.0
f_no_economic,- household/economic features,features,33.806027103022004,1.1270556802011862,0.3203861085944082,0.011735190067558703,37.86127558403647,0.7668217888773576,,,-0.007841362107968753,-0.02173784320624283,0.0060551189903053255,0.19225736576398517,-1.595409623473465,0.03832214659025389,0.050005520695073004,1.0
f_no_school,- school & gender features,features,32.78548115906943,1.0884885654055754,0.30041201266248574,0.007186278593590412,33.00244863937001,0.6310387738740568,,,-0.02781545803989115,-0.04091521746263724,-0.01471569861714506,0.004140701449905979,-2.61595556742605,0.007978718376231058,3.6712007107320087e-07,0.05796982029868371
f_no_engineered,- engineered STEM/HUM features,features,35.672707096951186,1.7766212242379356,0.3302441787544895,0.01021543936382978,37.1991726063138,0.643839353607583,,,0.0020167080521126144,-0.0012756919111136427,0.0053091080153388715,0.16422633897613426,0.2712703704557072,0.14013618545405185,0.32627869953805205,1.0
f_no_english,- English score (ENG_S11),features,35.44165650084285,1.5641971134054067,0.3258320754856473,0.010248056986488693,36.692480357659534,0.7676382260220752,,,-0.0023953952167296345,-0.007550163990458436,0.0027593735569991667,0.2665141363906906,0.04021977434737778,0.8670195413276008,0.3105455726585644,1.0
