Variant,Type,Macro-F1,Top-1 acc (%),Δ Macro-F1 vs full [95% CI],p (paired t),Holm p
Full model (Proposed),reference,0.328 ± 0.010,35.40 ± 1.66,-,-,-
- static branch,architecture,0.276 ± 0.017,30.90 ± 1.76,"-0.0527 [-0.0805, -0.0249]",0.0063,0.0813
- temporal branch,architecture,0.296 ± 0.009,32.10 ± 1.46,"-0.0327 [-0.0414, -0.0241]",0.0005,0.0069
- causal TCN (MLP+LSTM),architecture,0.332 ± 0.009,35.75 ± 1.44,"+0.0042 [-0.0023, +0.0106]",0.1473,1.0000
- LSTM (MLP+TCN),architecture,0.331 ± 0.008,35.59 ± 1.21,"+0.0027 [-0.0054, +0.0108]",0.4084,1.0000
- TCN residual connection,architecture,0.330 ± 0.008,35.63 ± 1.22,"+0.0014 [-0.0029, +0.0058]",0.4060,1.0000
- causality (symmetric conv),architecture,0.331 ± 0.008,35.89 ± 1.05,"+0.0028 [-0.0048, +0.0104]",0.3638,1.0000
- BatchNorm,architecture,0.332 ± 0.013,36.03 ± 1.49,"+0.0038 [-0.0061, +0.0138]",0.3435,1.0000
- Dropout,architecture,0.318 ± 0.003,35.54 ± 0.53,"-0.0105 [-0.0258, +0.0047]",0.1267,1.0000
- fusion MLP (linear head),architecture,0.332 ± 0.005,35.69 ± 1.10,"+0.0039 [-0.0023, +0.0101]",0.1562,1.0000
- class-weighted loss,training,0.310 ± 0.009,43.42 ± 0.25,"-0.0180 [-0.0338, -0.0021]",0.0345,0.4143
- family features (EDU/OCC),features,0.323 ± 0.008,34.26 ± 1.14,"-0.0056 [-0.0139, +0.0027]",0.1325,1.0000
- household/economic features,features,0.320 ± 0.012,33.81 ± 1.13,"-0.0078 [-0.0217, +0.0061]",0.1923,1.0000
- school & gender features,features,0.300 ± 0.007,32.79 ± 1.09,"-0.0278 [-0.0409, -0.0147]",0.0041,0.0580
- engineered STEM/HUM features,features,0.330 ± 0.010,35.67 ± 1.78,"+0.0020 [-0.0013, +0.0053]",0.1642,1.0000
- English score (ENG_S11),features,0.326 ± 0.010,35.44 ± 1.56,"-0.0024 [-0.0076, +0.0028]",0.2665,1.0000
