variant,fold,seed,accuracy,macro_f1,bal_acc,top3
f_no_economic,1,43.0,8.148744797959457,0.040026578880909706,15.973548684338345,35.61551886159216
f_no_economic,2,43.0,11.281224818694602,0.04793015298439718,14.088269813488528,38.947085683588504
f_no_economic,3,43.0,9.85764168681171,0.04245965690554971,12.241663035055515,37.939833467633626
f_no_economic,4,43.0,8.08487778673113,0.03759215906125791,12.232390989635894,35.804458769809294
f_no_economic,5,43.0,8.944399677679291,0.03906991716577329,13.715737592769136,32.82299221058287
f_no_engineered,1,43.0,11.988186333736072,0.05319648683974363,15.983803750839163,44.422070076520335
f_no_engineered,2,43.0,13.443459575611067,0.05408344079936752,12.3043592408751,46.118721461187214
f_no_engineered,3,43.0,12.221326886919151,0.05222763318184901,13.257520801697382,43.59387590652699
f_no_engineered,4,43.0,12.718237980123556,0.050682017301644545,12.172130424751764,44.68170829975826
f_no_engineered,5,43.0,11.831856030083266,0.05038818758161659,16.73463828572776,39.7931775449906
f_no_english,1,43.0,11.934487850718218,0.05377139655448204,16.960189004553836,43.992482212377496
f_no_english,2,43.0,13.309159280150416,0.05447976522348472,14.173077687263115,45.178619392962666
f_no_english,3,43.0,11.590115498254095,0.052612885985042636,13.376753512676842,42.50604351329573
f_no_english,4,43.0,11.939296266451786,0.047186245816330345,13.11212412853471,44.359387590652695
f_no_english,5,43.0,11.227504700510343,0.04920582287961873,16.05982489223258,38.4098845017459
f_no_family,1,43.0,9.450933011142435,0.04585970780130747,15.038980475750142,36.81031010873943
f_no_family,2,43.0,9.521890948160086,0.04873910036567795,15.714924851524254,35.60300832661832
f_no_family,3,43.0,9.092130002686005,0.0433401388685001,14.136321403898322,35.32097770615095
f_no_family,4,43.0,8.205748052645717,0.039934590328279375,16.771027972924134,33.763094278807415
f_no_family,5,43.0,8.5952189094816,0.03898944429379324,13.672842365201602,32.500671501477306
f_no_school,1,43.0,8.658880386629079,0.040544997878004425,12.792208032794264,39.56235736340449
f_no_school,2,43.0,10.327692720923986,0.046896062728416656,10.63712299526022,43.00295460650013
f_no_school,3,43.0,8.3266183185603,0.03906812968613648,10.781803516750577,37.73838302444265
f_no_school,4,43.0,7.131345688960516,0.03701887251228344,11.931317205303058,37.46978243352135
f_no_school,5,43.0,9.105560032232072,0.04184106397977249,13.889196176620189,38.63819500402901
full,1,43.0,12.135857162035173,0.05370554246488518,15.167726634269366,44.79795945764533
full,2,43.0,13.094278807413376,0.054472305126340825,13.542022056467198,45.232339511146925
full,3,43.0,12.073596561912437,0.054542772407385115,13.709233104565039,43.54015578834274
full,4,43.0,12.32876712328767,0.04889799905532135,11.945809933659753,44.74885844748858
full,5,43.0,11.348374966424926,0.052297363415889773,17.17141806578402,39.84689766317486
linear_fusion,1,43.0,16.20351725063767,0.06265459310798212,15.692972796114296,49.2415089273728
linear_fusion,2,43.0,15.807144775718507,0.06526893764045834,14.821365188379618,48.80472737040022
linear_fusion,3,43.0,13.295729250604353,0.060226215038453455,15.388845371904063,45.178619392962666
linear_fusion,4,43.0,14.182111200644641,0.052121036879379586,10.603415075369055,48.24066612946549
linear_fusion,5,43.0,12.557077625570775,0.057654285445939236,16.657264382234352,43.68788611334944
no_bn,1,43.0,10.081890186602228,0.052402676509873534,18.639320404663966,38.018525976641165
no_bn,2,43.0,10.851463873220519,0.05018881589668903,16.26217877499332,38.141283910824605
no_bn,3,43.0,9.427880741337631,0.04647581575973795,14.943588997551855,33.413913510609724
no_bn,4,43.0,8.877249529948966,0.04181377626369049,12.702653859088015,34.622616169755574
no_bn,5,43.0,9.065269943593876,0.04145912553720867,16.380685499887928,31.936610260542576
no_causal,1,43.0,13.129279097865485,0.05595766824411055,16.951049977073925,44.08645455765875
no_causal,2,43.0,14.383561643835618,0.05991855047850297,15.455911850014532,46.48133225893097
no_causal,3,43.0,12.154176739188827,0.052902530544331645,14.739269376791901,43.86247649744829
no_causal,4,43.0,11.73784582326081,0.04724481033825343,12.743074786608124,44.07735697018534
no_causal,5,43.0,10.448562986838573,0.04869054808802109,17.425958094516684,38.00698361536396
no_cw,1,43.0,43.49577124446234,0.05149353202785826,5.888299876055669,81.60826956638475
no_cw,2,43.0,42.694063926940636,0.05063613226320358,5.9624325559958775,81.78887993553586
no_cw,3,43.0,43.04324469513833,0.05650490007205098,6.304229846167512,82.27236099919419
no_cw,4,43.0,41.915122213268866,0.0492224634890222,5.810599628734823,80.7413376309428
no_cw,5,43.0,42.94923448831588,0.05091035203381386,5.814516297879666,80.33843674456084
no_dropout,1,43.0,19.304604644918783,0.0679357177597044,14.128529240994183,56.18203785743052
no_dropout,2,43.0,16.57265645984421,0.05910018343310572,11.494638785605778,49.82540961590116
no_dropout,3,43.0,15.538544184797209,0.060118844447874936,11.845067241517617,52.054794520547944
no_dropout,4,43.0,17.150147730325006,0.05403834616909684,9.592785023569222,54.05586892291163
no_dropout,5,43.0,16.962127316680096,0.06652191310119719,15.884461424406624,52.02793446145582
no_lstm,1,43.0,13.384346892200293,0.052502790538707156,15.543153140379724,45.10672573499799
no_lstm,2,43.0,13.389739457426806,0.05879081984553438,13.378411910710255,44.507117915659414
no_lstm,3,43.0,11.509535320977706,0.04839950913953447,12.92205056325954,42.93580445876981
no_lstm,4,43.0,11.899006177813591,0.04946844291266068,12.61984845758676,45.56809024979855
no_lstm,5,43.0,12.32876712328767,0.05532718431816164,15.687169823166732,41.72710179962396
no_residual,1,43.0,11.894213988454828,0.055444650023371546,17.71468175865211,43.48234662370788
no_residual,2,43.0,13.886650550631211,0.05592153803170249,13.445481207112202,45.46065001343003
no_residual,3,43.0,11.348374966424927,0.05020434101094812,13.641307126018637,41.606231533709376
no_residual,4,43.0,12.463067418748322,0.051272693094958875,12.089953900174855,44.93687886113349
no_residual,5,43.0,11.200644641418213,0.04916983248626103,15.089930993306124,38.7590652699436
no_static,1,43.0,3.0473889112632566,0.01925615461971907,14.721050703617943,23.358840112766813
no_static,2,43.0,3.67982809562181,0.02420307254405717,11.490206190894549,24.926134837496644
no_static,3,43.0,2.1890948160085952,0.0161389894329136,11.923541371321463,21.837228041901692
no_static,4,43.0,1.9607843137254903,0.015807841880264278,13.467842505637352,17.64705882352941
no_static,5,43.0,3.65296803652968,0.01928891503683187,11.879232617579278,23.354821380607035
no_tcn,1,43.0,12.3103772318432,0.052115944989614055,15.587254585740334,44.44891931802926
no_tcn,2,43.0,14.195541230190706,0.06167615120917506,15.455778655279701,45.24576954069298
no_tcn,3,43.0,11.46924523233951,0.05057430948058165,13.578618215553865,43.929626645178615
no_tcn,4,43.0,12.503357507386516,0.050953477107870314,13.578850595161024,46.763362879398336
no_tcn,5,43.0,10.999194198227237,0.05051858577622372,17.051759071141742,39.96776792908944
no_temporal,1,43.0,8.618606524365687,0.041271840009429274,13.971860992756374,40.03221908981071
no_temporal,2,43.0,8.554928820843406,0.045659045519609566,12.83379210728316,39.95433789954338
no_temporal,3,43.0,6.782164920762825,0.03972350124739341,11.779066532769969,38.57104485629868
no_temporal,4,43.0,8.81009938221864,0.038629102296204816,9.0896226801648,40.11549825409616
no_temporal,5,43.0,6.822455009401021,0.03820996861444201,12.659262559581506,35.36126779478914
