task,variant,fold,seed,accuracy,macro_f1,bal_acc,top3
program,full,1,42,13.693113169552959,0.059099085204579224,16.468853146752572,45.10672573499799
program,full,1,43,10.551751913008458,0.054818774679960394,16.898675909953674,44.462343938783725
program,full,1,44,12.162706403544101,0.04719876751011594,12.13565084610185,44.824808699154254
program,full,2,42,11.966156325543917,0.05237848204699163,15.077035391453228,43.83561643835616
program,full,2,43,14.101531023368253,0.058284419160698965,12.527997364878196,48.50926672038678
program,full,2,44,13.21514907332796,0.052754014171331874,13.021033413070176,43.35213537469782
program,full,3,42,11.240934730056406,0.046579821039461386,12.97822566371697,42.546333601933924
program,full,3,43,11.522965350523771,0.06383832091234919,14.388383643798255,43.15068493150685
program,full,3,44,13.456889605157132,0.05321017527034477,13.761090006179897,44.92344883158743
program,full,4,42,10.878323932312652,0.043602070999907074,11.172180691142634,43.5535858178888
program,full,4,43,12.409347300564061,0.05004031332622459,11.759161017728035,44.60112812248187
program,full,4,44,13.698630136986301,0.05305161283983236,12.906088092108591,46.091861402095084
program,full,5,42,13.05398871877518,0.05768935696746706,17.585664772657964,42.18372280419017
program,full,5,43,9.91136180499597,0.04573004848669686,16.821216701023562,39.80660757453666
program,full,5,44,11.079774375503625,0.05347268479350541,17.10737272367053,37.55036261079774
program,no_static,1,42,3.624647603705195,0.025712091531078646,14.28520724869844,22.91582762786951
program,no_static,1,43,2.6580749093838096,0.01581927194656188,14.77963943950786,21.747885622231173
program,no_static,1,44,2.859444220700765,0.016237100381516684,15.098305422647526,25.412807088199756
program,no_static,2,42,3.5455278001611608,0.026379687752666258,11.584564835111816,21.635777598710717
program,no_static,2,43,3.908138597904915,0.023309195728355263,11.631570681515447,24.617244157937147
program,no_static,2,44,3.585817888799355,0.022920334151149996,11.254483056056381,28.52538275584206
program,no_static,3,42,2.09508460918614,0.017415365634087646,13.463339721853654,21.877518130539887
program,no_static,3,43,2.941176470588235,0.019121139198278375,11.151728448588361,23.56970185334408
program,no_static,3,44,1.5310233682514103,0.01188046346637478,11.155555943522376,20.064464141821112
program,no_static,4,42,2.538275584206285,0.020877085430155054,13.381386076674161,19.137792103142626
program,no_static,4,43,1.4907332796132151,0.012041973000671434,11.99143968585193,14.625302175664787
program,no_static,4,44,1.8533440773569703,0.014504467209966348,15.030701754385966,19.17808219178082
program,no_static,5,42,5.680902497985495,0.023622187043168884,10.76011848765847,30.539887187751813
program,no_static,5,43,2.054794520547945,0.015074937348284018,10.938690476190475,22.119258662369056
program,no_static,5,44,3.2232070910556,0.019169620719042713,13.93888888888889,17.40531829170024
program,no_temporal,1,42,9.625453080950464,0.04441067647693074,13.598229636379584,45.0261780104712
program,no_temporal,1,43,7.571486105517519,0.03530729887750877,10.89673654700044,37.05195328231977
program,no_temporal,1,44,8.658880386629079,0.04409754467384831,17.4206167948891,38.01852597664116
program,no_temporal,2,42,9.26672038678485,0.04682049295163898,13.572840259779056,41.45850120870266
program,no_temporal,2,43,9.186140209508462,0.04840045852336659,13.070430118042259,40.69298952457696
program,no_temporal,2,44,7.211925866236905,0.041756185083823144,11.858105944028162,37.711522965350525
program,no_temporal,3,42,5.72119258662369,0.03671652354314093,11.169803362324775,33.40048348106366
program,no_temporal,3,43,7.413376309427881,0.04229283069120088,11.436391310031166,41.216760676873484
program,no_temporal,3,44,7.211925866236905,0.040161149507838424,12.731004925953965,41.0958904109589
program,no_temporal,4,42,6.003223207091056,0.03188523209658152,9.181416816585934,37.55036261079774
program,no_temporal,4,43,6.52699435938759,0.03240243228254457,9.034875678046381,36.62369057211926
program,no_temporal,4,44,13.900080580177276,0.05159964250948835,9.05257554586208,46.17244157937147
program,no_temporal,5,42,8.420628525382757,0.04418119733674945,13.278373142765387,38.396454472199835
program,no_temporal,5,43,5.1168412570507655,0.031530735836163046,12.496553737862996,32.917002417405314
program,no_temporal,5,44,6.929895245769541,0.038917972670413525,12.202860798116138,34.770346494762286
program,no_tcn,1,42,10.99476439790576,0.05049536978731864,17.819803796815542,43.05275875956504
program,no_tcn,1,43,13.33064840918244,0.05214431537639105,12.8410647582729,46.274667740636325
program,no_tcn,1,44,12.605718888441404,0.05370814980513248,16.100895202132566,44.01933145388643
program,no_tcn,2,42,13.819500402900886,0.06079213202066003,16.68428690347307,46.97824335213537
program,no_tcn,2,43,15.149073327961322,0.06334070071202696,15.079611591267286,47.01853344077357
program,no_tcn,2,44,13.61804995970991,0.06089562089483819,14.60343747109875,41.740531829170024
program,no_tcn,3,42,9.387590652699435,0.046132463631654776,12.00246222477077,40.330378726833196
program,no_tcn,3,43,11.84528605962933,0.0520184086737235,15.037580298831957,44.19822723609992
program,no_tcn,3,44,13.174858984689767,0.05357205613636669,13.695812123058865,47.26027397260274
program,no_tcn,4,42,11.724415793714746,0.042680252968752594,12.30649776692782,46.494762288477034
program,no_tcn,4,43,12.087026591458502,0.04740886746379138,12.034313335440574,46.13215149073328
program,no_tcn,4,44,13.698630136986301,0.06277131089106697,16.395740683114678,47.66317485898469
program,no_tcn,5,42,13.21514907332796,0.05726658500300115,18.67769739029627,41.01531023368251
program,no_tcn,5,43,8.984689766317485,0.047185936893279774,16.59945413434084,37.912973408541504
program,no_tcn,5,44,10.797743755036262,0.04710323543239022,15.878125688788119,40.97502014504432
program,no_lstm,1,42,14.136125654450263,0.05435995502830752,14.848302239236006,48.167539267015705
program,no_lstm,1,43,12.20298026580749,0.052552456679234506,16.046479973688097,43.33467579540878
program,no_lstm,1,44,13.813934756343132,0.05059595990857946,15.734677208215075,43.81796214256947
program,no_lstm,2,42,12.570507655116842,0.05581146766056609,13.891565372956135,43.190975020145046
program,no_lstm,2,43,14.222401289282837,0.0628133937610332,13.789292675648902,46.011281224818696
program,no_lstm,2,44,13.376309427880742,0.05774759811500382,12.454377683525731,44.3190975020145
program,no_lstm,3,42,8.823529411764707,0.03701907835732495,11.470329464270083,37.75181305398872
program,no_lstm,3,43,12.812248186946013,0.057936456660500915,15.840710497795621,45.487510072522156
program,no_lstm,3,44,12.8928283642224,0.05024299240077753,11.455111727712923,45.56809024979855
program,no_lstm,4,42,10.193392425463337,0.042518543082522266,12.664937389974876,44.56083803384367
program,no_lstm,4,43,11.885576148267527,0.0512777873200407,12.33182414702387,45.04431909750202
program,no_lstm,4,44,13.61804995970991,0.05460899833541907,12.862783835761537,47.09911361804996
program,no_lstm,5,42,14.705882352941178,0.0594659799700917,16.32596681875022,46.011281224818696
program,no_lstm,5,43,11.36180499597099,0.051871166762457774,14.447564449063721,38.96051571313457
program,no_lstm,5,44,10.918614020950846,0.054644406221935435,16.28797820168625,40.20950846091861
program,no_residual,1,42,13.370922271445831,0.06707622007846273,19.221139102297695,44.824808699154254
program,no_residual,1,43,10.390656463954894,0.053332144174682496,20.66603025867793,43.415223519935566
program,no_residual,1,44,11.921063229963753,0.04592558581696941,13.256875914980695,42.20700765203383
program,no_residual,2,42,12.248186946011282,0.054654340777243494,14.276277333311546,44.19822723609992
program,no_residual,2,43,15.068493150684931,0.05693160010297288,13.702400953794564,48.348106365834006
program,no_residual,2,44,14.34327155519742,0.056178673214891076,12.357765334230496,43.83561643835616
program,no_residual,3,42,10.556003223207092,0.048900302740617595,14.749056607084423,40.20950846091861
program,no_residual,3,43,10.797743755036262,0.052039001651243665,11.268931415507733,41.90169218372281
program,no_residual,3,44,12.691377921031426,0.04967371864098308,14.905933355463755,42.7074939564867
program,no_residual,4,42,10.878323932312652,0.04390986553067714,11.977814609640099,42.949234488315874
program,no_residual,4,43,13.255439161966157,0.05392969569182565,11.497048335881347,44.84286865431104
program,no_residual,4,44,13.255439161966157,0.05597851806237383,12.794998755003117,47.01853344077357
program,no_residual,5,42,14.222401289282837,0.058393397265585935,16.005292422283485,42.82836422240129
program,no_residual,5,43,8.662369057211926,0.038910637857468885,13.841241158254508,36.180499597099114
program,no_residual,5,44,10.717163577759871,0.05020546233572827,15.42325939938038,37.26833199033038
program,no_causal,1,42,12.726540475231573,0.05827007393375776,17.519760494457646,42.85138944824809
program,no_causal,1,43,12.807088199758358,0.055119953699066644,18.102837405841438,42.93193717277487
program,no_causal,1,44,13.854208618606526,0.054482977099507265,15.230552030922695,46.476037051953284
program,no_causal,2,42,13.174858984689767,0.057821323652544096,14.844517266621018,45.64867042707494
program,no_causal,2,43,15.79371474617244,0.0578033368311884,11.467328396041108,51.08783239323127
program,no_causal,2,44,14.182111200644643,0.0641309909517764,20.055889887381472,42.7074939564867
program,no_causal,3,42,11.281224818694602,0.0478771823296911,15.168078821142922,41.41821112006446
program,no_causal,3,43,13.416599516518938,0.057886355067908714,13.517584519966979,45.688960515713134
program,no_causal,3,44,11.76470588235294,0.05294405423539513,15.532144789265804,44.480257856567285
program,no_causal,4,42,9.91136180499597,0.04116612854658393,12.886429305630056,41.57937147461725
program,no_causal,4,43,10.797743755036262,0.04571285881949967,13.600541322618042,41.70024174053183
program,no_causal,4,44,14.5044319097502,0.05485544364867671,11.742253731576275,48.952457695406935
program,no_causal,5,42,12.691377921031426,0.05545923883458685,20.355570861788067,41.70024174053183
program,no_causal,5,43,9.508460918614022,0.0463705472954539,17.101923305696843,38.31587429492345
program,no_causal,5,44,9.145850120870266,0.04424185813402251,14.820380116065135,34.00483481063659
program,no_bn,1,42,11.07531212243254,0.05316339335288343,17.605141954881613,40.03221908981071
program,no_bn,1,43,10.108739428111155,0.053690107833989996,20.04895517780439,35.72291582762787
program,no_bn,1,44,9.061619009262989,0.05035452834274719,18.263864081305893,38.3004430124849
program,no_bn,2,42,10.95890410958904,0.05118735598624937,16.96952969815521,38.920225624496375
program,no_bn,2,43,9.226430298146655,0.04627865229006223,15.43669083616079,38.195004029008864
program,no_bn,2,44,12.369057211925865,0.053100439413755515,16.380315790663953,37.308622078968575
program,no_bn,3,42,8.259468170829976,0.04203234664274248,16.907463390089177,32.554391619661565
program,no_bn,3,43,10.95890410958904,0.04690421994885255,11.072088838182808,37.389202256244964
program,no_bn,3,44,9.065269943593876,0.050490880687618825,16.851214764383577,30.298146655922643
program,no_bn,4,42,8.21917808219178,0.04057643399761679,12.144350861894178,35.41498791297341
program,no_bn,4,43,6.688154713940371,0.033336270033128626,11.832742522251047,28.726833199033035
program,no_bn,4,44,11.724415793714746,0.051528624760326054,14.130868193118818,39.726027397260275
program,no_bn,5,42,12.248186946011282,0.047691054824201475,16.370038510811924,40.048348106365836
program,no_bn,5,43,8.058017727639001,0.03856577469488267,16.581738478593785,29.8549556809025
program,no_bn,5,44,6.889605157131346,0.03812054709254188,16.190279510258073,25.906526994359385
program,no_dropout,1,42,20.338300443012486,0.07301688356489762,15.683661385431453,57.99436165928312
program,no_dropout,1,43,16.109544905356422,0.06225168389665819,13.994045760896437,51.26862666129682
program,no_dropout,1,44,21.465968586387437,0.06853858581755742,12.707880576654663,59.283125251711645
program,no_dropout,2,42,13.376309427880742,0.059821488980390844,13.86266334171282,42.22401289282837
program,no_dropout,2,43,17.365028203062046,0.05922443419312978,11.288253916420228,53.14262691377921
program,no_dropout,2,44,18.97663174858985,0.058254627125796536,9.332999098684287,54.109589041095894
program,no_dropout,3,42,11.643835616438356,0.04984466215977922,12.322748983334149,45.80983078162772
program,no_dropout,3,43,15.914585012087027,0.05678461322817045,11.364612097574552,51.651893634165994
program,no_dropout,3,44,19.057211925866238,0.07372725795567514,11.847840643644147,58.70265914585012
program,no_dropout,4,42,15.350523771152297,0.05102596416849349,11.924828764681013,52.49798549556809
program,no_dropout,4,43,17.08299758259468,0.05804480457705975,10.312364311207672,52.699435938759066
program,no_dropout,4,44,19.016921837228043,0.0530442697617373,6.541161994818983,56.97018533440773
program,no_dropout,5,42,17.687348912167607,0.07096501117368173,15.706389746740795,54.029008863819506
program,no_dropout,5,43,14.101531023368253,0.05799480199008122,16.999098889738,48.67042707493957
program,no_dropout,5,44,19.097502014504432,0.0706059261398286,14.947895636741073,53.38436744560838
program,linear_fusion,1,42,16.592831252517115,0.06180592710045838,15.091340821184948,48.53000402738623
program,linear_fusion,1,43,14.659685863874344,0.06278588324968044,17.4753783332628,47.76480064438179
program,linear_fusion,1,44,17.35803463552155,0.06337196897380756,14.512199233895135,51.42972211035038
program,linear_fusion,2,42,14.786462530217568,0.06411712498768701,14.254799673727202,47.5825946817083
program,linear_fusion,2,43,15.471394037066883,0.07043938205336571,18.182399731477158,48.227236099919416
program,linear_fusion,2,44,17.16357775987107,0.06125030588032229,12.026896159934493,50.60435132957293
program,linear_fusion,3,42,10.435132957292506,0.04822101045858309,14.772162982275225,39.40370668815471
program,linear_fusion,3,43,14.826752618855762,0.06627768412622373,14.173061697055351,46.33360193392426
program,linear_fusion,3,44,14.625302175664787,0.06617995053055355,17.221311436381615,49.79854955680902
program,linear_fusion,4,42,11.804995970991136,0.0446749384817153,10.49410504445575,45.004029008863824
program,linear_fusion,4,43,14.665592264302981,0.0529714814315016,9.652490216657265,48.06607574536664
program,linear_fusion,4,44,16.075745366639808,0.058716690724921874,11.663649964994146,51.651893634165994
program,linear_fusion,5,42,13.859790491539082,0.06343276760079902,16.763902690897257,44.43996776792909
program,linear_fusion,5,43,12.449637389202255,0.05540266263133348,17.22366566030564,43.83561643835616
program,linear_fusion,5,44,11.36180499597099,0.05412742610568522,15.98422479550016,42.7880741337631
program,no_cw,1,42,43.89850986709625,0.054690244041934344,6.100242196498967,81.67539267015707
program,no_cw,1,43,43.37494965767217,0.050218276936832076,5.807104677118167,81.67539267015707
program,no_cw,1,44,43.213854208618606,0.04957207510480836,5.757552754549872,81.47402335884011
program,no_cw,2,42,42.868654311039485,0.052677460335418744,6.052746959592197,81.5471394037067
program,no_cw,2,43,42.10314262691378,0.052958824060045186,6.0717859174725515,81.66800966962128
program,no_cw,2,44,43.11039484286866,0.04627211239414682,5.762764790922884,82.15149073327962
program,no_cw,3,42,43.593875906526996,0.06040096338303389,6.527477318125229,82.31265108783239
program,no_cw,3,43,42.98952457695407,0.051826841013219126,6.054278355280424,81.90975020145045
program,no_cw,3,44,42.546333601933924,0.05728689581989993,6.330933865096886,82.59468170829976
program,no_cw,4,42,41.86140209508461,0.052275528181839136,5.965679758484802,80.45930701047543
program,no_cw,4,43,42.02256244963739,0.0461052910229798,5.659321058232396,80.90249798549557
program,no_cw,4,44,41.86140209508461,0.04928657126224765,5.806798069487269,80.86220789685737
program,no_cw,5,42,43.15068493150685,0.04942841660904841,5.738953433010087,80.09669621273167
program,no_cw,5,43,42.546333601933924,0.048615082480637783,5.676533607561804,80.58017727639
program,no_cw,5,44,43.15068493150685,0.05468755701175539,6.028061853067105,80.33843674456084
program,f_no_family,1,42,9.021345146999597,0.041547618619320055,12.851955308767064,36.32702376157874
program,f_no_family,1,43,10.26983487716472,0.04907337164159443,17.11045976936574,37.535239629480465
program,f_no_family,1,44,9.061619009262989,0.04695813314300795,15.154526349117623,36.56866693515909
program,f_no_family,2,42,9.709911361804997,0.05005444339732845,16.504596688397307,34.85092667203868
program,f_no_family,2,43,9.347300564061241,0.05108930436498603,17.75631017012347,36.14020950846092
program,f_no_family,2,44,9.508460918614022,0.04507355333471935,12.883867696051984,35.81788879935536
program,f_no_family,3,42,8.78323932312651,0.041855232412725686,14.442449601791596,33.0781627719581
program,f_no_family,3,43,10.112812248186946,0.04222148343987993,11.209150696172161,38.75906526994359
program,f_no_family,3,44,8.38033843674456,0.04594370075289468,16.757363913731204,34.125705076551164
program,f_no_family,4,42,9.024979854955681,0.03814559611899469,15.698644779990293,35.979049153908136
program,f_no_family,4,43,7.574536663980661,0.037849313398693185,16.419410331330955,32.39323126510879
program,f_no_family,4,44,8.017727639000807,0.04380886146715025,18.195028807451155,32.917002417405314
program,f_no_family,5,42,9.468170829975826,0.035946142377300726,12.80499655270016,36.66398066075745
program,f_no_family,5,43,7.89685737308622,0.03957750136960283,15.922937204870122,30.82191780821918
program,f_no_family,5,44,8.420628525382757,0.04144468913447616,12.29059333803452,30.016116035455276
program,f_no_economic,1,42,8.054772452678211,0.040142318252488186,16.94680708706594,36.40757148610552
program,f_no_economic,1,43,8.37696335078534,0.040419501907326634,15.458848368379979,34.55497382198953
program,f_no_economic,1,44,8.01449859041482,0.039517916482914306,15.514990597569117,35.884011276681434
program,f_no_economic,2,42,9.830781627719581,0.04628397849584863,12.776093189478344,36.54311039484287
program,f_no_economic,2,43,12.127316680096696,0.04974706482829688,14.64270591449437,39.96776792908944
program,f_no_economic,2,44,11.885576148267527,0.04775941562904602,14.846010336492874,40.330378726833196
program,f_no_economic,3,42,8.904109589041095,0.043492259161636744,12.700602108416007,33.60193392425464
program,f_no_economic,3,43,9.75020145044319,0.03884229048266953,11.073564585036715,39.96776792908944
program,f_no_economic,3,44,10.918614020950846,0.045044421072342855,12.950822411713824,40.24979854955681
program,f_no_economic,4,42,6.688154713940371,0.036497291991082606,11.84738026177646,35.777598710717164
program,f_no_economic,4,43,7.81627719580983,0.03179762883076431,10.744311417817165,33.15874294923449
program,f_no_economic,4,44,9.75020145044319,0.044481556361926806,14.105481289314053,38.477034649476224
program,f_no_economic,5,42,10.112812248186946,0.03563280330713772,12.038770205868605,34.52860596293312
program,f_no_economic,5,43,8.138597904915391,0.037729624104737694,13.94726934466329,32.957292506043515
program,f_no_economic,5,44,8.581788879935536,0.043847324085444436,15.16117322777551,30.98307816277196
program,f_no_school,1,42,8.054772452678211,0.036458727739753345,12.471429904149165,41.92509061619009
program,f_no_school,1,43,8.175594039468386,0.04300529658627335,14.644256143073392,33.91059202577527
program,f_no_school,1,44,9.746274667740638,0.04217096930798658,11.260938051160233,42.85138944824809
program,f_no_school,2,42,7.534246575342466,0.0447424136528185,9.367234506293913,39.20225624496374
program,f_no_school,2,43,10.95890410958904,0.04813540785492506,9.432020568558878,47.13940370668816
program,f_no_school,2,44,12.489927477840451,0.0478103666775064,13.112113910927873,42.66720386784851
program,f_no_school,3,42,5.922643029814665,0.035319932086039015,13.705072693094172,32.71555197421434
program,f_no_school,3,43,10.354552780016116,0.043134977625602956,9.660793493557913,42.18372280419017
program,f_no_school,3,44,8.70265914585012,0.03874947934676748,8.979544363599645,38.31587429492345
program,f_no_school,4,42,6.970185334407736,0.03275521231147833,13.835573154604361,35.4552780016116
program,f_no_school,4,43,6.043513295729251,0.03237157766423454,10.322314940001672,34.568896051571315
program,f_no_school,4,44,8.38033843674456,0.04592982756113744,11.63606352130314,42.38517324738114
program,f_no_school,5,42,10.475423045930702,0.04096723744915717,13.85118721286187,41.539081385979046
program,f_no_school,5,43,8.944399677679291,0.04175162298398523,14.506277814351815,37.792103142626914
program,f_no_school,5,44,7.89685737308622,0.042804331506175054,13.310123502646883,36.583400483481064
program,f_no_engineered,1,42,12.686266612968183,0.05576867221337993,15.223549072908721,45.71083366894885
program,f_no_engineered,1,43,10.22956101490133,0.052613877948769504,19.10225042538312,42.40837696335078
program,f_no_engineered,1,44,13.048731373338704,0.051206910357081456,13.625611754225652,45.14699959726138
program,f_no_engineered,2,42,12.97340854149879,0.05528919947970566,14.934433062186933,48.025785656728445
program,f_no_engineered,2,43,14.625302175664787,0.05839959902087424,12.569767960311454,46.7767929089444
program,f_no_engineered,2,44,12.731668009669622,0.048561523897522656,9.40887670012691,43.5535858178888
program,f_no_engineered,3,42,11.120064464141821,0.0465017709674183,13.359174694524542,41.539081385979046
program,f_no_engineered,3,43,12.207896857373086,0.05993474110988092,14.755772991624594,43.51329572925061
program,f_no_engineered,3,44,13.336019339242547,0.05024638746824783,11.657614718943012,45.72925060435133
program,f_no_engineered,4,42,10.999194198227237,0.04924132478585535,12.566410681390092,41.9822723609992
program,f_no_engineered,4,43,12.691377921031426,0.05172628700726555,11.561216996578834,44.03706688154714
program,f_no_engineered,4,44,14.464141821112007,0.05107844011181274,12.388763596286363,48.025785656728445
program,f_no_engineered,5,42,13.61804995970991,0.052310878000224735,16.401156262654535,41.78082191780822
program,f_no_engineered,5,43,10.193392425463337,0.04802735878212651,17.719348122659035,39.88718775181305
program,f_no_engineered,5,44,11.68412570507655,0.050826325962498524,16.0834104718697,37.711522965350525
program,f_no_english,1,42,12.766814337494967,0.05651498792036208,15.313620233672562,44.744260974627466
program,f_no_english,1,43,11.07531212243254,0.056124398849219305,19.97824226459634,42.811115585984695
program,f_no_english,1,44,11.961337092227145,0.048674802893864735,15.588704515392603,44.422070076520335
program,f_no_english,2,42,11.84528605962933,0.05084169422240337,14.877705324138264,43.674456083803385
program,f_no_english,2,43,14.705882352941178,0.06040406498151078,14.964101377499617,47.38114423851732
program,f_no_english,2,44,13.376309427880742,0.05219353646654003,12.677426360151461,44.480257856567285
program,f_no_english,3,42,11.36180499597099,0.04755849386303992,13.035875487786216,41.57937147461725
program,f_no_english,3,43,11.603545527800161,0.05897511232689943,13.168753847328729,42.062852538275585
program,f_no_english,3,44,11.804995970991136,0.05130505176518857,13.925631202915586,43.875906526994356
program,f_no_english,4,42,10.233682514101531,0.0454228833098147,14.46445680336483,42.66720386784851
program,f_no_english,4,43,11.885576148267527,0.042524194705390775,11.389625474237928,43.11039484286866
program,f_no_english,4,44,13.698630136986301,0.05361165943378556,13.482290108001372,47.300564061240934
program,f_no_english,5,42,13.698630136986301,0.05720987612390651,17.564194389797553,42.949234488315874
program,f_no_english,5,43,9.105560032232072,0.0383117037255297,13.973430852849104,37.389202256244964
program,f_no_english,5,44,10.878323932312652,0.05209588878941999,16.64184943405109,34.891216760676876
track,full,1,42,36.08538058799839,0.34033675887260706,37.70492057178259,
track,full,1,43,32.460732984293195,0.3134104620406709,36.20363160981505,
track,full,1,44,35.964559001208215,0.33073754579122844,38.07221633604962,
track,full,2,42,37.9532634971797,0.33962210452910224,37.32138329655699,
track,full,2,43,37.26833199033038,0.33089605162769237,36.265863404447764,
track,full,2,44,37.46978243352135,0.3393353667108956,35.82874337191056,
track,full,3,42,36.583400483481064,0.33856188675629295,38.11326328625657,
track,full,3,43,37.308622078968575,0.3422624206537605,37.34884855659283,
track,full,3,44,35.73730862207897,0.33462233196378416,37.3981933902296,
track,full,4,42,33.68251410153103,0.31234058371064355,37.19824845055879,
track,full,4,43,33.0781627719581,0.3132205247948851,35.668044690526024,
track,full,4,44,33.239323126510875,0.318591071971005,37.0099866329738,
track,full,5,42,35.33440773569702,0.3277717838313306,36.483774531127764,
track,full,5,43,32.87671232876712,0.31330725157979555,36.38942562206226,
track,full,5,44,35.979049153908136,0.3283959157019598,36.67605071606662,
track,no_static,1,42,31.25251711639146,0.2727256662530328,34.034636938974785,
track,no_static,1,43,30.04430124848973,0.2681027410577614,33.826113683287595,
track,no_static,1,44,31.494160289971806,0.27469665196543464,32.99038221056566,
track,no_static,2,42,33.40048348106366,0.30282498433414623,35.52402034283448,
track,no_static,2,43,34.125705076551164,0.2986650340563509,36.06551198038864,
track,no_static,2,44,32.151490733279616,0.2875866479934648,36.62200907622063,
track,no_static,3,42,30.177276390008057,0.27414514976861243,34.03834182530213,
track,no_static,3,43,27.15551974214343,0.23962993100990773,33.85403002269476,
track,no_static,3,44,28.08219178082192,0.23656447820162754,33.698967071692884,
track,no_static,4,42,31.22481869460113,0.27520744503167605,36.12759114438989,
track,no_static,4,43,32.79613215149073,0.29258597458075464,34.39891845735021,
track,no_static,4,44,30.98307816277196,0.2890632600910057,36.7088701672968,
track,no_static,5,42,32.31265108783239,0.28339803184036033,36.05991026706009,
track,no_static,5,43,28.565672844480254,0.2649484164657835,35.98258181781881,
track,no_static,5,44,29.69379532634972,0.2727210675142341,36.302078789411496,
track,no_temporal,1,42,30.72895690696738,0.2917193820130569,33.41848543022192,
track,no_temporal,1,43,29.601288763592425,0.28705430998134807,33.746159692485236,
track,no_temporal,1,44,29.84293193717277,0.27604696304591875,32.68399897009234,
track,no_temporal,2,42,34.367445608380336,0.30917465134151584,34.711505609531294,
track,no_temporal,2,43,34.24657534246575,0.3074098623845027,34.872108478592324,
track,no_temporal,2,44,32.75584206285254,0.2967442775481557,33.99707218281538,
track,no_temporal,3,42,33.037872683319904,0.30469743018643597,34.13983011922759,
track,no_temporal,3,43,34.770346494762286,0.31143149321840846,35.54609799779813,
track,no_temporal,3,44,31.466559226430295,0.30014088459256016,34.20787092504474,
track,no_temporal,4,42,29.975825946817082,0.28257778474487205,33.247465468340195,
track,no_temporal,4,43,32.67526188557615,0.29513225917521646,32.513621112342506,
track,no_temporal,4,44,31.4262691377921,0.2952630777281313,34.484748646321464,
track,no_temporal,5,42,32.87671232876712,0.29647099670159327,32.36735282533371,
track,no_temporal,5,43,29.61321514907333,0.2797197112245257,33.7129989642127,
track,no_temporal,5,44,34.045124899274775,0.2989280335380251,33.44671874139743,
track,no_tcn,1,42,37.13250100684656,0.3472789190986582,38.2867646662055,
track,no_tcn,1,43,35.1590817559404,0.33610258730684045,38.24426026183754,
track,no_tcn,1,44,35.884011276681434,0.336480864296455,37.8929205256818,
track,no_tcn,2,42,36.05962933118453,0.32741187893685647,36.0141354978263,
track,no_tcn,2,43,38.195004029008864,0.3395770751360706,37.31042665116698,
track,no_tcn,2,44,37.8726833199033,0.34469411912371284,37.14149194107286,
track,no_tcn,3,42,37.34891216760677,0.3422040520786078,37.225450906278745,
track,no_tcn,3,43,35.81788879935536,0.33146175764639796,37.895018945583544,
track,no_tcn,3,44,36.180499597099114,0.33853848169433187,37.7132552286876,
track,no_tcn,4,42,33.52135374697824,0.31704245877409576,36.85345846141602,
track,no_tcn,4,43,32.957292506043515,0.3100713800116499,35.29210632991909,
track,no_tcn,4,44,34.125705076551164,0.32502312728802624,37.00721103004428,
track,no_tcn,5,42,36.3013698630137,0.3395165792162126,37.76860424031475,
track,no_tcn,5,43,33.19903303787268,0.31612045227036284,36.28579508775454,
track,no_tcn,5,44,36.502820306204676,0.3343176959057964,36.631204741025954,
track,no_lstm,1,42,36.32702376157874,0.3426853146984592,37.720474716451676,
track,no_lstm,1,43,33.87031816351188,0.3216481297848975,37.16922130601873,
track,no_lstm,1,44,36.32702376157874,0.33001092257984277,37.0325450356741,
track,no_lstm,2,42,37.26833199033038,0.34492362567713325,38.41710398651568,
track,no_lstm,2,43,36.502820306204676,0.333926045921594,38.13914030353893,
track,no_lstm,2,44,38.718775181305396,0.34981037283131783,37.801019468700645,
track,no_lstm,3,42,34.367445608380336,0.31926090831892173,36.66326520229265,
track,no_lstm,3,43,36.38195004029009,0.33511987092715445,36.699337433355595,
track,no_lstm,3,44,35.89846897663175,0.33473180018563853,37.187125231401644,
track,no_lstm,4,42,31.990330378726835,0.30690320954733186,36.32365056938562,
track,no_lstm,4,43,35.69701853344077,0.3307427896241856,36.935174897278564,
track,no_lstm,4,44,34.6897663174859,0.326583352014498,36.19837919148704,
track,no_lstm,5,42,37.22804190169218,0.3425220027956098,37.16824570786563,
track,no_lstm,5,43,34.48831587429492,0.326373525914293,37.09479533520606,
track,no_lstm,5,44,34.125705076551164,0.3187582002945929,36.31750283903732,
track,no_residual,1,42,35.32017720499396,0.33613814689432514,38.06679420969954,
track,no_residual,1,43,34.27305678614579,0.3275875638151853,37.62318126010133,
track,no_residual,1,44,36.44784534836891,0.3312980618165595,37.676959802611854,
track,no_residual,2,42,36.94601128122482,0.3291526681461327,36.39428861288923,
track,no_residual,2,43,36.78485092667204,0.3291301972805588,36.06809252160294,
track,no_residual,2,44,37.187751813053985,0.33783870966661234,36.0588881907959,
track,no_residual,3,42,36.14020950846092,0.33451034086439013,37.29725068994679,
track,no_residual,3,43,37.187751813053985,0.3432903267075148,38.41305184709354,
track,no_residual,3,44,36.74456083803385,0.3443172732670428,38.4183962447294,
track,no_residual,4,42,32.59468170829976,0.30305132618638375,36.43879974379779,
track,no_residual,4,43,34.891216760676876,0.32486445461654034,36.80416903934803,
track,no_residual,4,44,34.52860596293312,0.328513363761519,37.656421052166145,
track,no_residual,5,42,36.986301369863014,0.33919335321570115,37.468438662575956,
track,no_residual,5,43,33.037872683319904,0.31449548182200265,36.429371799843786,
track,no_residual,5,44,35.33440773569702,0.32168887594442114,36.4731618708061,
track,no_causal,1,42,36.12565445026178,0.33907496749564525,37.39444931437556,
track,no_causal,1,43,35.118807893677,0.32855393889300594,36.62624635153211,
track,no_causal,1,44,38.26016915022151,0.35021422816429093,38.73154253973381,
track,no_causal,2,42,36.38195004029009,0.33474018223188273,36.48168833790129,
track,no_causal,2,43,36.986301369863014,0.33172574277733635,36.07433918922063,
track,no_causal,2,44,37.26833199033038,0.34310367118108404,37.043431754327926,
track,no_causal,3,42,36.05962933118453,0.3260542034686844,36.16371121525331,
track,no_causal,3,43,37.34891216760677,0.3418730320139258,37.82096706638403,
track,no_causal,3,44,35.89846897663175,0.3346119601524635,37.335467167094414,
track,no_causal,4,42,32.99758259468171,0.3095816045127544,36.62206899499482,
track,no_causal,4,43,32.917002417405314,0.3093490724659376,35.18984494744412,
track,no_causal,4,44,37.0668815471394,0.3459483896553045,38.25243816368622,
track,no_causal,5,42,35.294117647058826,0.322574385378284,36.07029067688578,
track,no_causal,5,43,34.16599516518936,0.324046442977685,37.3949417793156,
track,no_causal,5,44,36.42224012892829,0.32409816961723314,35.92618813031317,
track,no_bn,1,42,38.21989528795812,0.35458982691467905,38.929161711696295,
track,no_bn,1,43,35.642368103101084,0.3361984630821778,37.5801082911581,
track,no_bn,1,44,37.29359645590012,0.33896346347413564,38.00532176393937,
track,no_bn,2,42,35.61643835616438,0.32602878967503635,37.66821625605646,
track,no_bn,2,43,35.85817888799355,0.33361695689461907,37.91861702719629,
track,no_bn,2,44,38.517324738114425,0.34151287089488325,37.6694997607261,
track,no_bn,3,42,38.517324738114425,0.3499309801887058,37.738318368343705,
track,no_bn,3,43,36.38195004029009,0.3347379606697264,37.52379861378002,
track,no_bn,3,44,35.979049153908136,0.3377050809852505,37.81878563982469,
track,no_bn,4,42,33.27961321514907,0.3018076276158226,36.96784295602357,
track,no_bn,4,43,32.957292506043515,0.30657446450303183,35.38579666086485,
track,no_bn,4,44,34.16599516518936,0.3241640481801162,36.80277121024489,
track,no_bn,5,42,37.67123287671233,0.3420008791572811,38.765917137621166,
track,no_bn,5,43,33.763094278807415,0.319315578103441,37.04541718571993,
track,no_bn,5,44,36.54311039484287,0.33389561570705223,37.949318570540925,
track,no_dropout,1,42,34.2327829238824,0.3186918521937003,34.33449663606359,
track,no_dropout,1,43,32.823197744663716,0.30316939024448036,32.52523087839414,
track,no_dropout,1,44,36.97140555779299,0.32598249961036313,34.89640443427119,
track,no_dropout,2,42,35.73730862207897,0.31844915882360664,34.08103266164647,
track,no_dropout,2,43,33.60193392425464,0.31280562600477574,34.66311334804387,
track,no_dropout,2,44,36.865431103948424,0.31933646330409904,32.57910721494283,
track,no_dropout,3,42,36.2610797743755,0.32030264068486936,33.635298427938224,
track,no_dropout,3,43,36.2610797743755,0.318092052198772,33.45775390622243,
track,no_dropout,3,44,34.770346494762286,0.31169053356034915,32.41559495047916,
track,no_dropout,4,42,36.502820306204676,0.32597635547411646,34.32857761397372,
track,no_dropout,4,43,37.187751813053985,0.3275934496007966,33.31706243728778,
track,no_dropout,4,44,34.20628525382756,0.31736806857014505,34.25114205852625,
track,no_dropout,5,42,35.41498791297341,0.3117625499117817,31.92739173390915,
track,no_dropout,5,43,36.94601128122482,0.3200069128865326,32.75158453676047,
track,no_dropout,5,44,35.25382755842063,0.31408785083482027,33.67705542067061,
track,linear_fusion,1,42,34.55497382198953,0.32806470074306693,36.63466993930461,
track,linear_fusion,1,43,35.03826016915022,0.33136941809186243,37.334236102198766,
track,linear_fusion,1,44,37.3741441804269,0.3389492972220063,36.96150094833196,
track,linear_fusion,2,42,36.865431103948424,0.3408200875335858,38.08999126877895,
track,linear_fusion,2,43,38.03384367445609,0.3409035513248049,37.366714824965825,
track,linear_fusion,2,44,37.22804190169218,0.33397999089552444,36.02313937983037,
track,linear_fusion,3,42,35.93875906526994,0.33672099052125637,37.895780677891665,
track,linear_fusion,3,43,37.26833199033038,0.34087688125691695,36.91886339307426,
track,linear_fusion,3,44,34.448025785656725,0.32708683006088274,37.05359036772956,
track,linear_fusion,4,42,32.2723609991942,0.3077497923584731,36.48971573566492,
track,linear_fusion,4,43,34.48831587429492,0.3236858840595941,35.74519927470433,
track,linear_fusion,4,44,36.38195004029009,0.3401598464134278,37.33301847601583,
track,linear_fusion,5,42,37.14746172441579,0.3481800694997204,38.70176623817421,
track,linear_fusion,5,43,32.51410153102337,0.31301359237408116,37.088548167436954,
track,linear_fusion,5,44,35.81788879935536,0.3301842672987141,36.592688215922934,
track,no_cw,1,42,43.57631896898913,0.32863594410355645,32.98913626205474,
track,no_cw,1,43,42.811115585984695,0.3093562763405019,31.39113985025682,
track,no_cw,1,44,43.65686669351591,0.29666891884280217,31.021637689168653,
track,no_cw,2,42,43.956486704270745,0.30327592411585136,32.03853068624565,
track,no_cw,2,43,42.66720386784851,0.3067026070403974,31.962747633313,
track,no_cw,2,44,43.07010475423046,0.2836369568245292,29.969332597806364,
track,no_cw,3,42,43.07010475423046,0.31700528558859176,32.25140882635554,
track,no_cw,3,43,44.883158742949234,0.3199369216265804,32.964048137399104,
track,no_cw,3,44,43.63416599516519,0.3338251746787167,33.399048722848725,
track,no_cw,4,42,43.39242546333602,0.31422010164398456,32.16796353508521,
track,no_cw,4,43,43.5535858178888,0.314285310244526,32.22277894916034,
track,no_cw,4,44,42.868654311039485,0.3047124841633857,31.252943309259628,
track,no_cw,5,42,43.75503626107977,0.31320103250802683,31.74309238169972,
track,no_cw,5,43,42.143432715551974,0.3102434068564407,31.783921504626257,
track,no_cw,5,44,44.3190975020145,0.29796272146672015,32.04518954847055,
track,f_no_family,1,42,33.10511478050745,0.32019647769688586,38.92668063572303,
track,f_no_family,1,43,34.152235199355616,0.32807414833257237,38.690195677388616,
track,f_no_family,1,44,35.5618203785743,0.32906444610464974,38.8275760585408,
track,f_no_family,2,42,35.777598710717164,0.33081966720265665,37.581630340537856,
track,f_no_family,2,43,36.62369057211926,0.3398538120092379,39.04899120504003,
track,f_no_family,2,44,34.891216760676876,0.322371883891298,39.25314078613365,
track,f_no_family,3,42,34.60918614020951,0.3231753871838215,39.722281483458964,
track,f_no_family,3,43,33.31990330378727,0.3199197251433886,39.27076964936076,
track,f_no_family,3,44,33.80338436744561,0.32398145089150365,39.11987780040154,
track,f_no_family,4,42,29.89524576954069,0.28822805624540576,37.36172652561438,
track,f_no_family,4,43,33.72280419016922,0.31408002464606,36.256266234378074,
track,f_no_family,4,44,34.28686543110395,0.3243483398354886,36.99679791976773,
track,f_no_family,5,42,35.576148267526186,0.3239089633524107,38.97362319546431,
track,f_no_family,5,43,33.0781627719581,0.31908694846596175,38.592577044243,
track,f_no_family,5,44,35.4955680902498,0.33214113018529695,39.49223598162929,
track,f_no_economic,1,42,33.26621022956102,0.32158754479792695,37.46308553561533,
track,f_no_economic,1,43,33.54812726540475,0.3252459415123805,39.04273255831631,
track,f_no_economic,1,44,34.79661699556987,0.32714606849851174,37.98085548786031,
track,f_no_economic,2,42,35.25382755842063,0.33806477516657646,38.90526106654445,
track,f_no_economic,2,43,35.979049153908136,0.33711443419941267,38.28064666174967,
track,f_no_economic,2,44,35.93875906526994,0.3419763658129002,39.48325348262406,
track,f_no_economic,3,42,33.68251410153103,0.31143824943637016,36.970254685435016,
track,f_no_economic,3,43,33.40048348106366,0.3177369619129701,38.037558557338386,
track,f_no_economic,3,44,32.79613215149073,0.3111528395429739,37.35932805204691,
track,f_no_economic,4,42,31.14423851732474,0.2944315554316037,36.126919647928304,
track,f_no_economic,4,43,34.73005640612409,0.3249026255817453,37.070830934332704,
track,f_no_economic,4,44,33.843674456083804,0.3238433053683931,37.340023399928434,
track,f_no_economic,5,42,34.045124899274775,0.32199945104148486,38.78797299390325,
track,f_no_economic,5,43,29.69379532634972,0.28605634736412516,36.648326616647985,
track,f_no_economic,5,44,34.971796937953265,0.32309516324874754,38.42208408027594,
track,f_no_school,1,42,32.05799436165928,0.29529014811086046,32.811672412619664,
track,f_no_school,1,43,30.970600080547722,0.2912145348051732,33.16104438520764,
track,f_no_school,1,44,33.50785340314136,0.30028146738112893,33.86714216030381,
track,f_no_school,2,42,33.72280419016922,0.3116058478399097,33.60884686166731,
track,f_no_school,2,43,35.41498791297341,0.31115012628004846,33.365354302428045,
track,f_no_school,2,44,35.01208702659146,0.3157523756733016,32.99953270768013,
track,f_no_school,3,42,32.957292506043515,0.29915165693417034,32.509022739229636,
track,f_no_school,3,43,32.79613215149073,0.29482983610906316,31.135877944583516,
track,f_no_school,3,44,31.345688960515712,0.2925583658143397,32.27023145020589,
track,f_no_school,4,42,31.748589846897662,0.2924933542130173,33.42541025411035,
track,f_no_school,4,43,32.79613215149073,0.3051970048050023,33.649813127984146,
track,f_no_school,4,44,32.957292506043515,0.301943603964701,33.653594942575054,
track,f_no_school,5,42,33.239323126510875,0.3032593666554909,33.032881860351424,
track,f_no_school,5,43,31.990330378726835,0.3001527862002779,33.4641470575957,
track,f_no_school,5,44,31.26510878323932,0.2912997151508015,32.08215738400785,
track,f_no_engineered,1,42,35.19935561820379,0.3336374799277437,37.46344681627204,
track,f_no_engineered,1,43,33.42730567861458,0.3233731477258728,37.9109734259824,
track,f_no_engineered,1,44,36.4881192106323,0.33507569213957095,38.201112757729405,
track,f_no_engineered,2,42,37.22804190169218,0.3332288819620497,36.330477475371985,
track,f_no_engineered,2,43,38.07413376309428,0.3366389352652988,36.506590023138244,
track,f_no_engineered,2,44,38.6784850926672,0.34730706500226893,36.66720743580327,
track,f_no_engineered,3,42,36.54311039484287,0.3350953831269929,37.520689347540944,
track,f_no_engineered,3,43,36.90572119258662,0.3407150580794572,37.88353314145164,
track,f_no_engineered,3,44,36.38195004029009,0.33980399990536975,37.93578855923588,
track,f_no_engineered,4,42,32.232070910556004,0.30161862275935036,36.5070537198222,
track,f_no_engineered,4,43,33.68251410153103,0.3183138718761532,36.12802657024132,
track,f_no_engineered,4,44,33.80338436744561,0.3215573127462616,37.08377916845243,
track,f_no_engineered,5,42,36.986301369863014,0.3427398381602459,37.770067168870234,
track,f_no_engineered,5,43,33.964544721998394,0.3238693058675462,37.668934216011266,
track,f_no_engineered,5,44,35.4955680902498,0.3206880867731612,36.40990926878378,
track,f_no_english,1,42,35.5618203785743,0.3336121362863481,37.88260067759311,
track,f_no_english,1,43,34.393878372935966,0.32868120890145486,37.595266420466864,
track,f_no_english,1,44,37.17277486910995,0.3344008908809152,37.66227954474983,
track,f_no_english,2,42,37.55036261079774,0.3421659688417671,37.25011457830631,
track,f_no_english,2,43,36.986301369863014,0.3268094257339884,35.936672089533964,
track,f_no_english,2,44,37.42949234488316,0.33045888375934124,35.01137082193873,
track,f_no_english,3,42,35.979049153908136,0.32963211072858195,36.89632166051292,
track,f_no_english,3,43,36.2610797743755,0.3317314081838696,37.36856131560873,
track,f_no_english,3,44,36.2610797743755,0.3352879147423529,37.47487456020441,
track,f_no_english,4,42,31.26510878323932,0.29315311674236666,35.59078886931087,
track,f_no_english,4,43,34.568896051571315,0.31850241613419966,35.83796949745056,
track,f_no_english,4,44,33.56164383561644,0.3163749402423817,36.3628586223004,
track,f_no_english,5,42,36.2610797743755,0.33350651329118525,37.11741998210363,
track,f_no_english,5,43,33.40048348106366,0.3167614353677431,36.20388167642658,
track,f_no_english,5,44,34.971796937953265,0.31640276244821364,36.19622504838615,
