task,model,fold,trial,cfg,inner_accuracy,inner_macro_f1,inner_bal_acc,inner_top3
program,hgb,1,0,"{""learning_rate"": 0.1, ""max_iter"": 100, ""max_leaf_nodes"": 31, ""l2_regularization"": 0.0, ""min_samples_leaf"": 20, ""cw_power"": 1.0}",58.14075630252101,0.4515399485367284,46.42283489839451,92.27941176470588
program,hgb,1,1,"{""learning_rate"": 0.040932078360990956, ""max_iter"": 300, ""max_leaf_nodes"": 63, ""l2_regularization"": 1.251771389206452, ""min_samples_leaf"": 20, ""cw_power"": 0.5}",60.13655462184874,0.44537655648176383,43.5460206604708,93.11974789915966
program,hgb,1,2,"{""learning_rate"": 0.0687968181623602, ""max_iter"": 300, ""max_leaf_nodes"": 31, ""l2_regularization"": 0.0011341006149565, ""min_samples_leaf"": 20, ""cw_power"": 0.0}",60.66176470588235,0.4389896895818846,42.28767344518028,92.90966386554622
program,hgb,1,3,"{""learning_rate"": 0.032306849993093016, ""max_iter"": 300, ""max_leaf_nodes"": 31, ""l2_regularization"": 0.01600966720955339, ""min_samples_leaf"": 10, ""cw_power"": 0.0}",61.39705882352941,0.44731786758134134,42.61797277842258,92.5420168067227
program,hgb,1,4,"{""learning_rate"": 0.03141604783643677, ""max_iter"": 300, ""max_leaf_nodes"": 31, ""l2_regularization"": 0.028278197833524706, ""min_samples_leaf"": 50, ""cw_power"": 0.0}",61.50210084033614,0.4482570665267502,43.24776788929278,93.22478991596638
program,hgb,1,5,"{""learning_rate"": 0.23228802625773334, ""max_iter"": 300, ""max_leaf_nodes"": 63, ""l2_regularization"": 2.140926852899865, ""min_samples_leaf"": 20, ""cw_power"": 0.0}",60.871848739495796,0.43168254661946115,42.068363255851146,92.75210084033614
program,hgb,1,6,"{""learning_rate"": 0.07958849783451397, ""max_iter"": 200, ""max_leaf_nodes"": 15, ""l2_regularization"": 0.03144204896386074, ""min_samples_leaf"": 10, ""cw_power"": 1.0}",57.720588235294116,0.4600530133456164,48.83822438071259,91.64915966386555
program,hgb,1,7,"{""learning_rate"": 0.08340144229843252, ""max_iter"": 300, ""max_leaf_nodes"": 31, ""l2_regularization"": 0.2189790971989986, ""min_samples_leaf"": 20, ""cw_power"": 0.0}",60.71428571428571,0.43219441276597004,41.72796493268303,93.32983193277312
program,hgb,2,0,"{""learning_rate"": 0.1, ""max_iter"": 100, ""max_leaf_nodes"": 31, ""l2_regularization"": 0.0, ""min_samples_leaf"": 20, ""cw_power"": 1.0}",59.19117647058824,0.47279217786267763,49.325958059919415,93.4873949579832
program,hgb,2,1,"{""learning_rate"": 0.11612138247011618, ""max_iter"": 300, ""max_leaf_nodes"": 31, ""l2_regularization"": 0.016965773639309203, ""min_samples_leaf"": 50, ""cw_power"": 1.0}",60.08403361344538,0.45016196263658115,44.639976494555526,94.06512605042016
program,hgb,2,2,"{""learning_rate"": 0.05124307415004227, ""max_iter"": 200, ""max_leaf_nodes"": 63, ""l2_regularization"": 5.4437068721001545, ""min_samples_leaf"": 10, ""cw_power"": 1.0}",60.45168067226891,0.49317688747878413,51.16056610015224,93.96008403361344
program,hgb,2,3,"{""learning_rate"": 0.1625084513087502, ""max_iter"": 200, ""max_leaf_nodes"": 31, ""l2_regularization"": 0.14391193004905573, ""min_samples_leaf"": 10, ""cw_power"": 0.5}",61.86974789915966,0.46510283536590125,45.01599448656887,93.85504201680672
program,hgb,2,4,"{""learning_rate"": 0.13531410275054037, ""max_iter"": 300, ""max_leaf_nodes"": 31, ""l2_regularization"": 9.007677111880936, ""min_samples_leaf"": 50, ""cw_power"": 1.0}",60.24159663865546,0.46968406705614135,47.450673000713635,93.38235294117648
program,hgb,2,5,"{""learning_rate"": 0.0935953806236703, ""max_iter"": 300, ""max_leaf_nodes"": 15, ""l2_regularization"": 0.08672566694493344, ""min_samples_leaf"": 10, ""cw_power"": 1.0}",59.76890756302521,0.4863964206022866,49.849438407514604,93.64495798319328
program,hgb,2,6,"{""learning_rate"": 0.06389727987328515, ""max_iter"": 300, ""max_leaf_nodes"": 15, ""l2_regularization"": 0.04617201476265939, ""min_samples_leaf"": 10, ""cw_power"": 1.0}",58.61344537815126,0.4748317712984351,50.32714688845553,93.80252100840336
program,hgb,2,7,"{""learning_rate"": 0.10036063022690846, ""max_iter"": 200, ""max_leaf_nodes"": 31, ""l2_regularization"": 9.293275439732081, ""min_samples_leaf"": 20, ""cw_power"": 1.0}",59.82142857142857,0.4823387272855944,50.34998984881517,93.69747899159664
program,hgb,3,0,"{""learning_rate"": 0.1, ""max_iter"": 100, ""max_leaf_nodes"": 31, ""l2_regularization"": 0.0, ""min_samples_leaf"": 20, ""cw_power"": 1.0}",59.08613445378151,0.47137317880115076,49.26157001614342,92.12184873949579
program,hgb,3,1,"{""learning_rate"": 0.1315477743075535, ""max_iter"": 100, ""max_leaf_nodes"": 31, ""l2_regularization"": 0.007924411170803971, ""min_samples_leaf"": 20, ""cw_power"": 1.0}",58.77100840336135,0.46403668882834787,47.40513880122432,92.64705882352942
program,hgb,3,2,"{""learning_rate"": 0.06153497269258438, ""max_iter"": 300, ""max_leaf_nodes"": 31, ""l2_regularization"": 0.039445867348475515, ""min_samples_leaf"": 50, ""cw_power"": 0.0}",61.5546218487395,0.44427266610818766,42.625899328752155,92.90966386554622
program,hgb,3,3,"{""learning_rate"": 0.14347133579924948, ""max_iter"": 200, ""max_leaf_nodes"": 63, ""l2_regularization"": 0.3271527377204789, ""min_samples_leaf"": 50, ""cw_power"": 1.0}",60.60924369747899,0.4549465762737259,45.364843360568834,92.3844537815126
program,hgb,3,4,"{""learning_rate"": 0.1684771457533296, ""max_iter"": 300, ""max_leaf_nodes"": 63, ""l2_regularization"": 0.008561078866987966, ""min_samples_leaf"": 10, ""cw_power"": 1.0}",60.29411764705882,0.4476282701161258,44.04384024696942,92.01680672268907
program,hgb,3,5,"{""learning_rate"": 0.1468354128066526, ""max_iter"": 200, ""max_leaf_nodes"": 63, ""l2_regularization"": 0.03112088196143598, ""min_samples_leaf"": 50, ""cw_power"": 0.5}",61.76470588235294,0.46151868584111994,44.76575762052761,92.33193277310924
program,hgb,3,6,"{""learning_rate"": 0.16537267683453621, ""max_iter"": 300, ""max_leaf_nodes"": 31, ""l2_regularization"": 0.7180655584759071, ""min_samples_leaf"": 10, ""cw_power"": 0.0}",61.86974789915966,0.4582670047470792,44.04015282039886,92.64705882352942
program,hgb,3,7,"{""learning_rate"": 0.07887668385362219, ""max_iter"": 100, ""max_leaf_nodes"": 15, ""l2_regularization"": 1.2341109602685865, ""min_samples_leaf"": 20, ""cw_power"": 0.0}",61.39705882352941,0.4492686169181883,43.159456549336056,93.32983193277312
program,hgb,4,0,"{""learning_rate"": 0.1, ""max_iter"": 100, ""max_leaf_nodes"": 31, ""l2_regularization"": 0.0, ""min_samples_leaf"": 20, ""cw_power"": 1.0}",57.03781512605042,0.46324754429437665,48.67429907965284,92.96218487394958
program,hgb,4,1,"{""learning_rate"": 0.04629307373120376, ""max_iter"": 100, ""max_leaf_nodes"": 15, ""l2_regularization"": 0.48192253059073764, ""min_samples_leaf"": 50, ""cw_power"": 0.5}",59.19117647058824,0.4915859424364193,52.82900671498425,92.64705882352942
program,hgb,4,2,"{""learning_rate"": 0.06922111437304947, ""max_iter"": 300, ""max_leaf_nodes"": 63, ""l2_regularization"": 1.2267225910942863, ""min_samples_leaf"": 20, ""cw_power"": 0.5}",60.76680672268907,0.46706506205885095,45.03405508243275,93.59243697478992
program,hgb,4,3,"{""learning_rate"": 0.26202246862614, ""max_iter"": 300, ""max_leaf_nodes"": 63, ""l2_regularization"": 0.015739349900967967, ""min_samples_leaf"": 20, ""cw_power"": 1.0}",60.39915966386554,0.46512435745102326,45.87376623437379,93.27731092436974
program,hgb,4,4,"{""learning_rate"": 0.14586679252915855, ""max_iter"": 300, ""max_leaf_nodes"": 63, ""l2_regularization"": 0.005317832769659873, ""min_samples_leaf"": 50, ""cw_power"": 0.5}",60.34663865546218,0.4564511233659581,44.04002571200053,93.59243697478992
program,hgb,4,5,"{""learning_rate"": 0.2741950014073737, ""max_iter"": 100, ""max_leaf_nodes"": 31, ""l2_regularization"": 0.011318024119912843, ""min_samples_leaf"": 20, ""cw_power"": 0.0}",60.924369747899156,0.44416571183077896,42.74320010202399,94.0126050420168
program,hgb,4,6,"{""learning_rate"": 0.04046915329612495, ""max_iter"": 200, ""max_leaf_nodes"": 15, ""l2_regularization"": 6.995759278642674, ""min_samples_leaf"": 50, ""cw_power"": 0.0}",63.07773109243697,0.47725958090182546,45.76810469169163,93.64495798319328
program,hgb,4,7,"{""learning_rate"": 0.08834565620887984, ""max_iter"": 100, ""max_leaf_nodes"": 31, ""l2_regularization"": 1.0280471270965479, ""min_samples_leaf"": 20, ""cw_power"": 0.5}",60.08403361344538,0.4783280639255136,48.37876194402194,93.75
program,hgb,5,0,"{""learning_rate"": 0.1, ""max_iter"": 100, ""max_leaf_nodes"": 31, ""l2_regularization"": 0.0, ""min_samples_leaf"": 20, ""cw_power"": 1.0}",59.55882352941176,0.48225176537047015,50.16975023259506,93.38235294117648
program,hgb,5,1,"{""learning_rate"": 0.2707388509717283, ""max_iter"": 200, ""max_leaf_nodes"": 15, ""l2_regularization"": 0.3368841897771094, ""min_samples_leaf"": 20, ""cw_power"": 0.0}",61.60714285714286,0.45302379931694686,43.743189209171106,93.64495798319328
program,hgb,5,2,"{""learning_rate"": 0.07475649891843644, ""max_iter"": 200, ""max_leaf_nodes"": 63, ""l2_regularization"": 6.727391616023603, ""min_samples_leaf"": 20, ""cw_power"": 1.0}",60.71428571428571,0.4795522719112271,49.12895685100112,93.4873949579832
program,hgb,5,3,"{""learning_rate"": 0.07028954713576777, ""max_iter"": 300, ""max_leaf_nodes"": 63, ""l2_regularization"": 2.099681826419013, ""min_samples_leaf"": 20, ""cw_power"": 0.0}",61.50210084033614,0.44158152952858026,42.69845406705224,94.27521008403362
program,hgb,5,4,"{""learning_rate"": 0.11241731496674562, ""max_iter"": 100, ""max_leaf_nodes"": 63, ""l2_regularization"": 0.0018561199159587045, ""min_samples_leaf"": 10, ""cw_power"": 1.0}",62.28991596638656,0.4801145553568491,47.327171749158126,93.75
program,hgb,5,5,"{""learning_rate"": 0.03618001323067694, ""max_iter"": 100, ""max_leaf_nodes"": 31, ""l2_regularization"": 0.060190820840689316, ""min_samples_leaf"": 20, ""cw_power"": 1.0}",57.30042016806722,0.4893381428137358,55.36182258191974,92.06932773109243
program,hgb,5,6,"{""learning_rate"": 0.0406232932385568, ""max_iter"": 200, ""max_leaf_nodes"": 31, ""l2_regularization"": 0.680596700167045, ""min_samples_leaf"": 20, ""cw_power"": 0.0}",62.65756302521008,0.44153516141547317,43.4034474118653,93.90756302521008
program,hgb,5,7,"{""learning_rate"": 0.1865286735080479, ""max_iter"": 100, ""max_leaf_nodes"": 63, ""l2_regularization"": 0.06504987096805219, ""min_samples_leaf"": 50, ""cw_power"": 1.0}",60.871848739495796,0.46151911574375953,45.81374374200085,93.69747899159664
program,rf,1,0,"{""n_estimators"": 100, ""max_depth"": null, ""min_samples_leaf"": 1, ""max_features"": ""sqrt"", ""cw_power"": 1.0}",57.825630252100844,0.4661197148697482,49.82464744381193,91.28151260504201
program,rf,1,1,"{""n_estimators"": 100, ""max_depth"": 20, ""min_samples_leaf"": 5, ""max_features"": ""sqrt"", ""cw_power"": 0.5}",60.50420168067227,0.48406964570950034,48.98212021802394,93.38235294117648
program,rf,1,2,"{""n_estimators"": 300, ""max_depth"": null, ""min_samples_leaf"": 10, ""max_features"": 0.3, ""cw_power"": 0.0}",62.18487394957983,0.43060375100389864,41.81473552607413,93.53991596638656
program,rf,1,3,"{""n_estimators"": 100, ""max_depth"": 30, ""min_samples_leaf"": 10, ""max_features"": 0.5, ""cw_power"": 0.0}",61.65966386554622,0.4320831661379234,41.98749487348345,93.4873949579832
program,rf,1,4,"{""n_estimators"": 300, ""max_depth"": null, ""min_samples_leaf"": 5, ""max_features"": ""sqrt"", ""cw_power"": 0.0}",62.28991596638656,0.4122328629046052,39.639961959213245,93.17226890756302
program,rf,1,5,"{""n_estimators"": 200, ""max_depth"": null, ""min_samples_leaf"": 5, ""max_features"": 0.5, ""cw_power"": 0.5}",61.08193277310925,0.5034192232815238,52.70000439289748,92.90966386554622
program,rf,1,6,"{""n_estimators"": 100, ""max_depth"": null, ""min_samples_leaf"": 1, ""max_features"": 0.5, ""cw_power"": 1.0}",55.67226890756303,0.4587176363311698,50.626288889610926,91.75420168067227
program,rf,1,7,"{""n_estimators"": 200, ""max_depth"": 30, ""min_samples_leaf"": 10, ""max_features"": 0.3, ""cw_power"": 0.5}",60.29411764705882,0.5009436228352339,52.95050682974849,92.64705882352942
program,rf,2,0,"{""n_estimators"": 100, ""max_depth"": null, ""min_samples_leaf"": 1, ""max_features"": ""sqrt"", ""cw_power"": 1.0}",58.35084033613446,0.48811402695079464,53.57434878915544,92.64705882352942
program,rf,2,1,"{""n_estimators"": 300, ""max_depth"": null, ""min_samples_leaf"": 5, ""max_features"": ""sqrt"", ""cw_power"": 0.5}",62.13235294117647,0.49017502468391516,50.39294285774621,93.96008403361344
program,rf,2,2,"{""n_estimators"": 300, ""max_depth"": 10, ""min_samples_leaf"": 5, ""max_features"": ""sqrt"", ""cw_power"": 1.0}",52.36344537815126,0.45971673204786656,58.04877990072104,88.34033613445378
program,rf,2,3,"{""n_estimators"": 300, ""max_depth"": 10, ""min_samples_leaf"": 10, ""max_features"": 0.5, ""cw_power"": 0.5}",59.76890756302521,0.4880827216714063,53.07721542016118,93.38235294117648
program,rf,2,4,"{""n_estimators"": 300, ""max_depth"": 30, ""min_samples_leaf"": 1, ""max_features"": 0.3, ""cw_power"": 0.0}",63.91806722689075,0.45368712211563245,44.04412660869528,94.17016806722688
program,rf,2,5,"{""n_estimators"": 300, ""max_depth"": 30, ""min_samples_leaf"": 5, ""max_features"": 0.5, ""cw_power"": 0.0}",63.55042016806722,0.44527741898418527,43.306355436396565,94.38025210084034
program,rf,2,6,"{""n_estimators"": 300, ""max_depth"": null, ""min_samples_leaf"": 2, ""max_features"": 0.3, ""cw_power"": 0.0}",64.23319327731093,0.4504940125917878,43.90676908379322,94.53781512605042
program,rf,2,7,"{""n_estimators"": 300, ""max_depth"": 10, ""min_samples_leaf"": 5, ""max_features"": ""sqrt"", ""cw_power"": 0.0}",62.86764705882353,0.3956423092629571,38.14809730206983,93.69747899159664
program,rf,3,0,"{""n_estimators"": 100, ""max_depth"": null, ""min_samples_leaf"": 1, ""max_features"": ""sqrt"", ""cw_power"": 1.0}",57.51050420168067,0.4662458602151434,50.53905810994742,91.80672268907563
program,rf,3,1,"{""n_estimators"": 200, ""max_depth"": 30, ""min_samples_leaf"": 10, ""max_features"": 0.5, ""cw_power"": 0.0}",62.34243697478992,0.4307718354922814,41.92730237774453,93.27731092436974
program,rf,3,2,"{""n_estimators"": 200, ""max_depth"": 10, ""min_samples_leaf"": 5, ""max_features"": 0.3, ""cw_power"": 1.0}",51.36554621848739,0.45116224562973195,58.075201323654966,87.97268907563026
program,rf,3,3,"{""n_estimators"": 200, ""max_depth"": 30, ""min_samples_leaf"": 10, ""max_features"": 0.3, ""cw_power"": 0.5}",59.08613445378151,0.48497516573392035,53.311008444795625,92.3844537815126
program,rf,3,4,"{""n_estimators"": 300, ""max_depth"": 30, ""min_samples_leaf"": 2, ""max_features"": 0.5, ""cw_power"": 0.5}",59.87394957983193,0.4719347089768334,49.056296063794605,92.75210084033614
program,rf,3,5,"{""n_estimators"": 300, ""max_depth"": 10, ""min_samples_leaf"": 1, ""max_features"": ""sqrt"", ""cw_power"": 0.5}",61.65966386554622,0.4676961734738094,47.711051780676,93.22478991596638
program,rf,3,6,"{""n_estimators"": 100, ""max_depth"": null, ""min_samples_leaf"": 1, ""max_features"": 0.3, ""cw_power"": 1.0}",56.35504201680672,0.4637648249788702,51.85470346924842,90.59873949579831
program,rf,3,7,"{""n_estimators"": 200, ""max_depth"": 30, ""min_samples_leaf"": 10, ""max_features"": 0.5, ""cw_power"": 0.5}",58.77100840336135,0.481088531815913,52.78610449366597,92.3844537815126
program,rf,4,0,"{""n_estimators"": 100, ""max_depth"": null, ""min_samples_leaf"": 1, ""max_features"": ""sqrt"", ""cw_power"": 1.0}",58.82352941176471,0.48846404998655557,52.682430045219306,93.27731092436974
program,rf,4,1,"{""n_estimators"": 300, ""max_depth"": 30, ""min_samples_leaf"": 5, ""max_features"": 0.5, ""cw_power"": 1.0}",53.88655462184874,0.47230699480127397,57.77540788361721,90.23109243697479
program,rf,4,2,"{""n_estimators"": 300, ""max_depth"": null, ""min_samples_leaf"": 2, ""max_features"": ""sqrt"", ""cw_power"": 1.0}",57.14285714285714,0.48503335635557493,55.54897244545581,92.22689075630252
program,rf,4,3,"{""n_estimators"": 100, ""max_depth"": 10, ""min_samples_leaf"": 10, ""max_features"": 0.5, ""cw_power"": 0.0}",62.18487394957983,0.4523367133613639,43.15660277580856,94.38025210084034
program,rf,4,4,"{""n_estimators"": 100, ""max_depth"": null, ""min_samples_leaf"": 1, ""max_features"": 0.5, ""cw_power"": 1.0}",57.720588235294116,0.4862067473841494,54.49291663369635,93.01470588235294
program,rf,4,5,"{""n_estimators"": 300, ""max_depth"": null, ""min_samples_leaf"": 2, ""max_features"": ""sqrt"", ""cw_power"": 1.0}",57.14285714285714,0.48503335635557493,55.54897244545581,92.22689075630252
program,rf,4,6,"{""n_estimators"": 100, ""max_depth"": 10, ""min_samples_leaf"": 10, ""max_features"": 0.5, ""cw_power"": 0.0}",62.18487394957983,0.4523367133613639,43.15660277580856,94.38025210084034
program,rf,4,7,"{""n_estimators"": 200, ""max_depth"": 10, ""min_samples_leaf"": 1, ""max_features"": ""sqrt"", ""cw_power"": 1.0}",52.41596638655462,0.47028083268692106,60.45144405847488,88.34033613445378
program,rf,5,0,"{""n_estimators"": 100, ""max_depth"": null, ""min_samples_leaf"": 1, ""max_features"": ""sqrt"", ""cw_power"": 1.0}",58.77100840336135,0.4875417278371978,52.5442802765147,92.5420168067227
program,rf,5,1,"{""n_estimators"": 200, ""max_depth"": null, ""min_samples_leaf"": 1, ""max_features"": 0.3, ""cw_power"": 0.0}",62.76260504201681,0.4480984896487212,43.451571872069735,93.75
program,rf,5,2,"{""n_estimators"": 300, ""max_depth"": 10, ""min_samples_leaf"": 2, ""max_features"": ""sqrt"", ""cw_power"": 0.0}",62.39495798319328,0.40480359238322094,38.94743803549639,93.53991596638656
program,rf,5,3,"{""n_estimators"": 100, ""max_depth"": null, ""min_samples_leaf"": 1, ""max_features"": ""sqrt"", ""cw_power"": 0.5}",62.5,0.48502319159773394,48.43159701761195,93.75
program,rf,5,4,"{""n_estimators"": 300, ""max_depth"": 10, ""min_samples_leaf"": 2, ""max_features"": ""sqrt"", ""cw_power"": 0.5}",60.871848739495796,0.5001205798508811,51.430106632308025,94.0126050420168
program,rf,5,5,"{""n_estimators"": 300, ""max_depth"": 30, ""min_samples_leaf"": 2, ""max_features"": 0.5, ""cw_power"": 1.0}",57.40546218487395,0.48806107995784753,55.73184060378623,92.12184873949579
program,rf,5,6,"{""n_estimators"": 300, ""max_depth"": 20, ""min_samples_leaf"": 10, ""max_features"": 0.3, ""cw_power"": 0.0}",62.81512605042017,0.4395598609649482,42.7023024755863,94.38025210084034
program,rf,5,7,"{""n_estimators"": 100, ""max_depth"": null, ""min_samples_leaf"": 5, ""max_features"": 0.3, ""cw_power"": 1.0}",55.04201680672269,0.481056812132008,58.40310224490651,91.07142857142857
program,static_mlp,1,0,"{""epochs"": 15, ""lr"": 0.001, ""weight_decay"": 0.01, ""batch_size"": 128, ""dropout"": 0.2, ""static_h"": 128, ""rnn_h"": 64, ""cw_power"": 1.0}",53.2563025210084,0.4496483645893159,51.35247739603902,89.12815126050421
program,static_mlp,1,1,"{""epochs"": 40, ""lr"": 0.0007116332015945283, ""weight_decay"": 0.002165317283595542, ""batch_size"": 256, ""dropout"": 0.5, ""static_h"": 256, ""rnn_h"": 64, ""cw_power"": 1.0}",54.20168067226891,0.44534784848680214,49.41102553518776,91.38655462184873
program,static_mlp,1,2,"{""epochs"": 25, ""lr"": 0.0013796782002690117, ""weight_decay"": 0.06594626760646992, ""batch_size"": 256, ""dropout"": 0.2, ""static_h"": 256, ""rnn_h"": 64, ""cw_power"": 0.5}",56.9327731092437,0.4434151527769072,44.476876942296855,91.64915966386555
program,static_mlp,1,3,"{""epochs"": 40, ""lr"": 0.00033721086977835037, ""weight_decay"": 0.0025922136631451606, ""batch_size"": 256, ""dropout"": 0.2, ""static_h"": 128, ""rnn_h"": 64, ""cw_power"": 0.5}",57.720588235294116,0.4556562269180969,46.83300292678739,91.59663865546219
program,static_mlp,1,4,"{""epochs"": 25, ""lr"": 0.0018802490873414987, ""weight_decay"": 0.004540914631830939, ""batch_size"": 128, ""dropout"": 0.5, ""static_h"": 64, ""rnn_h"": 64, ""cw_power"": 0.5}",56.98529411764706,0.45239804702634084,47.969004578434465,91.64915966386555
program,static_mlp,1,5,"{""epochs"": 25, ""lr"": 0.000718830251339106, ""weight_decay"": 0.0010500718763797618, ""batch_size"": 128, ""dropout"": 0.5, ""static_h"": 64, ""rnn_h"": 64, ""cw_power"": 1.0}",52.88865546218487,0.44092166859117427,50.38963039132813,89.65336134453781
program,static_mlp,1,6,"{""epochs"": 15, ""lr"": 0.000332217825338983, ""weight_decay"": 0.09836752265945088, ""batch_size"": 256, ""dropout"": 0.1, ""static_h"": 256, ""rnn_h"": 64, ""cw_power"": 1.0}",53.2563025210084,0.44973757656917007,50.34667947872459,87.34243697478992
program,static_mlp,1,7,"{""epochs"": 25, ""lr"": 0.0006721450825133937, ""weight_decay"": 0.08823599735201078, ""batch_size"": 256, ""dropout"": 0.5, ""static_h"": 128, ""rnn_h"": 32, ""cw_power"": 0.5}",58.82352941176471,0.47234148451842883,48.71015066221625,91.59663865546219
program,lstm,1,0,"{""epochs"": 15, ""lr"": 0.001, ""weight_decay"": 0.01, ""batch_size"": 128, ""dropout"": 0.2, ""static_h"": 128, ""rnn_h"": 64, ""cw_power"": 1.0}",25.05252100840336,0.17065751973510493,23.167726657370782,58.71848739495798
program,lstm,1,1,"{""epochs"": 15, ""lr"": 0.0016457391419085706, ""weight_decay"": 0.005994902790327624, ""batch_size"": 128, ""dropout"": 0.1, ""static_h"": 256, ""rnn_h"": 64, ""cw_power"": 0.0}",45.168067226890756,0.1261568130230381,17.37404316623182,83.03571428571429
program,lstm,1,2,"{""epochs"": 25, ""lr"": 0.0011575901201491218, ""weight_decay"": 0.004966745206553224, ""batch_size"": 64, ""dropout"": 0.5, ""static_h"": 128, ""rnn_h"": 32, ""cw_power"": 1.0}",26.260504201680675,0.16755842837364834,23.260937852364304,60.24159663865546
program,lstm,1,3,"{""epochs"": 40, ""lr"": 0.0024462518682993686, ""weight_decay"": 0.009007620100681494, ""batch_size"": 128, ""dropout"": 0.1, ""static_h"": 128, ""rnn_h"": 128, ""cw_power"": 0.0}",44.537815126050425,0.12450352963344302,17.158352162036756,82.30042016806722
program,lstm,1,4,"{""epochs"": 40, ""lr"": 0.00043526627165648335, ""weight_decay"": 0.0025475029123143192, ""batch_size"": 256, ""dropout"": 0.1, ""static_h"": 128, ""rnn_h"": 128, ""cw_power"": 0.0}",44.85294117647059,0.1209113166458247,17.126706662447265,83.08823529411765
program,lstm,1,5,"{""epochs"": 40, ""lr"": 0.0011508051774245288, ""weight_decay"": 0.0005187459486162754, ""batch_size"": 256, ""dropout"": 0.1, ""static_h"": 64, ""rnn_h"": 64, ""cw_power"": 0.0}",45.168067226890756,0.12164366097373248,17.24421547560825,83.19327731092437
program,lstm,1,6,"{""epochs"": 25, ""lr"": 0.0011851918821732703, ""weight_decay"": 0.00016897997322798495, ""batch_size"": 256, ""dropout"": 0.1, ""static_h"": 128, ""rnn_h"": 128, ""cw_power"": 0.0}",44.957983193277315,0.12027458308450044,17.142271232175432,83.14075630252101
program,lstm,1,7,"{""epochs"": 25, ""lr"": 0.0008787216970617155, ""weight_decay"": 0.00020888845120648923, ""batch_size"": 256, ""dropout"": 0.2, ""static_h"": 64, ""rnn_h"": 32, ""cw_power"": 1.0}",26.57563025210084,0.1682671938058792,22.47390512618057,58.5609243697479
program,hyb1,1,0,"{""epochs"": 15, ""lr"": 0.001, ""weight_decay"": 0.01, ""batch_size"": 128, ""dropout"": 0.2, ""static_h"": 128, ""rnn_h"": 64, ""cw_power"": 1.0}",53.62394957983193,0.4464007263208413,50.75666873290139,90.07352941176471
program,hyb1,1,1,"{""epochs"": 25, ""lr"": 0.0019067449984689767, ""weight_decay"": 0.02949650748229745, ""batch_size"": 256, ""dropout"": 0.2, ""static_h"": 128, ""rnn_h"": 64, ""cw_power"": 1.0}",52.9936974789916,0.43552132905891333,48.718943492196125,90.54621848739495
program,hyb1,1,2,"{""epochs"": 40, ""lr"": 0.0005916419884023108, ""weight_decay"": 0.00015498603418397674, ""batch_size"": 256, ""dropout"": 0.5, ""static_h"": 256, ""rnn_h"": 128, ""cw_power"": 1.0}",52.3109243697479,0.44176953496942173,51.04284670639042,89.44327731092437
program,hyb1,1,3,"{""epochs"": 40, ""lr"": 0.0006706825182225447, ""weight_decay"": 0.002949116799161753, ""batch_size"": 256, ""dropout"": 0.3, ""static_h"": 128, ""rnn_h"": 128, ""cw_power"": 0.0}",60.1890756302521,0.4525933320382749,44.8870768208623,91.49159663865547
program,hyb1,1,4,"{""epochs"": 15, ""lr"": 0.0003396485481524863, ""weight_decay"": 0.00901685183308984, ""batch_size"": 64, ""dropout"": 0.3, ""static_h"": 256, ""rnn_h"": 128, ""cw_power"": 0.0}",59.92647058823529,0.43352158313983685,43.38989231251541,91.80672268907563
program,hyb1,1,5,"{""epochs"": 15, ""lr"": 0.000547615790768176, ""weight_decay"": 0.00033677709862230506, ""batch_size"": 128, ""dropout"": 0.2, ""static_h"": 256, ""rnn_h"": 32, ""cw_power"": 0.5}",56.51260504201681,0.45526791929944377,47.91388995048278,90.38865546218487
program,hyb1,1,6,"{""epochs"": 15, ""lr"": 0.000836806324888122, ""weight_decay"": 0.003089512988960656, ""batch_size"": 256, ""dropout"": 0.1, ""static_h"": 128, ""rnn_h"": 32, ""cw_power"": 0.0}",60.08403361344538,0.43370817005360734,43.031116286652264,91.75420168067227
program,hyb1,1,7,"{""epochs"": 25, ""lr"": 0.0015854100592619536, ""weight_decay"": 0.00381556961126518, ""batch_size"": 256, ""dropout"": 0.2, ""static_h"": 64, ""rnn_h"": 128, ""cw_power"": 1.0}",52.73109243697479,0.44848976917732397,51.14376328580759,90.59873949579831
program,hyb2,1,0,"{""epochs"": 15, ""lr"": 0.001, ""weight_decay"": 0.01, ""batch_size"": 128, ""dropout"": 0.2, ""static_h"": 128, ""rnn_h"": 64, ""cw_power"": 1.0}",53.20378151260504,0.4409497906038215,50.59163405602053,90.28361344537815
program,hyb2,1,1,"{""epochs"": 25, ""lr"": 0.0027437629787319456, ""weight_decay"": 0.00016477827762027808, ""batch_size"": 128, ""dropout"": 0.5, ""static_h"": 128, ""rnn_h"": 64, ""cw_power"": 0.5}",57.51050420168067,0.461118994852139,49.01828996993164,90.38865546218487
program,hyb2,1,2,"{""epochs"": 15, ""lr"": 0.000817980250490322, ""weight_decay"": 0.04337503845822465, ""batch_size"": 128, ""dropout"": 0.1, ""static_h"": 256, ""rnn_h"": 128, ""cw_power"": 1.0}",54.35924369747899,0.44969295176718443,49.95250095712385,91.01890756302521
program,hyb2,1,3,"{""epochs"": 25, ""lr"": 0.0012294678561692314, ""weight_decay"": 0.08082915457184024, ""batch_size"": 128, ""dropout"": 0.2, ""static_h"": 256, ""rnn_h"": 128, ""cw_power"": 0.0}",58.03571428571429,0.43015193730380413,41.97388219149873,90.54621848739495
program,hyb2,1,4,"{""epochs"": 25, ""lr"": 0.0011676551084245635, ""weight_decay"": 0.001497584045075882, ""batch_size"": 256, ""dropout"": 0.1, ""static_h"": 128, ""rnn_h"": 32, ""cw_power"": 0.5}",57.878151260504204,0.45956257489832947,47.12372687512239,91.7016806722689
program,hyb2,1,5,"{""epochs"": 25, ""lr"": 0.0003205259773314333, ""weight_decay"": 0.007819950716549649, ""batch_size"": 64, ""dropout"": 0.1, ""static_h"": 64, ""rnn_h"": 32, ""cw_power"": 0.0}",60.29411764705882,0.4330395675582744,42.61632938590818,91.38655462184873
program,hyb2,1,6,"{""epochs"": 15, ""lr"": 0.0011797742868541864, ""weight_decay"": 0.0008139483274193235, ""batch_size"": 128, ""dropout"": 0.5, ""static_h"": 64, ""rnn_h"": 128, ""cw_power"": 1.0}",52.88865546218487,0.4429691377015234,52.85799589434196,87.55252100840336
program,hyb2,1,7,"{""epochs"": 15, ""lr"": 0.00040644213511753193, ""weight_decay"": 0.00027119647921017395, ""batch_size"": 128, ""dropout"": 0.1, ""static_h"": 128, ""rnn_h"": 32, ""cw_power"": 0.5}",57.1953781512605,0.46613715717055015,48.849451824827206,91.17647058823529
program,hyb3,1,0,"{""epochs"": 15, ""lr"": 0.001, ""weight_decay"": 0.01, ""batch_size"": 128, ""dropout"": 0.2, ""static_h"": 128, ""rnn_h"": 64, ""cw_power"": 1.0}",53.99159663865546,0.44246673467680614,49.61748163829558,90.02100840336135
program,hyb3,1,1,"{""epochs"": 40, ""lr"": 0.0018776548821007146, ""weight_decay"": 0.000767503660227397, ""batch_size"": 128, ""dropout"": 0.5, ""static_h"": 128, ""rnn_h"": 32, ""cw_power"": 0.0}",59.97899159663865,0.4327968653154015,41.90898847023281,91.22899159663865
program,hyb3,1,2,"{""epochs"": 15, ""lr"": 0.001808431137108469, ""weight_decay"": 0.03820283443459137, ""batch_size"": 128, ""dropout"": 0.2, ""static_h"": 64, ""rnn_h"": 32, ""cw_power"": 0.0}",60.55672268907563,0.45946285316723795,45.79326680897207,92.12184873949579
program,hyb3,1,3,"{""epochs"": 40, ""lr"": 0.00037273432383212686, ""weight_decay"": 0.0004939840986591268, ""batch_size"": 64, ""dropout"": 0.5, ""static_h"": 64, ""rnn_h"": 64, ""cw_power"": 0.5}",56.82773109243697,0.4619954954110645,49.97712146022273,90.91386554621849
program,hyb3,1,4,"{""epochs"": 15, ""lr"": 0.001093152651740974, ""weight_decay"": 0.004165210937724426, ""batch_size"": 128, ""dropout"": 0.2, ""static_h"": 256, ""rnn_h"": 32, ""cw_power"": 0.5}",56.40756302521008,0.46379760765662814,49.26414949999406,91.33403361344537
program,hyb3,1,5,"{""epochs"": 25, ""lr"": 0.0010616305004833547, ""weight_decay"": 0.002302748308235793, ""batch_size"": 128, ""dropout"": 0.3, ""static_h"": 256, ""rnn_h"": 32, ""cw_power"": 1.0}",54.25420168067227,0.452320219469636,49.843136372243016,90.54621848739495
program,hyb3,1,6,"{""epochs"": 15, ""lr"": 0.002925874304257009, ""weight_decay"": 0.024366107772164095, ""batch_size"": 256, ""dropout"": 0.2, ""static_h"": 64, ""rnn_h"": 128, ""cw_power"": 0.0}",59.66386554621849,0.42616309804269653,42.89847444844648,91.49159663865547
program,hyb3,1,7,"{""epochs"": 15, ""lr"": 0.0003465388837878909, ""weight_decay"": 0.004059697745511182, ""batch_size"": 64, ""dropout"": 0.1, ""static_h"": 128, ""rnn_h"": 64, ""cw_power"": 1.0}",53.09873949579832,0.44510619013444436,50.23978128243354,89.60084033613445
program,hyb4,1,0,"{""epochs"": 15, ""lr"": 0.001, ""weight_decay"": 0.01, ""batch_size"": 128, ""dropout"": 0.2, ""static_h"": 128, ""rnn_h"": 64, ""cw_power"": 1.0}",53.51890756302521,0.45424193962271686,51.60853276383926,90.33613445378151
program,hyb4,1,1,"{""epochs"": 40, ""lr"": 0.0010951740321458467, ""weight_decay"": 0.034870943345560616, ""batch_size"": 128, ""dropout"": 0.3, ""static_h"": 128, ""rnn_h"": 128, ""cw_power"": 0.5}",57.40546218487395,0.4726332236725063,49.99171157014343,91.33403361344537
program,hyb4,1,2,"{""epochs"": 15, ""lr"": 0.0025827602618748806, ""weight_decay"": 0.0011998547750404788, ""batch_size"": 256, ""dropout"": 0.2, ""static_h"": 128, ""rnn_h"": 64, ""cw_power"": 0.5}",57.93067226890757,0.46751867325823,48.710992621334846,91.64915966386555
program,hyb4,1,3,"{""epochs"": 25, ""lr"": 0.0018123497025868904, ""weight_decay"": 0.0004884603732308433, ""batch_size"": 128, ""dropout"": 0.3, ""static_h"": 128, ""rnn_h"": 128, ""cw_power"": 0.0}",60.45168067226891,0.454678182402593,43.36383059457589,90.96638655462185
program,hyb4,1,4,"{""epochs"": 40, ""lr"": 0.0009059672025452453, ""weight_decay"": 0.00036512675072492777, ""batch_size"": 128, ""dropout"": 0.2, ""static_h"": 256, ""rnn_h"": 128, ""cw_power"": 0.5}",56.40756302521008,0.4360260323106126,44.61779713992321,91.22899159663865
program,hyb4,1,5,"{""epochs"": 40, ""lr"": 0.0006841631736214719, ""weight_decay"": 0.023937889096812444, ""batch_size"": 256, ""dropout"": 0.3, ""static_h"": 256, ""rnn_h"": 128, ""cw_power"": 0.0}",58.98109243697479,0.4421562910689098,43.600561522597644,91.33403361344537
program,hyb4,1,6,"{""epochs"": 25, ""lr"": 0.0010715754474374623, ""weight_decay"": 0.004726630004715784, ""batch_size"": 128, ""dropout"": 0.3, ""static_h"": 256, ""rnn_h"": 32, ""cw_power"": 0.0}",58.66596638655462,0.4319508434741812,42.86360354216805,91.38655462184873
program,hyb4,1,7,"{""epochs"": 40, ""lr"": 0.000991244875395869, ""weight_decay"": 0.029216815074671276, ""batch_size"": 256, ""dropout"": 0.1, ""static_h"": 256, ""rnn_h"": 64, ""cw_power"": 0.0}",57.66806722689075,0.44341944369224845,44.009004216928524,88.55042016806722
program,proposed,1,0,"{""epochs"": 15, ""lr"": 0.001, ""weight_decay"": 0.01, ""batch_size"": 128, ""dropout"": 0.2, ""static_h"": 128, ""rnn_h"": 64, ""cw_power"": 1.0}",52.88865546218487,0.43510542854652406,49.34424706073571,89.91596638655463
program,proposed,1,1,"{""epochs"": 15, ""lr"": 0.002349385070243438, ""weight_decay"": 0.0021438922830304182, ""batch_size"": 256, ""dropout"": 0.1, ""static_h"": 256, ""rnn_h"": 64, ""cw_power"": 1.0}",52.46848739495798,0.4290642966187077,47.01234172498508,90.49369747899159
program,proposed,1,2,"{""epochs"": 40, ""lr"": 0.0003224900048987953, ""weight_decay"": 0.005066150567292886, ""batch_size"": 128, ""dropout"": 0.2, ""static_h"": 128, ""rnn_h"": 128, ""cw_power"": 0.0}",58.82352941176471,0.43694573214541577,43.37746713600625,91.75420168067227
program,proposed,1,3,"{""epochs"": 25, ""lr"": 0.0009246910932727538, ""weight_decay"": 0.00011861552371349484, ""batch_size"": 128, ""dropout"": 0.5, ""static_h"": 256, ""rnn_h"": 64, ""cw_power"": 1.0}",51.05042016806722,0.4268562238474114,49.50860871784381,89.81092436974791
program,proposed,1,4,"{""epochs"": 40, ""lr"": 0.002416705011413315, ""weight_decay"": 0.00033037601903499467, ""batch_size"": 64, ""dropout"": 0.5, ""static_h"": 128, ""rnn_h"": 32, ""cw_power"": 1.0}",53.57142857142857,0.440564309568047,50.52771312877567,90.59873949579831
program,proposed,1,5,"{""epochs"": 40, ""lr"": 0.0010555334613282072, ""weight_decay"": 0.004215071779182107, ""batch_size"": 256, ""dropout"": 0.5, ""static_h"": 64, ""rnn_h"": 64, ""cw_power"": 1.0}",51.31302521008403,0.44125371837099764,52.18403471165575,88.76050420168067
program,proposed,1,6,"{""epochs"": 40, ""lr"": 0.0011242501609811566, ""weight_decay"": 0.00011002155489254163, ""batch_size"": 256, ""dropout"": 0.5, ""static_h"": 64, ""rnn_h"": 128, ""cw_power"": 0.5}",58.50840336134454,0.47861922692072767,51.43656034234052,91.38655462184873
program,proposed,1,7,"{""epochs"": 40, ""lr"": 0.0013079571132985403, ""weight_decay"": 0.0014267715119528326, ""batch_size"": 64, ""dropout"": 0.5, ""static_h"": 128, ""rnn_h"": 64, ""cw_power"": 0.5}",57.56302521008403,0.45069576543313256,47.27120410104256,91.12394957983193
program,static_mlp,2,0,"{""epochs"": 15, ""lr"": 0.001, ""weight_decay"": 0.01, ""batch_size"": 128, ""dropout"": 0.2, ""static_h"": 128, ""rnn_h"": 64, ""cw_power"": 1.0}",53.57142857142857,0.4632219070526979,54.072134508775285,91.80672268907563
program,static_mlp,2,1,"{""epochs"": 25, ""lr"": 0.00032542424961970045, ""weight_decay"": 0.00022148509060126472, ""batch_size"": 128, ""dropout"": 0.2, ""static_h"": 64, ""rnn_h"": 64, ""cw_power"": 0.0}",61.8172268907563,0.44057362340792855,42.92762974478035,93.22478991596638
program,static_mlp,2,2,"{""epochs"": 40, ""lr"": 0.0009950859778666747, ""weight_decay"": 0.07749421198896692, ""batch_size"": 64, ""dropout"": 0.3, ""static_h"": 128, ""rnn_h"": 32, ""cw_power"": 1.0}",54.35924369747899,0.46521317961121506,52.627979030348385,91.22899159663865
program,static_mlp,2,3,"{""epochs"": 25, ""lr"": 0.0006721035434020237, ""weight_decay"": 0.043219189293725625, ""batch_size"": 64, ""dropout"": 0.3, ""static_h"": 64, ""rnn_h"": 128, ""cw_power"": 1.0}",54.98949579831933,0.47490090668953683,55.76870047671307,91.80672268907563
program,static_mlp,2,4,"{""epochs"": 25, ""lr"": 0.0006671749435895194, ""weight_decay"": 0.001281836325893491, ""batch_size"": 128, ""dropout"": 0.5, ""static_h"": 64, ""rnn_h"": 64, ""cw_power"": 0.5}",60.45168067226891,0.48656230348073737,51.136828074011575,93.0672268907563
program,static_mlp,2,5,"{""epochs"": 40, ""lr"": 0.0031560689219950525, ""weight_decay"": 0.012581080767199769, ""batch_size"": 256, ""dropout"": 0.2, ""static_h"": 128, ""rnn_h"": 64, ""cw_power"": 0.0}",59.03361344537815,0.4430499260908287,43.94054772305365,92.22689075630252
program,static_mlp,2,6,"{""epochs"": 25, ""lr"": 0.00037014722673590553, ""weight_decay"": 0.0007171145134958099, ""batch_size"": 256, ""dropout"": 0.3, ""static_h"": 256, ""rnn_h"": 128, ""cw_power"": 0.5}",60.13655462184874,0.49092110116436266,51.412624896278125,92.48949579831933
program,static_mlp,2,7,"{""epochs"": 40, ""lr"": 0.003085002860918391, ""weight_decay"": 0.0010833359616763947, ""batch_size"": 64, ""dropout"": 0.3, ""static_h"": 128, ""rnn_h"": 64, ""cw_power"": 0.5}",57.09033613445378,0.45171405860927144,47.01341256469628,91.91176470588235
program,lstm,2,0,"{""epochs"": 15, ""lr"": 0.001, ""weight_decay"": 0.01, ""batch_size"": 128, ""dropout"": 0.2, ""static_h"": 128, ""rnn_h"": 64, ""cw_power"": 1.0}",24.737394957983195,0.17401542346546842,23.967132550529882,59.5063025210084
program,lstm,2,1,"{""epochs"": 15, ""lr"": 0.001828497390192915, ""weight_decay"": 0.00045841977194054496, ""batch_size"": 128, ""dropout"": 0.1, ""static_h"": 64, ""rnn_h"": 64, ""cw_power"": 0.5}",40.96638655462185,0.1816177828056551,19.32284862219186,82.4579831932773
program,lstm,2,2,"{""epochs"": 15, ""lr"": 0.0003851032017465509, ""weight_decay"": 0.00027247039625172146, ""batch_size"": 128, ""dropout"": 0.2, ""static_h"": 256, ""rnn_h"": 64, ""cw_power"": 1.0}",28.20378151260504,0.18365862423368193,24.57650725942755,57.773109243697476
program,lstm,2,3,"{""epochs"": 25, ""lr"": 0.002386971769637578, ""weight_decay"": 0.020473517581090644, ""batch_size"": 256, ""dropout"": 0.2, ""static_h"": 128, ""rnn_h"": 32, ""cw_power"": 1.0}",25.05252100840336,0.17738696161206155,23.62977267831313,58.92857142857143
program,lstm,2,4,"{""epochs"": 15, ""lr"": 0.0008858038159424948, ""weight_decay"": 0.0781457712776895, ""batch_size"": 128, ""dropout"": 0.5, ""static_h"": 256, ""rnn_h"": 32, ""cw_power"": 0.5}",41.911764705882355,0.17202219065761148,18.980106447013657,82.87815126050421
program,lstm,2,5,"{""epochs"": 40, ""lr"": 0.0003309479350159732, ""weight_decay"": 0.0002397603745371098, ""batch_size"": 128, ""dropout"": 0.3, ""static_h"": 256, ""rnn_h"": 64, ""cw_power"": 0.0}",44.80042016806723,0.12221226074316503,17.142529412242013,83.35084033613445
program,lstm,2,6,"{""epochs"": 15, ""lr"": 0.0005781494700786561, ""weight_decay"": 0.01961893248738483, ""batch_size"": 128, ""dropout"": 0.2, ""static_h"": 64, ""rnn_h"": 64, ""cw_power"": 0.5}",41.859243697478995,0.17112452827233252,19.018220446100308,82.03781512605042
program,lstm,2,7,"{""epochs"": 15, ""lr"": 0.0005152991578245676, ""weight_decay"": 0.00014516033391725997, ""batch_size"": 256, ""dropout"": 0.1, ""static_h"": 128, ""rnn_h"": 64, ""cw_power"": 1.0}",27.573529411764707,0.1760581875606435,23.74154255079851,57.61554621848739
program,hyb1,2,0,"{""epochs"": 15, ""lr"": 0.001, ""weight_decay"": 0.01, ""batch_size"": 128, ""dropout"": 0.2, ""static_h"": 128, ""rnn_h"": 64, ""cw_power"": 1.0}",54.14915966386554,0.4589776810292778,52.70785198392303,91.49159663865547
program,hyb1,2,1,"{""epochs"": 40, ""lr"": 0.0006500648648726123, ""weight_decay"": 0.001385618338803228, ""batch_size"": 256, ""dropout"": 0.5, ""static_h"": 64, ""rnn_h"": 64, ""cw_power"": 0.0}",62.55252100840336,0.4356518478398297,42.60616740263774,92.43697478991596
program,hyb1,2,2,"{""epochs"": 15, ""lr"": 0.00039443006113707053, ""weight_decay"": 0.00023419561338443458, ""batch_size"": 64, ""dropout"": 0.2, ""static_h"": 128, ""rnn_h"": 128, ""cw_power"": 0.0}",61.60714285714286,0.4434272560639232,44.04799176895959,93.11974789915966
program,hyb1,2,3,"{""epochs"": 40, ""lr"": 0.0027208658940939415, ""weight_decay"": 0.00010417691346137196, ""batch_size"": 64, ""dropout"": 0.2, ""static_h"": 128, ""rnn_h"": 128, ""cw_power"": 1.0}",55.5672268907563,0.4597325784569924,50.72089667645406,91.43907563025209
program,hyb1,2,4,"{""epochs"": 40, ""lr"": 0.000953362372351996, ""weight_decay"": 0.0016840196189774653, ""batch_size"": 256, ""dropout"": 0.5, ""static_h"": 64, ""rnn_h"": 32, ""cw_power"": 0.0}",61.65966386554622,0.4245771882748346,41.427110284512985,93.11974789915966
program,hyb1,2,5,"{""epochs"": 15, ""lr"": 0.001628658454617639, ""weight_decay"": 0.0001741902401726334, ""batch_size"": 256, ""dropout"": 0.1, ""static_h"": 64, ""rnn_h"": 32, ""cw_power"": 0.5}",58.82352941176471,0.4737698302588811,49.735830860912074,92.8046218487395
program,hyb1,2,6,"{""epochs"": 40, ""lr"": 0.0012908906361530996, ""weight_decay"": 0.0005559009834358665, ""batch_size"": 64, ""dropout"": 0.1, ""static_h"": 128, ""rnn_h"": 128, ""cw_power"": 1.0}",56.56512605042017,0.45644647183310805,48.86910496905141,91.54411764705883
program,hyb1,2,7,"{""epochs"": 40, ""lr"": 0.00207845976188066, ""weight_decay"": 0.008588432149116795, ""batch_size"": 128, ""dropout"": 0.5, ""static_h"": 256, ""rnn_h"": 128, ""cw_power"": 0.0}",61.76470588235294,0.47296392043892227,45.555152419882795,92.69957983193278
program,hyb2,2,0,"{""epochs"": 15, ""lr"": 0.001, ""weight_decay"": 0.01, ""batch_size"": 128, ""dropout"": 0.2, ""static_h"": 128, ""rnn_h"": 64, ""cw_power"": 1.0}",53.83403361344538,0.45100956154619215,50.947268184097084,92.01680672268907
program,hyb2,2,1,"{""epochs"": 15, ""lr"": 0.00033024428462498134, ""weight_decay"": 0.0013919165736447493, ""batch_size"": 64, ""dropout"": 0.2, ""static_h"": 64, ""rnn_h"": 128, ""cw_power"": 0.0}",62.34243697478992,0.44566423757372514,44.117761579489766,92.85714285714286
program,hyb2,2,2,"{""epochs"": 25, ""lr"": 0.0018022867085525584, ""weight_decay"": 0.00029004095500390813, ""batch_size"": 256, ""dropout"": 0.2, ""static_h"": 128, ""rnn_h"": 64, ""cw_power"": 0.5}",59.34873949579832,0.4725612030831827,49.65207058191217,92.3844537815126
program,hyb2,2,3,"{""epochs"": 15, ""lr"": 0.0004242392948124294, ""weight_decay"": 0.011949504427419865, ""batch_size"": 256, ""dropout"": 0.2, ""static_h"": 128, ""rnn_h"": 128, ""cw_power"": 0.0}",62.07983193277311,0.4299094733016921,42.450874926603674,91.85924369747899
program,hyb2,2,4,"{""epochs"": 40, ""lr"": 0.0006713478032737454, ""weight_decay"": 0.012465141326726856, ""batch_size"": 64, ""dropout"": 0.1, ""static_h"": 256, ""rnn_h"": 32, ""cw_power"": 1.0}",55.5672268907563,0.45430538551417543,48.900379487415954,90.80882352941177
program,hyb2,2,5,"{""epochs"": 25, ""lr"": 0.0013496336528752166, ""weight_decay"": 0.001906839969878549, ""batch_size"": 256, ""dropout"": 0.1, ""static_h"": 64, ""rnn_h"": 128, ""cw_power"": 1.0}",53.51890756302521,0.44311586489457455,50.30488572209341,90.44117647058823
program,hyb2,2,6,"{""epochs"": 40, ""lr"": 0.0017583100685789857, ""weight_decay"": 0.00015628696317451527, ""batch_size"": 64, ""dropout"": 0.1, ""static_h"": 256, ""rnn_h"": 128, ""cw_power"": 0.0}",57.93067226890757,0.4403270173879628,43.35469615696431,91.38655462184873
program,hyb2,2,7,"{""epochs"": 15, ""lr"": 0.0011236019115778337, ""weight_decay"": 0.042934431880782976, ""batch_size"": 256, ""dropout"": 0.1, ""static_h"": 128, ""rnn_h"": 64, ""cw_power"": 0.5}",59.45378151260504,0.48575935459905745,50.78240826821819,91.85924369747899
program,hyb3,2,0,"{""epochs"": 15, ""lr"": 0.001, ""weight_decay"": 0.01, ""batch_size"": 128, ""dropout"": 0.2, ""static_h"": 128, ""rnn_h"": 64, ""cw_power"": 1.0}",55.14705882352941,0.4687362806967521,53.170373986307105,90.96638655462185
program,hyb3,2,1,"{""epochs"": 25, ""lr"": 0.00038671200408929406, ""weight_decay"": 0.024029258400649386, ""batch_size"": 64, ""dropout"": 0.2, ""static_h"": 64, ""rnn_h"": 128, ""cw_power"": 1.0}",54.30672268907563,0.4623656106931046,54.352635214384215,91.64915966386555
program,hyb3,2,2,"{""epochs"": 15, ""lr"": 0.00034022901518101253, ""weight_decay"": 0.00943565364910915, ""batch_size"": 128, ""dropout"": 0.3, ""static_h"": 256, ""rnn_h"": 32, ""cw_power"": 1.0}",55.25210084033614,0.4726505371602246,55.499635285157325,90.49369747899159
program,hyb3,2,3,"{""epochs"": 15, ""lr"": 0.0006023062434308489, ""weight_decay"": 0.05115277947416214, ""batch_size"": 256, ""dropout"": 0.5, ""static_h"": 128, ""rnn_h"": 32, ""cw_power"": 1.0}",54.25420168067227,0.45677491807559917,54.24370494325835,88.4453781512605
program,hyb3,2,4,"{""epochs"": 15, ""lr"": 0.0008120731003286662, ""weight_decay"": 0.025564274870643246, ""batch_size"": 256, ""dropout"": 0.3, ""static_h"": 128, ""rnn_h"": 32, ""cw_power"": 0.0}",62.55252100840336,0.448394017492925,44.129838318220784,93.38235294117648
program,hyb3,2,5,"{""epochs"": 25, ""lr"": 0.0016986006290560605, ""weight_decay"": 0.003549924082782143, ""batch_size"": 128, ""dropout"": 0.1, ""static_h"": 128, ""rnn_h"": 128, ""cw_power"": 0.5}",56.35504201680672,0.47247824088380436,50.18828147233708,91.54411764705883
program,hyb3,2,6,"{""epochs"": 15, ""lr"": 0.0005353410438729435, ""weight_decay"": 0.00011447033429799339, ""batch_size"": 128, ""dropout"": 0.1, ""static_h"": 64, ""rnn_h"": 32, ""cw_power"": 1.0}",55.04201680672269,0.4685704621473876,54.103582294859024,91.38655462184873
program,hyb3,2,7,"{""epochs"": 25, ""lr"": 0.0020954208972909466, ""weight_decay"": 0.00015222553150907137, ""batch_size"": 64, ""dropout"": 0.5, ""static_h"": 64, ""rnn_h"": 64, ""cw_power"": 0.0}",62.5,0.43163164304631746,42.7942889345652,92.59453781512606
program,hyb4,2,0,"{""epochs"": 15, ""lr"": 0.001, ""weight_decay"": 0.01, ""batch_size"": 128, ""dropout"": 0.2, ""static_h"": 128, ""rnn_h"": 64, ""cw_power"": 1.0}",54.51680672268907,0.4626461246955884,53.25049280498306,91.75420168067227
program,hyb4,2,1,"{""epochs"": 40, ""lr"": 0.0010634101662240958, ""weight_decay"": 0.0014192226144134701, ""batch_size"": 128, ""dropout"": 0.5, ""static_h"": 128, ""rnn_h"": 64, ""cw_power"": 0.5}",59.34873949579832,0.48254097963671677,51.905896960963446,91.96428571428571
program,hyb4,2,2,"{""epochs"": 15, ""lr"": 0.0019476855974184743, ""weight_decay"": 0.012977384773194642, ""batch_size"": 128, ""dropout"": 0.3, ""static_h"": 64, ""rnn_h"": 64, ""cw_power"": 1.0}",53.78151260504202,0.46043040459150325,54.160313271001584,90.59873949579831
program,hyb4,2,3,"{""epochs"": 15, ""lr"": 0.0006498706687687566, ""weight_decay"": 0.001540605427409133, ""batch_size"": 256, ""dropout"": 0.5, ""static_h"": 64, ""rnn_h"": 128, ""cw_power"": 1.0}",53.04621848739496,0.4505231425228762,53.38548992732112,87.44747899159664
program,hyb4,2,4,"{""epochs"": 40, ""lr"": 0.001853264199656665, ""weight_decay"": 0.00014863580790255366, ""batch_size"": 128, ""dropout"": 0.5, ""static_h"": 256, ""rnn_h"": 128, ""cw_power"": 0.0}",60.924369747899156,0.4544103420798465,44.589527496177524,92.64705882352942
program,hyb4,2,5,"{""epochs"": 25, ""lr"": 0.001443922206084391, ""weight_decay"": 0.02457478006898021, ""batch_size"": 128, ""dropout"": 0.2, ""static_h"": 128, ""rnn_h"": 128, ""cw_power"": 0.5}",57.35294117647059,0.45827421651416883,48.62587011800874,91.33403361344537
program,hyb4,2,6,"{""epochs"": 25, ""lr"": 0.0011233774308752453, ""weight_decay"": 0.0004869706130706448, ""batch_size"": 128, ""dropout"": 0.3, ""static_h"": 64, ""rnn_h"": 128, ""cw_power"": 0.5}",58.87605042016807,0.4871889980738257,53.40834436216141,92.33193277310924
program,hyb4,2,7,"{""epochs"": 15, ""lr"": 0.0007431860187183788, ""weight_decay"": 0.0009564895436617543, ""batch_size"": 128, ""dropout"": 0.1, ""static_h"": 128, ""rnn_h"": 64, ""cw_power"": 1.0}",54.46428571428571,0.4689879914044374,53.26587193237828,91.28151260504201
program,proposed,2,0,"{""epochs"": 15, ""lr"": 0.001, ""weight_decay"": 0.01, ""batch_size"": 128, ""dropout"": 0.2, ""static_h"": 128, ""rnn_h"": 64, ""cw_power"": 1.0}",55.04201680672269,0.46399536150070436,52.25371322641418,91.01890756302521
program,proposed,2,1,"{""epochs"": 15, ""lr"": 0.0007358253103116767, ""weight_decay"": 0.00800319150124718, ""batch_size"": 256, ""dropout"": 0.1, ""static_h"": 256, ""rnn_h"": 32, ""cw_power"": 1.0}",54.09663865546218,0.45990801151381083,51.90261650545415,90.91386554621849
program,proposed,2,2,"{""epochs"": 15, ""lr"": 0.002486754420997452, ""weight_decay"": 0.00017140046924792184, ""batch_size"": 256, ""dropout"": 0.2, ""static_h"": 256, ""rnn_h"": 128, ""cw_power"": 0.5}",57.40546218487395,0.4707931102315405,50.1206224457042,91.91176470588235
program,proposed,2,3,"{""epochs"": 40, ""lr"": 0.003082835770793123, ""weight_decay"": 0.04510406463138904, ""batch_size"": 64, ""dropout"": 0.2, ""static_h"": 128, ""rnn_h"": 128, ""cw_power"": 0.5}",56.09243697478992,0.44176078706269944,47.04923226478634,90.54621848739495
program,proposed,2,4,"{""epochs"": 40, ""lr"": 0.0013080782161547253, ""weight_decay"": 0.018125435549111266, ""batch_size"": 64, ""dropout"": 0.5, ""static_h"": 256, ""rnn_h"": 32, ""cw_power"": 0.5}",60.60924369747899,0.488452244897948,50.877305133666674,92.75210084033614
program,proposed,2,5,"{""epochs"": 25, ""lr"": 0.00314615363615542, ""weight_decay"": 0.004599261389223695, ""batch_size"": 64, ""dropout"": 0.1, ""static_h"": 128, ""rnn_h"": 128, ""cw_power"": 0.5}",55.5672268907563,0.4423811287415802,46.966443111410356,90.70378151260505
program,proposed,2,6,"{""epochs"": 15, ""lr"": 0.0005568487407790381, ""weight_decay"": 0.050955108253122265, ""batch_size"": 128, ""dropout"": 0.1, ""static_h"": 256, ""rnn_h"": 128, ""cw_power"": 1.0}",55.25210084033614,0.4651888601688416,51.64069560277801,91.7016806722689
program,proposed,2,7,"{""epochs"": 25, ""lr"": 0.000341466477651759, ""weight_decay"": 0.08951070672736001, ""batch_size"": 256, ""dropout"": 0.3, ""static_h"": 128, ""rnn_h"": 128, ""cw_power"": 0.5}",59.2436974789916,0.46288731411034306,48.46232119147434,91.7016806722689
program,static_mlp,3,0,"{""epochs"": 15, ""lr"": 0.001, ""weight_decay"": 0.01, ""batch_size"": 128, ""dropout"": 0.2, ""static_h"": 128, ""rnn_h"": 64, ""cw_power"": 1.0}",52.94117647058824,0.44612369672479085,51.5579471603153,89.75840336134453
program,static_mlp,3,1,"{""epochs"": 40, ""lr"": 0.001148148820826181, ""weight_decay"": 0.007980858458554558, ""batch_size"": 256, ""dropout"": 0.2, ""static_h"": 256, ""rnn_h"": 128, ""cw_power"": 0.0}",58.19327731092437,0.43465546311685577,42.866263592345064,91.17647058823529
program,static_mlp,3,2,"{""epochs"": 15, ""lr"": 0.0010890803864977885, ""weight_decay"": 0.0006464276383544015, ""batch_size"": 128, ""dropout"": 0.5, ""static_h"": 256, ""rnn_h"": 128, ""cw_power"": 0.5}",56.30252100840336,0.4694365498253035,51.055561900295274,92.43697478991596
program,static_mlp,3,3,"{""epochs"": 25, ""lr"": 0.000691029435087325, ""weight_decay"": 0.0011828082043038083, ""batch_size"": 128, ""dropout"": 0.2, ""static_h"": 64, ""rnn_h"": 32, ""cw_power"": 0.5}",58.45588235294118,0.4647683003517302,48.7395480403269,91.91176470588235
program,static_mlp,3,4,"{""epochs"": 40, ""lr"": 0.0008338215670024104, ""weight_decay"": 0.0015579303890977396, ""batch_size"": 64, ""dropout"": 0.3, ""static_h"": 128, ""rnn_h"": 32, ""cw_power"": 0.5}",58.92857142857143,0.45222954429604817,47.370578523730416,92.27941176470588
program,static_mlp,3,5,"{""epochs"": 15, ""lr"": 0.0009901903478033085, ""weight_decay"": 0.08723425263323854, ""batch_size"": 128, ""dropout"": 0.2, ""static_h"": 256, ""rnn_h"": 64, ""cw_power"": 0.0}",58.40336134453782,0.4477795079458473,44.91674821779068,91.7016806722689
program,static_mlp,3,6,"{""epochs"": 25, ""lr"": 0.0009434758723506254, ""weight_decay"": 0.0008580818586234861, ""batch_size"": 128, ""dropout"": 0.5, ""static_h"": 64, ""rnn_h"": 32, ""cw_power"": 1.0}",53.51890756302521,0.4473838673607388,52.182728855644314,90.49369747899159
program,static_mlp,3,7,"{""epochs"": 40, ""lr"": 0.0011864643648259573, ""weight_decay"": 0.06061788178360261, ""batch_size"": 64, ""dropout"": 0.5, ""static_h"": 64, ""rnn_h"": 32, ""cw_power"": 0.0}",61.8172268907563,0.43540748806336893,42.39399442547716,92.59453781512606
program,lstm,3,0,"{""epochs"": 15, ""lr"": 0.001, ""weight_decay"": 0.01, ""batch_size"": 128, ""dropout"": 0.2, ""static_h"": 128, ""rnn_h"": 64, ""cw_power"": 1.0}",29.35924369747899,0.18646688603358066,27.220690133904125,62.39495798319328
program,lstm,3,1,"{""epochs"": 25, ""lr"": 0.0014536158643064065, ""weight_decay"": 0.02972015684023925, ""batch_size"": 64, ""dropout"": 0.5, ""static_h"": 128, ""rnn_h"": 128, ""cw_power"": 1.0}",28.781512605042014,0.19266762914612365,27.074795194807272,60.76680672268907
program,lstm,3,2,"{""epochs"": 25, ""lr"": 0.0006683257025000836, ""weight_decay"": 0.008536603187995729, ""batch_size"": 128, ""dropout"": 0.2, ""static_h"": 64, ""rnn_h"": 128, ""cw_power"": 0.0}",44.747899159663866,0.1194952816123911,17.052129506072024,84.24369747899159
program,lstm,3,3,"{""epochs"": 40, ""lr"": 0.002379860926505125, ""weight_decay"": 0.0054867874137499465, ""batch_size"": 128, ""dropout"": 0.3, ""static_h"": 256, ""rnn_h"": 64, ""cw_power"": 1.0}",24.054621848739497,0.17442872962851877,23.252513174940617,59.45378151260504
program,lstm,3,4,"{""epochs"": 15, ""lr"": 0.0004033631903530616, ""weight_decay"": 0.001459606812717812, ""batch_size"": 256, ""dropout"": 0.5, ""static_h"": 256, ""rnn_h"": 64, ""cw_power"": 0.5}",43.01470588235294,0.15144461800059525,20.056617966529537,82.87815126050421
program,lstm,3,5,"{""epochs"": 25, ""lr"": 0.000532510164071765, ""weight_decay"": 0.0001424582731581405, ""batch_size"": 64, ""dropout"": 0.2, ""static_h"": 128, ""rnn_h"": 128, ""cw_power"": 1.0}",28.256302521008404,0.191195178372678,27.727187250350244,61.029411764705884
program,lstm,3,6,"{""epochs"": 25, ""lr"": 0.0004222369019901721, ""weight_decay"": 0.00011119741378276333, ""batch_size"": 64, ""dropout"": 0.5, ""static_h"": 256, ""rnn_h"": 64, ""cw_power"": 1.0}",28.15126050420168,0.18464755164132649,26.564577757794762,61.18697478991597
program,lstm,3,7,"{""epochs"": 15, ""lr"": 0.001970584920309234, ""weight_decay"": 0.0012840099570376178, ""batch_size"": 128, ""dropout"": 0.5, ""static_h"": 128, ""rnn_h"": 128, ""cw_power"": 0.0}",44.905462184873954,0.13919080860669683,17.81226207608226,84.19117647058823
program,hyb1,3,0,"{""epochs"": 15, ""lr"": 0.001, ""weight_decay"": 0.01, ""batch_size"": 128, ""dropout"": 0.2, ""static_h"": 128, ""rnn_h"": 64, ""cw_power"": 1.0}",52.04831932773109,0.44379204587034726,51.8004420108806,89.07563025210085
program,hyb1,3,1,"{""epochs"": 25, ""lr"": 0.0006575709489612891, ""weight_decay"": 0.003677021084542638, ""batch_size"": 256, ""dropout"": 0.1, ""static_h"": 64, ""rnn_h"": 128, ""cw_power"": 1.0}",53.57142857142857,0.44911478197577465,51.47200875198139,89.86344537815127
program,hyb1,3,2,"{""epochs"": 15, ""lr"": 0.0010275691581300137, ""weight_decay"": 0.001523394950211076, ""batch_size"": 256, ""dropout"": 0.5, ""static_h"": 64, ""rnn_h"": 128, ""cw_power"": 1.0}",52.67857142857143,0.4528070121840071,54.79782252150998,86.1344537815126
program,hyb1,3,3,"{""epochs"": 40, ""lr"": 0.0008238336317337119, ""weight_decay"": 0.001943874738151797, ""batch_size"": 128, ""dropout"": 0.3, ""static_h"": 256, ""rnn_h"": 64, ""cw_power"": 1.0}",55.77731092436975,0.45918022410895576,51.63020523077812,92.01680672268907
program,hyb1,3,4,"{""epochs"": 15, ""lr"": 0.0012449985906273235, ""weight_decay"": 0.003986972141611934, ""batch_size"": 256, ""dropout"": 0.3, ""static_h"": 128, ""rnn_h"": 128, ""cw_power"": 0.0}",60.66176470588235,0.4315320184288884,43.10360690602913,92.17436974789915
program,hyb1,3,5,"{""epochs"": 40, ""lr"": 0.0008446296396094994, ""weight_decay"": 0.000924855973028693, ""batch_size"": 256, ""dropout"": 0.5, ""static_h"": 64, ""rnn_h"": 64, ""cw_power"": 1.0}",51.94327731092437,0.44411286329879873,52.63251198188639,89.5483193277311
program,hyb1,3,6,"{""epochs"": 25, ""lr"": 0.0009431881585967192, ""weight_decay"": 0.00012933617309926848, ""batch_size"": 64, ""dropout"": 0.1, ""static_h"": 64, ""rnn_h"": 64, ""cw_power"": 0.0}",60.66176470588235,0.4281166223575921,42.60128289224367,91.28151260504201
program,hyb1,3,7,"{""epochs"": 15, ""lr"": 0.00040486716871246484, ""weight_decay"": 0.0026488856042940863, ""batch_size"": 64, ""dropout"": 0.1, ""static_h"": 64, ""rnn_h"": 128, ""cw_power"": 0.0}",59.55882352941176,0.4305126333456177,43.5754542934561,91.91176470588235
program,hyb2,3,0,"{""epochs"": 15, ""lr"": 0.001, ""weight_decay"": 0.01, ""batch_size"": 128, ""dropout"": 0.2, ""static_h"": 128, ""rnn_h"": 64, ""cw_power"": 1.0}",51.73319327731093,0.44062775130597037,51.42009611098673,89.33823529411765
program,hyb2,3,1,"{""epochs"": 25, ""lr"": 0.002574738199157457, ""weight_decay"": 0.0003331964037470595, ""batch_size"": 128, ""dropout"": 0.5, ""static_h"": 128, ""rnn_h"": 128, ""cw_power"": 0.0}",61.029411764705884,0.41625393446028874,40.885986629795326,92.17436974789915
program,hyb2,3,2,"{""epochs"": 25, ""lr"": 0.0003821906763143887, ""weight_decay"": 0.09119032111992426, ""batch_size"": 128, ""dropout"": 0.2, ""static_h"": 64, ""rnn_h"": 128, ""cw_power"": 0.0}",62.34243697478992,0.4443050273955745,43.99313641606853,92.33193277310924
program,hyb2,3,3,"{""epochs"": 25, ""lr"": 0.0014415015052909584, ""weight_decay"": 0.003547106103076788, ""batch_size"": 128, ""dropout"": 0.2, ""static_h"": 256, ""rnn_h"": 32, ""cw_power"": 0.5}",57.720588235294116,0.4438700709620978,45.77141575047429,91.80672268907563
program,hyb2,3,4,"{""epochs"": 15, ""lr"": 0.001217256113982098, ""weight_decay"": 0.00805849241443454, ""batch_size"": 256, ""dropout"": 0.3, ""static_h"": 64, ""rnn_h"": 64, ""cw_power"": 0.5}",58.19327731092437,0.4630115772718182,49.44986479661882,91.07142857142857
program,hyb2,3,5,"{""epochs"": 25, ""lr"": 0.0003665193300732933, ""weight_decay"": 0.005744396313648285, ""batch_size"": 256, ""dropout"": 0.5, ""static_h"": 128, ""rnn_h"": 32, ""cw_power"": 0.0}",62.13235294117647,0.43255870519152023,43.153739223776974,91.75420168067227
program,hyb2,3,6,"{""epochs"": 25, ""lr"": 0.0014055880120055805, ""weight_decay"": 0.028142606648322202, ""batch_size"": 64, ""dropout"": 0.3, ""static_h"": 64, ""rnn_h"": 32, ""cw_power"": 1.0}",53.72899159663865,0.44817417307687174,52.165153887571336,90.44117647058823
program,hyb2,3,7,"{""epochs"": 40, ""lr"": 0.00037149826047728427, ""weight_decay"": 0.054909484004835286, ""batch_size"": 128, ""dropout"": 0.5, ""static_h"": 256, ""rnn_h"": 64, ""cw_power"": 1.0}",53.41386554621849,0.4557693661386663,52.74569343468883,91.75420168067227
program,hyb3,3,0,"{""epochs"": 15, ""lr"": 0.001, ""weight_decay"": 0.01, ""batch_size"": 128, ""dropout"": 0.2, ""static_h"": 128, ""rnn_h"": 64, ""cw_power"": 1.0}",51.05042016806722,0.4396222124158931,51.77556508950856,89.23319327731093
program,hyb3,3,1,"{""epochs"": 25, ""lr"": 0.002633882967299394, ""weight_decay"": 0.003961719637979849, ""batch_size"": 128, ""dropout"": 0.1, ""static_h"": 256, ""rnn_h"": 32, ""cw_power"": 0.0}",59.19117647058824,0.4258831875969174,41.10183752813478,90.38865546218487
program,hyb3,3,2,"{""epochs"": 40, ""lr"": 0.001324971638532941, ""weight_decay"": 0.0031668371401091405, ""batch_size"": 64, ""dropout"": 0.3, ""static_h"": 256, ""rnn_h"": 64, ""cw_power"": 0.5}",58.5609243697479,0.45681801739173244,47.91617210719697,91.38655462184873
program,hyb3,3,3,"{""epochs"": 15, ""lr"": 0.0007065955887931349, ""weight_decay"": 0.0003979572117284801, ""batch_size"": 64, ""dropout"": 0.2, ""static_h"": 128, ""rnn_h"": 64, ""cw_power"": 0.0}",61.18697478991597,0.4427755669679861,44.02607424572432,91.75420168067227
program,hyb3,3,4,"{""epochs"": 40, ""lr"": 0.0017203986930475646, ""weight_decay"": 0.0009264592124710653, ""batch_size"": 256, ""dropout"": 0.2, ""static_h"": 256, ""rnn_h"": 32, ""cw_power"": 0.0}",58.08823529411765,0.42970945002688415,41.7471632389895,90.75630252100841
program,hyb3,3,5,"{""epochs"": 25, ""lr"": 0.0016638860317559354, ""weight_decay"": 0.002804379137037306, ""batch_size"": 64, ""dropout"": 0.1, ""static_h"": 128, ""rnn_h"": 32, ""cw_power"": 1.0}",54.51680672268907,0.4262730773177026,47.42113418530715,90.86134453781513
program,hyb3,3,6,"{""epochs"": 40, ""lr"": 0.0007926654285742563, ""weight_decay"": 0.0008017777646164833, ""batch_size"": 128, ""dropout"": 0.2, ""static_h"": 64, ""rnn_h"": 64, ""cw_power"": 1.0}",52.15336134453782,0.42922356147357266,49.322454188392626,91.22899159663865
program,hyb3,3,7,"{""epochs"": 40, ""lr"": 0.0011090198347880897, ""weight_decay"": 0.003302641288540692, ""batch_size"": 256, ""dropout"": 0.2, ""static_h"": 256, ""rnn_h"": 32, ""cw_power"": 0.5}",56.9327731092437,0.44279392523985184,45.080230141829574,91.54411764705883
program,hyb4,3,0,"{""epochs"": 15, ""lr"": 0.001, ""weight_decay"": 0.01, ""batch_size"": 128, ""dropout"": 0.2, ""static_h"": 128, ""rnn_h"": 64, ""cw_power"": 1.0}",51.41806722689075,0.44095702266386644,52.57794004359293,89.23319327731093
program,hyb4,3,1,"{""epochs"": 40, ""lr"": 0.0009970319952776966, ""weight_decay"": 0.000522555456690189, ""batch_size"": 128, ""dropout"": 0.2, ""static_h"": 128, ""rnn_h"": 64, ""cw_power"": 0.5}",56.46008403361344,0.444125021281572,46.23271407941911,91.85924369747899
program,hyb4,3,2,"{""epochs"": 40, ""lr"": 0.0023775682144392654, ""weight_decay"": 0.0004286881673426183, ""batch_size"": 128, ""dropout"": 0.1, ""static_h"": 256, ""rnn_h"": 128, ""cw_power"": 0.0}",55.93487394957983,0.4271655538997026,43.216291766358204,89.91596638655463
program,hyb4,3,3,"{""epochs"": 15, ""lr"": 0.0014991512799657587, ""weight_decay"": 0.012845126807414651, ""batch_size"": 256, ""dropout"": 0.2, ""static_h"": 64, ""rnn_h"": 64, ""cw_power"": 0.0}",59.92647058823529,0.4301753369463703,43.89094013094468,91.96428571428571
program,hyb4,3,4,"{""epochs"": 15, ""lr"": 0.0022595338683919475, ""weight_decay"": 0.007476226813134224, ""batch_size"": 64, ""dropout"": 0.1, ""static_h"": 64, ""rnn_h"": 32, ""cw_power"": 0.5}",55.72478991596639,0.451134267041083,49.807469678993805,91.33403361344537
program,hyb4,3,5,"{""epochs"": 40, ""lr"": 0.0003599234106240444, ""weight_decay"": 0.0034392489394260008, ""batch_size"": 64, ""dropout"": 0.5, ""static_h"": 128, ""rnn_h"": 64, ""cw_power"": 1.0}",52.46848739495798,0.435556462428706,50.276801933714864,90.86134453781513
program,hyb4,3,6,"{""epochs"": 25, ""lr"": 0.001628461492961537, ""weight_decay"": 0.0029131907008188283, ""batch_size"": 128, ""dropout"": 0.1, ""static_h"": 64, ""rnn_h"": 128, ""cw_power"": 0.5}",58.45588235294118,0.45747963824758603,49.090635882144454,90.70378151260505
program,hyb4,3,7,"{""epochs"": 40, ""lr"": 0.002156707425438742, ""weight_decay"": 0.0007264603874537418, ""batch_size"": 64, ""dropout"": 0.2, ""static_h"": 128, ""rnn_h"": 64, ""cw_power"": 1.0}",52.52100840336135,0.4134748801501735,45.872975380081954,90.54621848739495
program,proposed,3,0,"{""epochs"": 15, ""lr"": 0.001, ""weight_decay"": 0.01, ""batch_size"": 128, ""dropout"": 0.2, ""static_h"": 128, ""rnn_h"": 64, ""cw_power"": 1.0}",52.52100840336135,0.4505583699048005,53.33173693930663,89.86344537815127
program,proposed,3,1,"{""epochs"": 40, ""lr"": 0.0021738451893552925, ""weight_decay"": 0.0004390812122161191, ""batch_size"": 256, ""dropout"": 0.5, ""static_h"": 256, ""rnn_h"": 64, ""cw_power"": 1.0}",51.41806722689075,0.4346582968512504,50.65810898185191,91.75420168067227
program,proposed,3,2,"{""epochs"": 25, ""lr"": 0.0014792288270714844, ""weight_decay"": 0.001349668528571211, ""batch_size"": 128, ""dropout"": 0.3, ""static_h"": 128, ""rnn_h"": 64, ""cw_power"": 0.5}",58.5609243697479,0.4584218939734261,48.27293110531912,92.17436974789915
program,proposed,3,3,"{""epochs"": 25, ""lr"": 0.0003916939550321835, ""weight_decay"": 0.02797664039428389, ""batch_size"": 64, ""dropout"": 0.3, ""static_h"": 256, ""rnn_h"": 128, ""cw_power"": 0.0}",61.13445378151261,0.42803487697560927,42.153665927194446,92.3844537815126
program,proposed,3,4,"{""epochs"": 25, ""lr"": 0.0021005751565456505, ""weight_decay"": 0.033999253069145, ""batch_size"": 128, ""dropout"": 0.5, ""static_h"": 64, ""rnn_h"": 128, ""cw_power"": 1.0}",51.575630252100844,0.4415651857398572,53.698807550290795,87.13235294117648
program,proposed,3,5,"{""epochs"": 40, ""lr"": 0.0023112347535621815, ""weight_decay"": 0.0010245806907628995, ""batch_size"": 256, ""dropout"": 0.2, ""static_h"": 256, ""rnn_h"": 64, ""cw_power"": 0.5}",58.71848739495798,0.4297167703041138,43.6458352773529,91.43907563025209
program,proposed,3,6,"{""epochs"": 25, ""lr"": 0.00043978612102040345, ""weight_decay"": 0.0005459340240775404, ""batch_size"": 128, ""dropout"": 0.1, ""static_h"": 128, ""rnn_h"": 32, ""cw_power"": 0.0}",60.03151260504202,0.4136960031616918,40.36524080855386,91.17647058823529
program,proposed,3,7,"{""epochs"": 25, ""lr"": 0.0005180533296666967, ""weight_decay"": 0.0005723222815995885, ""batch_size"": 64, ""dropout"": 0.1, ""static_h"": 128, ""rnn_h"": 64, ""cw_power"": 0.5}",57.98319327731093,0.4561218272099574,48.14153489773109,91.43907563025209
program,static_mlp,4,0,"{""epochs"": 15, ""lr"": 0.001, ""weight_decay"": 0.01, ""batch_size"": 128, ""dropout"": 0.2, ""static_h"": 128, ""rnn_h"": 64, ""cw_power"": 1.0}",55.35714285714286,0.4565027274248546,51.5562554156107,91.33403361344537
program,static_mlp,4,1,"{""epochs"": 40, ""lr"": 0.00034546168024043465, ""weight_decay"": 0.0004818597875693807, ""batch_size"": 128, ""dropout"": 0.1, ""static_h"": 256, ""rnn_h"": 64, ""cw_power"": 0.0}",59.55882352941176,0.4596331055698703,44.550792749177674,91.43907563025209
program,static_mlp,4,2,"{""epochs"": 15, ""lr"": 0.0016087281064882102, ""weight_decay"": 0.002198251215962206, ""batch_size"": 128, ""dropout"": 0.2, ""static_h"": 256, ""rnn_h"": 128, ""cw_power"": 0.0}",60.03151260504202,0.48871309152049175,47.927195718241066,92.17436974789915
program,static_mlp,4,3,"{""epochs"": 40, ""lr"": 0.0004542705201776713, ""weight_decay"": 0.0006677202150945266, ""batch_size"": 256, ""dropout"": 0.1, ""static_h"": 64, ""rnn_h"": 64, ""cw_power"": 0.0}",60.13655462184874,0.4761411911035945,45.402690728212654,92.01680672268907
program,static_mlp,4,4,"{""epochs"": 15, ""lr"": 0.0009891434326849103, ""weight_decay"": 0.09838133637545005, ""batch_size"": 256, ""dropout"": 0.3, ""static_h"": 64, ""rnn_h"": 128, ""cw_power"": 1.0}",52.73109243697479,0.4560906408429206,54.37151130473335,89.12815126050421
program,static_mlp,4,5,"{""epochs"": 40, ""lr"": 0.0005868366091991479, ""weight_decay"": 0.04504310869685016, ""batch_size"": 128, ""dropout"": 0.3, ""static_h"": 256, ""rnn_h"": 32, ""cw_power"": 0.5}",58.61344537815126,0.473336288073444,48.97015911267246,92.69957983193278
program,static_mlp,4,6,"{""epochs"": 40, ""lr"": 0.0003226674053016557, ""weight_decay"": 0.0003553343948796714, ""batch_size"": 64, ""dropout"": 0.5, ""static_h"": 64, ""rnn_h"": 32, ""cw_power"": 0.0}",61.60714285714286,0.4671139570588814,45.06543818461572,93.64495798319328
program,static_mlp,4,7,"{""epochs"": 15, ""lr"": 0.001787293767179162, ""weight_decay"": 0.001647441914653608, ""batch_size"": 256, ""dropout"": 0.1, ""static_h"": 128, ""rnn_h"": 64, ""cw_power"": 0.0}",61.50210084033614,0.4758508552342812,44.85745479677246,91.96428571428571
program,lstm,4,0,"{""epochs"": 15, ""lr"": 0.001, ""weight_decay"": 0.01, ""batch_size"": 128, ""dropout"": 0.2, ""static_h"": 128, ""rnn_h"": 64, ""cw_power"": 1.0}",27.258403361344534,0.1808481947259084,26.456557109597618,62.81512605042017
program,lstm,4,1,"{""epochs"": 25, ""lr"": 0.0011215491723175909, ""weight_decay"": 0.00034631889643654406, ""batch_size"": 128, ""dropout"": 0.3, ""static_h"": 256, ""rnn_h"": 64, ""cw_power"": 0.5}",41.17647058823529,0.16552394419745384,18.501911344098744,80.51470588235294
program,lstm,4,2,"{""epochs"": 40, ""lr"": 0.0004123523694906664, ""weight_decay"": 0.005534862991265883, ""batch_size"": 128, ""dropout"": 0.3, ""static_h"": 64, ""rnn_h"": 128, ""cw_power"": 0.0}",44.4327731092437,0.12865735707220774,17.242160918544457,83.24579831932773
program,lstm,4,3,"{""epochs"": 15, ""lr"": 0.0009294217088885521, ""weight_decay"": 0.004875829064997154, ""batch_size"": 128, ""dropout"": 0.1, ""static_h"": 128, ""rnn_h"": 128, ""cw_power"": 0.0}",45.063025210084035,0.12086304548350014,17.193243353891845,82.87815126050421
program,lstm,4,4,"{""epochs"": 15, ""lr"": 0.0016148968837596187, ""weight_decay"": 0.0002974026483992762, ""batch_size"": 64, ""dropout"": 0.2, ""static_h"": 256, ""rnn_h"": 128, ""cw_power"": 1.0}",27.78361344537815,0.1777445201920056,25.41499635154037,63.55042016806722
program,lstm,4,5,"{""epochs"": 40, ""lr"": 0.00036702205031102726, ""weight_decay"": 0.00030151629581057096, ""batch_size"": 128, ""dropout"": 0.5, ""static_h"": 256, ""rnn_h"": 128, ""cw_power"": 1.0}",27.100840336134453,0.1768651415726501,26.37311962471825,63.65546218487395
program,lstm,4,6,"{""epochs"": 15, ""lr"": 0.0007150358548495587, ""weight_decay"": 0.0005374684714033851, ""batch_size"": 64, ""dropout"": 0.2, ""static_h"": 64, ""rnn_h"": 128, ""cw_power"": 1.0}",27.205882352941174,0.17842879444671364,26.096842495505797,63.39285714285714
program,lstm,4,7,"{""epochs"": 40, ""lr"": 0.001833192252105295, ""weight_decay"": 0.05459864797870593, ""batch_size"": 64, ""dropout"": 0.1, ""static_h"": 256, ""rnn_h"": 128, ""cw_power"": 1.0}",27.67857142857143,0.18400382360082737,25.094432603652667,61.8172268907563
program,hyb1,4,0,"{""epochs"": 15, ""lr"": 0.001, ""weight_decay"": 0.01, ""batch_size"": 128, ""dropout"": 0.2, ""static_h"": 128, ""rnn_h"": 64, ""cw_power"": 1.0}",55.04201680672269,0.4702545957061446,55.09608418331712,91.17647058823529
program,hyb1,4,1,"{""epochs"": 25, ""lr"": 0.00098289902849372, ""weight_decay"": 0.00015428782088197266, ""batch_size"": 64, ""dropout"": 0.1, ""static_h"": 256, ""rnn_h"": 32, ""cw_power"": 1.0}",56.51260504201681,0.46748252797833306,51.162268760898385,91.59663865546219
program,hyb1,4,2,"{""epochs"": 40, ""lr"": 0.001690378379727125, ""weight_decay"": 0.03588757032566107, ""batch_size"": 64, ""dropout"": 0.2, ""static_h"": 256, ""rnn_h"": 64, ""cw_power"": 0.5}",57.40546218487395,0.46062199153511746,47.67731226699266,91.85924369747899
program,hyb1,4,3,"{""epochs"": 15, ""lr"": 0.0011893518825183455, ""weight_decay"": 0.02353858547798756, ""batch_size"": 128, ""dropout"": 0.3, ""static_h"": 256, ""rnn_h"": 32, ""cw_power"": 0.0}",61.50210084033614,0.46486073042696213,44.76548913106608,92.96218487394958
program,hyb1,4,4,"{""epochs"": 40, ""lr"": 0.001623909654843196, ""weight_decay"": 0.016647510833908006, ""batch_size"": 128, ""dropout"": 0.1, ""static_h"": 64, ""rnn_h"": 32, ""cw_power"": 1.0}",52.78361344537815,0.44598749559514966,50.842384109042925,91.49159663865547
program,hyb1,4,5,"{""epochs"": 40, ""lr"": 0.0007091949136923793, ""weight_decay"": 0.00032182893019688726, ""batch_size"": 256, ""dropout"": 0.1, ""static_h"": 128, ""rnn_h"": 128, ""cw_power"": 0.5}",57.1953781512605,0.46281300528790936,48.807142745227964,90.75630252100841
program,hyb1,4,6,"{""epochs"": 25, ""lr"": 0.0019242946823295982, ""weight_decay"": 0.001040325028578077, ""batch_size"": 64, ""dropout"": 0.5, ""static_h"": 256, ""rnn_h"": 32, ""cw_power"": 0.0}",60.976890756302524,0.44348886587478326,43.01476940588562,92.8046218487395
program,hyb1,4,7,"{""epochs"": 15, ""lr"": 0.000493056748499238, ""weight_decay"": 0.0010748528500844296, ""batch_size"": 64, ""dropout"": 0.3, ""static_h"": 128, ""rnn_h"": 32, ""cw_power"": 0.0}",61.97478991596639,0.45436800225189206,44.558132206690715,92.8046218487395
program,hyb2,4,0,"{""epochs"": 15, ""lr"": 0.001, ""weight_decay"": 0.01, ""batch_size"": 128, ""dropout"": 0.2, ""static_h"": 128, ""rnn_h"": 64, ""cw_power"": 1.0}",54.30672268907563,0.46890905484188267,55.373331275534085,91.59663865546219
program,hyb2,4,1,"{""epochs"": 25, ""lr"": 0.0015844552227951116, ""weight_decay"": 0.005186913647884492, ""batch_size"": 256, ""dropout"": 0.3, ""static_h"": 128, ""rnn_h"": 64, ""cw_power"": 0.0}",61.29201680672269,0.4592621240697794,44.14071085668325,93.0672268907563
program,hyb2,4,2,"{""epochs"": 40, ""lr"": 0.0023819334274946345, ""weight_decay"": 0.04950139402358592, ""batch_size"": 256, ""dropout"": 0.5, ""static_h"": 256, ""rnn_h"": 32, ""cw_power"": 0.5}",58.14075630252101,0.47605147980226953,51.3201427214945,92.06932773109243
program,hyb2,4,3,"{""epochs"": 25, ""lr"": 0.0008425028586497179, ""weight_decay"": 0.0035592172590575588, ""batch_size"": 256, ""dropout"": 0.2, ""static_h"": 128, ""rnn_h"": 128, ""cw_power"": 1.0}",55.46218487394958,0.4838940071931021,56.67002941486644,91.17647058823529
program,hyb2,4,4,"{""epochs"": 15, ""lr"": 0.002492794652409897, ""weight_decay"": 0.03822358278975509, ""batch_size"": 128, ""dropout"": 0.1, ""static_h"": 256, ""rnn_h"": 32, ""cw_power"": 1.0}",55.35714285714286,0.4578109673765072,50.33378036418385,90.80882352941177
program,hyb2,4,5,"{""epochs"": 25, ""lr"": 0.0005228055213906132, ""weight_decay"": 0.00014441025482348293, ""batch_size"": 256, ""dropout"": 0.5, ""static_h"": 64, ""rnn_h"": 32, ""cw_power"": 0.5}",59.29621848739496,0.4769153891585223,50.833031969135526,91.38655462184873
program,hyb2,4,6,"{""epochs"": 25, ""lr"": 0.0004449385390058283, ""weight_decay"": 0.0017245696478626605, ""batch_size"": 128, ""dropout"": 0.3, ""static_h"": 256, ""rnn_h"": 128, ""cw_power"": 1.0}",54.56932773109243,0.45971464230774167,52.189807939388686,92.5420168067227
program,hyb2,4,7,"{""epochs"": 25, ""lr"": 0.0023014008555920827, ""weight_decay"": 0.001722207476263025, ""batch_size"": 128, ""dropout"": 0.1, ""static_h"": 64, ""rnn_h"": 128, ""cw_power"": 0.5}",57.93067226890757,0.4529810276507553,46.802125202565364,91.12394957983193
program,hyb3,4,0,"{""epochs"": 15, ""lr"": 0.001, ""weight_decay"": 0.01, ""batch_size"": 128, ""dropout"": 0.2, ""static_h"": 128, ""rnn_h"": 64, ""cw_power"": 1.0}",55.09453781512605,0.47503608264919345,55.717579122239016,91.64915966386555
program,hyb3,4,1,"{""epochs"": 40, ""lr"": 0.000870304356913469, ""weight_decay"": 0.0005302490495490952, ""batch_size"": 64, ""dropout"": 0.2, ""static_h"": 64, ""rnn_h"": 64, ""cw_power"": 0.5}",58.61344537815126,0.4781944995180723,50.43867406501597,91.91176470588235
program,hyb3,4,2,"{""epochs"": 25, ""lr"": 0.0003640204944613279, ""weight_decay"": 0.007044826567297138, ""batch_size"": 128, ""dropout"": 0.5, ""static_h"": 128, ""rnn_h"": 32, ""cw_power"": 0.0}",62.07983193277311,0.4367342288205052,43.439979364437484,93.01470588235294
program,hyb3,4,3,"{""epochs"": 40, ""lr"": 0.0009549101657473422, ""weight_decay"": 0.0696957570486838, ""batch_size"": 64, ""dropout"": 0.3, ""static_h"": 64, ""rnn_h"": 32, ""cw_power"": 0.5}",57.30042016806722,0.47343800070029723,51.453119534477246,91.64915966386555
program,hyb3,4,4,"{""epochs"": 25, ""lr"": 0.0011430569092372028, ""weight_decay"": 0.007728557113589227, ""batch_size"": 128, ""dropout"": 0.1, ""static_h"": 128, ""rnn_h"": 32, ""cw_power"": 1.0}",56.19747899159664,0.4639805675852171,50.388192582875554,91.54411764705883
program,hyb3,4,5,"{""epochs"": 25, ""lr"": 0.0004092016645326534, ""weight_decay"": 0.056552041452904024, ""batch_size"": 128, ""dropout"": 0.2, ""static_h"": 64, ""rnn_h"": 64, ""cw_power"": 0.5}",60.08403361344538,0.4934776752497032,52.48207104105583,91.85924369747899
program,hyb3,4,6,"{""epochs"": 25, ""lr"": 0.0005229721475649745, ""weight_decay"": 0.0070819823291478345, ""batch_size"": 64, ""dropout"": 0.2, ""static_h"": 64, ""rnn_h"": 64, ""cw_power"": 0.0}",61.92226890756303,0.45208654748163,44.13321302739471,92.85714285714286
program,hyb3,4,7,"{""epochs"": 40, ""lr"": 0.0003392350303238783, ""weight_decay"": 0.03208962644281235, ""batch_size"": 64, ""dropout"": 0.2, ""static_h"": 64, ""rnn_h"": 64, ""cw_power"": 1.0}",52.94117647058824,0.462756789417238,54.86824072294647,89.70588235294117
program,hyb4,4,0,"{""epochs"": 15, ""lr"": 0.001, ""weight_decay"": 0.01, ""batch_size"": 128, ""dropout"": 0.2, ""static_h"": 128, ""rnn_h"": 64, ""cw_power"": 1.0}",54.35924369747899,0.46973622820813293,54.66126312476788,91.7016806722689
program,hyb4,4,1,"{""epochs"": 25, ""lr"": 0.0006011076153676068, ""weight_decay"": 0.0002722272506821156, ""batch_size"": 256, ""dropout"": 0.2, ""static_h"": 64, ""rnn_h"": 32, ""cw_power"": 0.0}",60.924369747899156,0.43874846588347777,43.661459130372954,92.75210084033614
program,hyb4,4,2,"{""epochs"": 25, ""lr"": 0.0017378048888254322, ""weight_decay"": 0.00018019273179844413, ""batch_size"": 64, ""dropout"": 0.5, ""static_h"": 128, ""rnn_h"": 64, ""cw_power"": 0.5}",58.82352941176471,0.48183491156654723,52.06766260398753,91.59663865546219
program,hyb4,4,3,"{""epochs"": 40, ""lr"": 0.0016765688105409126, ""weight_decay"": 0.005859751576606345, ""batch_size"": 64, ""dropout"": 0.3, ""static_h"": 256, ""rnn_h"": 64, ""cw_power"": 0.5}",57.24789915966386,0.4628660792909222,48.18721725834822,92.3844537815126
program,hyb4,4,4,"{""epochs"": 25, ""lr"": 0.00041213529137190685, ""weight_decay"": 0.00013749319881807686, ""batch_size"": 128, ""dropout"": 0.2, ""static_h"": 256, ""rnn_h"": 128, ""cw_power"": 0.5}",60.34663865546218,0.48310784615346064,49.109160329129686,92.64705882352942
program,hyb4,4,5,"{""epochs"": 25, ""lr"": 0.0010201499700678474, ""weight_decay"": 0.0013643526981264222, ""batch_size"": 128, ""dropout"": 0.1, ""static_h"": 64, ""rnn_h"": 128, ""cw_power"": 0.5}",57.98319327731093,0.4724407592323145,49.35230680769194,92.33193277310924
program,hyb4,4,6,"{""epochs"": 25, ""lr"": 0.002392934949016195, ""weight_decay"": 0.039409194789359475, ""batch_size"": 256, ""dropout"": 0.2, ""static_h"": 64, ""rnn_h"": 128, ""cw_power"": 1.0}",53.78151260504202,0.45610757241845,52.20969820781233,91.54411764705883
program,hyb4,4,7,"{""epochs"": 40, ""lr"": 0.00035292673499929503, ""weight_decay"": 0.013451926565152691, ""batch_size"": 128, ""dropout"": 0.3, ""static_h"": 128, ""rnn_h"": 64, ""cw_power"": 0.0}",61.39705882352941,0.45467956674374216,44.648470319586345,92.59453781512606
program,proposed,4,0,"{""epochs"": 15, ""lr"": 0.001, ""weight_decay"": 0.01, ""batch_size"": 128, ""dropout"": 0.2, ""static_h"": 128, ""rnn_h"": 64, ""cw_power"": 1.0}",54.25420168067227,0.4677206978685029,55.82920430887397,91.80672268907563
program,proposed,4,1,"{""epochs"": 25, ""lr"": 0.0011054055729755945, ""weight_decay"": 0.00019679916931561697, ""batch_size"": 64, ""dropout"": 0.3, ""static_h"": 128, ""rnn_h"": 64, ""cw_power"": 0.0}",60.976890756302524,0.4622202590699822,44.38089711734874,92.48949579831933
program,proposed,4,2,"{""epochs"": 40, ""lr"": 0.0013372595265102854, ""weight_decay"": 0.007061373769372928, ""batch_size"": 128, ""dropout"": 0.5, ""static_h"": 256, ""rnn_h"": 128, ""cw_power"": 0.5}",57.66806722689075,0.4706822937961684,50.32545846995266,92.96218487394958
program,proposed,4,3,"{""epochs"": 25, ""lr"": 0.0004587848787952761, ""weight_decay"": 0.0015101938669131118, ""batch_size"": 128, ""dropout"": 0.2, ""static_h"": 256, ""rnn_h"": 64, ""cw_power"": 1.0}",57.09033613445378,0.47780875793354577,53.26596752019391,92.33193277310924
program,proposed,4,4,"{""epochs"": 40, ""lr"": 0.002152869294721114, ""weight_decay"": 0.00794023784758595, ""batch_size"": 128, ""dropout"": 0.5, ""static_h"": 64, ""rnn_h"": 32, ""cw_power"": 1.0}",50.36764705882353,0.4429839108003035,55.17930309458904,87.86764705882352
program,proposed,4,5,"{""epochs"": 40, ""lr"": 0.0006954981320745962, ""weight_decay"": 0.08001204016890262, ""batch_size"": 256, ""dropout"": 0.2, ""static_h"": 256, ""rnn_h"": 64, ""cw_power"": 1.0}",56.40756302521008,0.4745759766891416,52.558107316856265,91.80672268907563
program,proposed,4,6,"{""epochs"": 15, ""lr"": 0.001457744718859082, ""weight_decay"": 0.005956634936694573, ""batch_size"": 256, ""dropout"": 0.2, ""static_h"": 128, ""rnn_h"": 128, ""cw_power"": 0.0}",59.97899159663865,0.4400484457379923,43.356055473677905,92.22689075630252
program,proposed,4,7,"{""epochs"": 40, ""lr"": 0.0004158661266995062, ""weight_decay"": 0.00013102617960672868, ""batch_size"": 256, ""dropout"": 0.1, ""static_h"": 128, ""rnn_h"": 64, ""cw_power"": 0.0}",58.45588235294118,0.4443454591787666,43.41268775603318,91.28151260504201
program,static_mlp,5,0,"{""epochs"": 15, ""lr"": 0.001, ""weight_decay"": 0.01, ""batch_size"": 128, ""dropout"": 0.2, ""static_h"": 128, ""rnn_h"": 64, ""cw_power"": 1.0}",56.56512605042017,0.48653727825898935,55.46723329861275,91.49159663865547
program,static_mlp,5,1,"{""epochs"": 40, ""lr"": 0.0006008671098850601, ""weight_decay"": 0.002956864277389644, ""batch_size"": 256, ""dropout"": 0.2, ""static_h"": 64, ""rnn_h"": 32, ""cw_power"": 1.0}",54.14915966386554,0.473346986753339,54.256304367492966,91.01890756302521
program,static_mlp,5,2,"{""epochs"": 25, ""lr"": 0.0006830813417560385, ""weight_decay"": 0.001164649400834583, ""batch_size"": 64, ""dropout"": 0.2, ""static_h"": 256, ""rnn_h"": 128, ""cw_power"": 1.0}",56.72268907563025,0.4844307207679062,53.19549948324801,91.7016806722689
program,static_mlp,5,3,"{""epochs"": 25, ""lr"": 0.0010942432413650982, ""weight_decay"": 0.00044847225359103364, ""batch_size"": 64, ""dropout"": 0.5, ""static_h"": 128, ""rnn_h"": 128, ""cw_power"": 0.5}",59.40126050420168,0.48810056200320456,51.73075910339106,92.90966386554622
program,static_mlp,5,4,"{""epochs"": 25, ""lr"": 0.0003734377465727659, ""weight_decay"": 0.04502371810502506, ""batch_size"": 64, ""dropout"": 0.5, ""static_h"": 128, ""rnn_h"": 128, ""cw_power"": 0.0}",62.60504201680672,0.4568590590144175,44.066516092932,93.59243697478992
program,static_mlp,5,5,"{""epochs"": 15, ""lr"": 0.00035340729478301384, ""weight_decay"": 0.0008514375843500655, ""batch_size"": 128, ""dropout"": 0.3, ""static_h"": 128, ""rnn_h"": 128, ""cw_power"": 1.0}",55.67226890756303,0.4741679243462927,54.11546911728925,89.33823529411765
program,static_mlp,5,6,"{""epochs"": 25, ""lr"": 0.001507368521538192, ""weight_decay"": 0.0014588961681114762, ""batch_size"": 64, ""dropout"": 0.5, ""static_h"": 256, ""rnn_h"": 32, ""cw_power"": 0.0}",62.76260504201681,0.47225367178812805,45.68187316228522,93.01470588235294
program,static_mlp,5,7,"{""epochs"": 40, ""lr"": 0.00034118965527348634, ""weight_decay"": 0.00023578521164118173, ""batch_size"": 128, ""dropout"": 0.3, ""static_h"": 128, ""rnn_h"": 64, ""cw_power"": 0.0}",62.23739495798319,0.46318873230975205,44.85179589322316,93.59243697478992
program,lstm,5,0,"{""epochs"": 15, ""lr"": 0.001, ""weight_decay"": 0.01, ""batch_size"": 128, ""dropout"": 0.2, ""static_h"": 128, ""rnn_h"": 64, ""cw_power"": 1.0}",30.304621848739494,0.19036380888689555,24.81379399216596,64.23319327731093
program,lstm,5,1,"{""epochs"": 40, ""lr"": 0.0021099342094086414, ""weight_decay"": 0.006528612653044464, ""batch_size"": 128, ""dropout"": 0.2, ""static_h"": 128, ""rnn_h"": 64, ""cw_power"": 0.5}",42.489495798319325,0.1969315012295165,21.181201709006256,79.46428571428571
program,lstm,5,2,"{""epochs"": 15, ""lr"": 0.00032514275315393646, ""weight_decay"": 0.000225011640838008, ""batch_size"": 256, ""dropout"": 0.5, ""static_h"": 128, ""rnn_h"": 128, ""cw_power"": 1.0}",30.304621848739494,0.1875145108675426,24.23577964639485,60.871848739495796
program,lstm,5,3,"{""epochs"": 40, ""lr"": 0.0017296825992394779, ""weight_decay"": 0.00014972259880780093, ""batch_size"": 64, ""dropout"": 0.2, ""static_h"": 128, ""rnn_h"": 64, ""cw_power"": 0.0}",44.642857142857146,0.1321319352539231,17.698442468077126,82.56302521008404
program,lstm,5,4,"{""epochs"": 40, ""lr"": 0.0009548412722165004, ""weight_decay"": 0.008110000408454866, ""batch_size"": 64, ""dropout"": 0.2, ""static_h"": 128, ""rnn_h"": 32, ""cw_power"": 1.0}",29.20168067226891,0.19455468223260142,25.161464324031485,63.4453781512605
program,lstm,5,5,"{""epochs"": 40, ""lr"": 0.002272041305437297, ""weight_decay"": 0.03721320873433934, ""batch_size"": 64, ""dropout"": 0.2, ""static_h"": 256, ""rnn_h"": 64, ""cw_power"": 0.0}",44.905462184873954,0.13481010296616913,17.893440125240335,82.51050420168067
program,lstm,5,6,"{""epochs"": 40, ""lr"": 0.00035705988412825976, ""weight_decay"": 0.0002952613083459054, ""batch_size"": 256, ""dropout"": 0.2, ""static_h"": 128, ""rnn_h"": 128, ""cw_power"": 0.5}",42.069327731092436,0.18843415188528237,20.344521669092273,80.9873949579832
program,lstm,5,7,"{""epochs"": 15, ""lr"": 0.0007022767440718029, ""weight_decay"": 0.0016514892157371015, ""batch_size"": 128, ""dropout"": 0.5, ""static_h"": 256, ""rnn_h"": 128, ""cw_power"": 1.0}",30.77731092436975,0.19141394929831332,25.324626000117767,64.44327731092437
program,hyb1,5,0,"{""epochs"": 15, ""lr"": 0.001, ""weight_decay"": 0.01, ""batch_size"": 128, ""dropout"": 0.2, ""static_h"": 128, ""rnn_h"": 64, ""cw_power"": 1.0}",55.98739495798319,0.4743644156098272,53.812663127978325,92.01680672268907
program,hyb1,5,1,"{""epochs"": 40, ""lr"": 0.0008141181309899033, ""weight_decay"": 0.002963321731820455, ""batch_size"": 256, ""dropout"": 0.3, ""static_h"": 256, ""rnn_h"": 128, ""cw_power"": 0.5}",58.66596638655462,0.4694636481345483,48.145719307974204,92.33193277310924
program,hyb1,5,2,"{""epochs"": 15, ""lr"": 0.0014480445118202174, ""weight_decay"": 0.001686638011380009, ""batch_size"": 256, ""dropout"": 0.5, ""static_h"": 64, ""rnn_h"": 64, ""cw_power"": 0.0}",61.92226890756303,0.42411421944489486,42.07030822890539,92.43697478991596
program,hyb1,5,3,"{""epochs"": 25, ""lr"": 0.0016392561088421455, ""weight_decay"": 0.015585169607945674, ""batch_size"": 128, ""dropout"": 0.1, ""static_h"": 64, ""rnn_h"": 128, ""cw_power"": 0.0}",62.02731092436975,0.4681681436644986,45.34124673611588,92.48949579831933
program,hyb1,5,4,"{""epochs"": 15, ""lr"": 0.0010586728941170212, ""weight_decay"": 0.0058075298319813584, ""batch_size"": 128, ""dropout"": 0.2, ""static_h"": 128, ""rnn_h"": 64, ""cw_power"": 0.0}",62.13235294117647,0.4519903865135036,44.372532155934465,92.59453781512606
program,hyb1,5,5,"{""epochs"": 15, ""lr"": 0.00038364813592218756, ""weight_decay"": 0.0015457091751321379, ""batch_size"": 128, ""dropout"": 0.1, ""static_h"": 64, ""rnn_h"": 32, ""cw_power"": 0.5}",59.19117647058824,0.48269430940227037,50.957555957373046,91.38655462184873
program,hyb1,5,6,"{""epochs"": 40, ""lr"": 0.002346910499792433, ""weight_decay"": 0.0013126447401470272, ""batch_size"": 64, ""dropout"": 0.5, ""static_h"": 128, ""rnn_h"": 128, ""cw_power"": 1.0}",52.62605042016807,0.4586826364481482,54.924298801504946,90.59873949579831
program,hyb1,5,7,"{""epochs"": 25, ""lr"": 0.002726314230054576, ""weight_decay"": 0.0017523149811902378, ""batch_size"": 256, ""dropout"": 0.3, ""static_h"": 128, ""rnn_h"": 64, ""cw_power"": 0.0}",60.71428571428571,0.45289042233948357,44.6101940414837,91.75420168067227
program,hyb2,5,0,"{""epochs"": 15, ""lr"": 0.001, ""weight_decay"": 0.01, ""batch_size"": 128, ""dropout"": 0.2, ""static_h"": 128, ""rnn_h"": 64, ""cw_power"": 1.0}",55.40966386554622,0.47397276142771044,54.13545208585081,92.3844537815126
program,hyb2,5,1,"{""epochs"": 40, ""lr"": 0.001352073007679542, ""weight_decay"": 0.003156251825074691, ""batch_size"": 256, ""dropout"": 0.1, ""static_h"": 256, ""rnn_h"": 64, ""cw_power"": 0.5}",59.03361344537815,0.47190577240478965,47.70450269788606,91.43907563025209
program,hyb2,5,2,"{""epochs"": 40, ""lr"": 0.0009334795269687763, ""weight_decay"": 0.00011054180314908066, ""batch_size"": 256, ""dropout"": 0.2, ""static_h"": 128, ""rnn_h"": 32, ""cw_power"": 0.5}",59.2436974789916,0.47197574279799953,48.70920530269976,91.96428571428571
program,hyb2,5,3,"{""epochs"": 25, ""lr"": 0.0018415925982616648, ""weight_decay"": 0.0025725285306706157, ""batch_size"": 128, ""dropout"": 0.2, ""static_h"": 64, ""rnn_h"": 32, ""cw_power"": 0.5}",58.45588235294118,0.4891713329322082,52.77111551161243,92.27941176470588
program,hyb2,5,4,"{""epochs"": 40, ""lr"": 0.002717574819079581, ""weight_decay"": 0.03406074428588829, ""batch_size"": 256, ""dropout"": 0.5, ""static_h"": 128, ""rnn_h"": 64, ""cw_power"": 0.5}",58.29831932773109,0.4605446625538215,48.71402999389411,92.59453781512606
program,hyb2,5,5,"{""epochs"": 25, ""lr"": 0.0006334057961332984, ""weight_decay"": 0.00636944880562702, ""batch_size"": 256, ""dropout"": 0.5, ""static_h"": 128, ""rnn_h"": 32, ""cw_power"": 0.5}",59.40126050420168,0.48065118466310364,50.76248940062822,92.33193277310924
program,hyb2,5,6,"{""epochs"": 25, ""lr"": 0.0003215694415069355, ""weight_decay"": 0.00015938962907478994, ""batch_size"": 128, ""dropout"": 0.3, ""static_h"": 64, ""rnn_h"": 128, ""cw_power"": 0.5}",59.19117647058824,0.46170514880152785,48.22133548095557,91.49159663865547
program,hyb2,5,7,"{""epochs"": 15, ""lr"": 0.000686264688914353, ""weight_decay"": 0.013118702618962856, ""batch_size"": 64, ""dropout"": 0.3, ""static_h"": 64, ""rnn_h"": 32, ""cw_power"": 1.0}",55.3046218487395,0.4765181819488588,55.4032493716424,91.17647058823529
program,hyb3,5,0,"{""epochs"": 15, ""lr"": 0.001, ""weight_decay"": 0.01, ""batch_size"": 128, ""dropout"": 0.2, ""static_h"": 128, ""rnn_h"": 64, ""cw_power"": 1.0}",55.04201680672269,0.472485140497612,54.71742043575373,91.7016806722689
program,hyb3,5,1,"{""epochs"": 25, ""lr"": 0.0003260741058898288, ""weight_decay"": 0.00018826854876399375, ""batch_size"": 128, ""dropout"": 0.1, ""static_h"": 64, ""rnn_h"": 64, ""cw_power"": 0.0}",61.18697478991597,0.44837734161310655,44.513508399016594,92.43697478991596
program,hyb3,5,2,"{""epochs"": 15, ""lr"": 0.0016106257453829455, ""weight_decay"": 0.00010741345814317505, ""batch_size"": 256, ""dropout"": 0.3, ""static_h"": 64, ""rnn_h"": 32, ""cw_power"": 0.5}",58.92857142857143,0.48141918377024817,51.415373021803376,92.33193277310924
program,hyb3,5,3,"{""epochs"": 15, ""lr"": 0.000626354362720812, ""weight_decay"": 0.08544912325117482, ""batch_size"": 128, ""dropout"": 0.2, ""static_h"": 128, ""rnn_h"": 64, ""cw_power"": 0.5}",58.66596638655462,0.4808942295148502,50.745485073858845,92.75210084033614
program,hyb3,5,4,"{""epochs"": 25, ""lr"": 0.00033978708376611403, ""weight_decay"": 0.0033690791038046277, ""batch_size"": 128, ""dropout"": 0.5, ""static_h"": 128, ""rnn_h"": 128, ""cw_power"": 0.0}",62.44747899159664,0.4405878245067523,43.12677352382797,92.75210084033614
program,hyb3,5,5,"{""epochs"": 25, ""lr"": 0.0030121909436241585, ""weight_decay"": 0.02477156004398859, ""batch_size"": 128, ""dropout"": 0.5, ""static_h"": 64, ""rnn_h"": 64, ""cw_power"": 1.0}",54.41176470588235,0.4669472348445926,56.05227492010454,89.96848739495799
program,hyb3,5,6,"{""epochs"": 15, ""lr"": 0.0008146631150172094, ""weight_decay"": 0.0008324356336281861, ""batch_size"": 128, ""dropout"": 0.3, ""static_h"": 256, ""rnn_h"": 64, ""cw_power"": 0.5}",60.1890756302521,0.4822111522471278,49.660418489468604,93.38235294117648
program,hyb3,5,7,"{""epochs"": 25, ""lr"": 0.0026168177327416005, ""weight_decay"": 0.0027371508064938915, ""batch_size"": 64, ""dropout"": 0.1, ""static_h"": 256, ""rnn_h"": 64, ""cw_power"": 0.5}",58.08823529411765,0.4659711006955225,48.56180809413229,90.96638655462185
program,hyb4,5,0,"{""epochs"": 15, ""lr"": 0.001, ""weight_decay"": 0.01, ""batch_size"": 128, ""dropout"": 0.2, ""static_h"": 128, ""rnn_h"": 64, ""cw_power"": 1.0}",53.88655462184874,0.4474490621266196,50.88542512711195,91.49159663865547
program,hyb4,5,1,"{""epochs"": 40, ""lr"": 0.0004234012137834525, ""weight_decay"": 0.004953809209023514, ""batch_size"": 128, ""dropout"": 0.5, ""static_h"": 256, ""rnn_h"": 32, ""cw_power"": 1.0}",53.9390756302521,0.4692159556993678,54.49055677465966,91.17647058823529
program,hyb4,5,2,"{""epochs"": 40, ""lr"": 0.0003733812945516899, ""weight_decay"": 0.0011673755256493314, ""batch_size"": 128, ""dropout"": 0.1, ""static_h"": 256, ""rnn_h"": 32, ""cw_power"": 0.0}",59.5063025210084,0.4679601885624711,45.63265106020379,91.75420168067227
program,hyb4,5,3,"{""epochs"": 15, ""lr"": 0.0007589461283183744, ""weight_decay"": 0.0014492034364921226, ""batch_size"": 256, ""dropout"": 0.5, ""static_h"": 256, ""rnn_h"": 64, ""cw_power"": 0.5}",59.97899159663865,0.4807765606116799,50.80783466817924,92.64705882352942
program,hyb4,5,4,"{""epochs"": 25, ""lr"": 0.0011615571378553074, ""weight_decay"": 0.0010368360675672695, ""batch_size"": 128, ""dropout"": 0.5, ""static_h"": 256, ""rnn_h"": 128, ""cw_power"": 0.0}",61.92226890756303,0.4442899881623863,43.897789212655866,93.32983193277312
program,hyb4,5,5,"{""epochs"": 15, ""lr"": 0.0007161367820430366, ""weight_decay"": 0.00033439043014702466, ""batch_size"": 128, ""dropout"": 0.2, ""static_h"": 128, ""rnn_h"": 128, ""cw_power"": 1.0}",55.25210084033614,0.4675572375448615,52.973247102557394,92.22689075630252
program,hyb4,5,6,"{""epochs"": 40, ""lr"": 0.0011868578162522688, ""weight_decay"": 0.002526250612463551, ""batch_size"": 64, ""dropout"": 0.5, ""static_h"": 256, ""rnn_h"": 128, ""cw_power"": 0.5}",58.50840336134454,0.4800025300705704,51.14291741644009,92.64705882352942
program,hyb4,5,7,"{""epochs"": 25, ""lr"": 0.0026460947249285684, ""weight_decay"": 0.02863324161483029, ""batch_size"": 256, ""dropout"": 0.5, ""static_h"": 256, ""rnn_h"": 128, ""cw_power"": 1.0}",54.98949579831933,0.46702840418441416,52.9709884170186,91.75420168067227
program,proposed,5,0,"{""epochs"": 15, ""lr"": 0.001, ""weight_decay"": 0.01, ""batch_size"": 128, ""dropout"": 0.2, ""static_h"": 128, ""rnn_h"": 64, ""cw_power"": 1.0}",54.88445378151261,0.46907208298147324,52.660082470572256,91.17647058823529
program,proposed,5,1,"{""epochs"": 15, ""lr"": 0.0018440016191204245, ""weight_decay"": 0.005511241077094505, ""batch_size"": 128, ""dropout"": 0.1, ""static_h"": 128, ""rnn_h"": 128, ""cw_power"": 0.0}",60.76680672268907,0.474028219452672,46.21408840085972,91.75420168067227
program,proposed,5,2,"{""epochs"": 25, ""lr"": 0.00047640975087784657, ""weight_decay"": 0.04054875893507666, ""batch_size"": 128, ""dropout"": 0.1, ""static_h"": 256, ""rnn_h"": 64, ""cw_power"": 0.5}",57.93067226890757,0.46533612586000106,48.62402846651,91.28151260504201
program,proposed,5,3,"{""epochs"": 25, ""lr"": 0.00200412660668394, ""weight_decay"": 0.0028031104620735462, ""batch_size"": 256, ""dropout"": 0.1, ""static_h"": 256, ""rnn_h"": 128, ""cw_power"": 0.5}",56.82773109243697,0.4454058243380887,45.3633701660432,91.64915966386555
program,proposed,5,4,"{""epochs"": 25, ""lr"": 0.002357267559223459, ""weight_decay"": 0.004364726165047617, ""batch_size"": 256, ""dropout"": 0.3, ""static_h"": 128, ""rnn_h"": 128, ""cw_power"": 1.0}",54.726890756302524,0.4642964410376918,53.0981290827767,91.49159663865547
program,proposed,5,5,"{""epochs"": 40, ""lr"": 0.0030057004721149457, ""weight_decay"": 0.0030818536605724403, ""batch_size"": 256, ""dropout"": 0.1, ""static_h"": 128, ""rnn_h"": 32, ""cw_power"": 1.0}",57.1953781512605,0.47851108012196325,51.99719809986946,91.38655462184873
program,proposed,5,6,"{""epochs"": 15, ""lr"": 0.00036702866454574063, ""weight_decay"": 0.09608199795340458, ""batch_size"": 128, ""dropout"": 0.1, ""static_h"": 128, ""rnn_h"": 64, ""cw_power"": 0.5}",59.29621848739496,0.4752053731719635,50.1426649808026,91.64915966386555
program,proposed,5,7,"{""epochs"": 15, ""lr"": 0.0027429427458555184, ""weight_decay"": 0.0002586513228794047, ""batch_size"": 128, ""dropout"": 0.2, ""static_h"": 128, ""rnn_h"": 64, ""cw_power"": 0.0}",61.71218487394958,0.45080671314095505,44.103449660401836,92.22689075630252
program,logreg,1,0,"{""C"": 1.0, ""cw_power"": 1.0}",53.57142857142857,0.4592030473943724,53.509490425654725,88.02521008403362
program,logreg,1,1,"{""C"": 0.0029652225978662474, ""cw_power"": 0.5}",57.66806722689075,0.3431393921752499,33.83502017998936,88.1827731092437
program,logreg,1,2,"{""C"": 3.705718579526373, ""cw_power"": 0.5}",58.5609243697479,0.47083880842371983,48.92452178980803,91.54411764705883
program,logreg,1,3,"{""C"": 0.0012848959331447827, ""cw_power"": 0.5}",56.19747899159664,0.27920482621561377,28.602463255026805,86.92226890756302
program,logreg,1,4,"{""C"": 0.010007903524306775, ""cw_power"": 0.5}",59.82142857142857,0.42442040973387707,42.18708025211308,89.28571428571429
program,logreg,1,5,"{""C"": 0.06496343130666273, ""cw_power"": 0.0}",62.18487394957983,0.41684586879465574,40.37147650470398,91.85924369747899
program,logreg,1,6,"{""C"": 0.00341764481821539, ""cw_power"": 0.0}",58.50840336134454,0.2598008934211044,27.38686750049836,87.44747899159664
program,logreg,1,7,"{""C"": 1.6804936839787366, ""cw_power"": 1.0}",53.51890756302521,0.4598378545512829,53.841148078148784,87.97268907563026
program,logreg,2,0,"{""C"": 1.0, ""cw_power"": 1.0}",55.5672268907563,0.47848198080954013,57.51325547730007,89.12815126050421
program,logreg,2,1,"{""C"": 0.00175959083420428, ""cw_power"": 0.0}",56.46008403361344,0.21986504665515358,24.696911487405814,87.13235294117648
program,logreg,2,2,"{""C"": 0.437300324089879, ""cw_power"": 1.0}",55.93487394957983,0.47948306753039316,57.681108946690586,88.28781512605042
program,logreg,2,3,"{""C"": 3.752864606041097, ""cw_power"": 0.5}",60.34663865546218,0.4965250501203499,53.39237361313742,93.17226890756302
program,logreg,2,4,"{""C"": 0.2667257610118884, ""cw_power"": 0.0}",62.86764705882353,0.4449481450824238,42.84648210531262,93.4873949579832
program,logreg,2,5,"{""C"": 0.05448411414805728, ""cw_power"": 0.0}",62.65756302521008,0.41716717809699055,40.1948921691518,92.12184873949579
program,logreg,2,6,"{""C"": 1.568816102852518, ""cw_power"": 0.5}",61.18697478991597,0.4997890806013321,52.995787336887325,93.11974789915966
program,logreg,2,7,"{""C"": 0.02134259335783084, ""cw_power"": 1.0}",54.20168067226891,0.4488203273377877,51.2373939198992,84.82142857142857
program,logreg,3,0,"{""C"": 1.0, ""cw_power"": 1.0}",54.726890756302524,0.4697165652188917,57.08131502215369,88.39285714285714
program,logreg,3,1,"{""C"": 0.05955516775309552, ""cw_power"": 0.0}",63.02521008403361,0.415881149951773,39.6988486806109,92.17436974789915
program,logreg,3,2,"{""C"": 0.0031237727762250264, ""cw_power"": 0.5}",59.03361344537815,0.3668477540296178,35.49989646826968,89.39075630252101
program,logreg,3,3,"{""C"": 0.003410248275109717, ""cw_power"": 0.5}",59.45378151260504,0.3763220195253412,36.342681684932856,89.44327731092437
program,logreg,3,4,"{""C"": 0.001537763678051074, ""cw_power"": 0.0}",56.35504201680672,0.21157588048060827,24.122483297593835,86.92226890756302
program,logreg,3,5,"{""C"": 0.7004728866453235, ""cw_power"": 1.0}",54.83193277310925,0.4692955673043046,56.95282997265723,88.07773109243698
program,logreg,3,6,"{""C"": 0.06464939414042582, ""cw_power"": 0.0}",63.02521008403361,0.4163524370417946,39.77162802775465,92.17436974789915
program,logreg,3,7,"{""C"": 0.0108513099855405, ""cw_power"": 0.0}",62.02731092436975,0.35756096165299817,33.950005002354715,90.28361344537815
program,logreg,4,0,"{""C"": 1.0, ""cw_power"": 1.0}",53.72899159663865,0.4760715508349633,58.609552778895576,88.39285714285714
program,logreg,4,1,"{""C"": 0.04676309177035083, ""cw_power"": 1.0}",55.51470588235294,0.4859380565187998,57.454173789581496,84.71638655462185
program,logreg,4,2,"{""C"": 0.007645054327875909, ""cw_power"": 0.5}",60.50420168067227,0.41551482403932116,40.81078118991233,90.91386554621849
program,logreg,4,3,"{""C"": 0.0872106712170092, ""cw_power"": 0.0}",61.65966386554622,0.4252026595284783,40.69033032943688,92.96218487394958
program,logreg,4,4,"{""C"": 1.3555913330162743, ""cw_power"": 0.0}",62.18487394957983,0.4829515271182543,45.69759200106506,93.59243697478992
program,logreg,4,5,"{""C"": 0.0013125238036429988, ""cw_power"": 1.0}",48.634453781512605,0.3970169659513116,45.618573963216626,76.57563025210085
program,logreg,4,6,"{""C"": 0.06665830491856498, ""cw_power"": 0.0}",61.60714285714286,0.4211232624059817,40.160075557109835,92.85714285714286
program,logreg,4,7,"{""C"": 1.0454104567716709, ""cw_power"": 0.0}",62.13235294117647,0.48415557722993907,45.693333309996206,93.69747899159664
program,logreg,5,0,"{""C"": 1.0, ""cw_power"": 1.0}",55.14705882352941,0.4856067641040316,58.812139689273415,88.4453781512605
program,logreg,5,1,"{""C"": 0.09736092567339191, ""cw_power"": 1.0}",55.09453781512605,0.46904892803390613,54.61283072257482,85.76680672268907
program,logreg,5,2,"{""C"": 0.023896636537163042, ""cw_power"": 1.0}",53.88655462184874,0.453663670897392,52.44165641369541,83.45588235294117
program,logreg,5,3,"{""C"": 0.6360209832873298, ""cw_power"": 0.0}",62.60504201680672,0.4590354196002751,44.364737211103794,93.11974789915966
program,logreg,5,4,"{""C"": 0.0011767888036725144, ""cw_power"": 0.5}",55.40966386554622,0.2793320289346194,28.523042199385657,86.65966386554622
program,logreg,5,5,"{""C"": 0.03715691989155586, ""cw_power"": 0.5}",60.60924369747899,0.45721265774383096,46.488495058017534,90.75630252100841
program,logreg,5,6,"{""C"": 0.0054072523472769255, ""cw_power"": 0.5}",59.66386554621849,0.4054600667603074,39.94759790141305,89.33823529411765
program,logreg,5,7,"{""C"": 4.060275453510417, ""cw_power"": 1.0}",55.51470588235294,0.48876171188279355,59.142709911006264,89.12815126050421
