model,fold,accuracy,macro_f1,bal_acc,top3,track_acc_derived
hgb,1,57.26890756302521,0.4824841271823657,53.09162926811008,92.56302521008404,60.924369747899156
hgb,2,59.66386554621849,0.48575730145389956,49.64913019240068,93.15126050420169,62.73109243697479
hgb,3,60.462184873949575,0.4944334624228543,52.32314796846145,93.4453781512605,63.8235294117647
hgb,4,60.08403361344538,0.4912567687303453,52.738554098181986,93.27731092436974,61.97478991596639
hgb,5,55.21008403361345,0.4768100230580887,55.32663465694186,90.96638655462185,58.02521008403362
rf,1,60.67226890756302,0.5094674231512897,54.218135033809645,93.52941176470588,63.0672268907563
rf,2,61.72268907563026,0.5009650225961798,50.57561219580028,93.31932773109244,62.773109243697476
rf,3,61.806722689075634,0.5202347322308549,55.579642958249345,93.19327731092437,63.739495798319325
rf,4,60.0,0.49561807110521655,53.33711445135041,93.19327731092437,61.1764705882353
rf,5,60.798319327731086,0.4943717328628678,50.6438725926438,92.98319327731093,61.806722689075634
static_mlp,1,59.411764705882355,0.48313990180274496,50.6834488882507,92.81512605042018,62.142857142857146
lstm,1,29.075630252100844,0.1833561385113099,26.118958073433348,63.403361344537814,25.252100840336134
hyb1,1,57.85714285714286,0.4746781312132895,51.655010051252326,92.14285714285714,60.7563025210084
hyb2,1,58.57142857142858,0.4807989825931305,51.80086437923869,91.97478991596638,62.35294117647059
hyb3,1,57.47899159663865,0.4670748730029864,50.1999786280396,92.47899159663866,60.63025210084033
hyb4,1,57.98319327731093,0.45803646701144035,47.96755268597246,92.31092436974791,60.966386554621856
proposed,1,57.731092436974784,0.4626788741715853,50.23334781977419,92.26890756302521,60.84033613445378
static_mlp,2,58.78151260504202,0.48004613834619253,49.8754138116654,91.38655462184873,61.050420168067234
lstm,2,29.789915966386555,0.19447190514192214,27.260443446060762,59.2436974789916,23.52941176470588
hyb1,2,56.134453781512605,0.44708930182579204,47.84756266507641,91.42857142857143,59.49579831932773
hyb2,2,57.22689075630252,0.46008797620480507,48.203693881047904,91.72268907563024,59.87394957983193
hyb3,2,53.739495798319325,0.46725509653630226,55.41286782753202,88.65546218487394,56.554621848739494
hyb4,2,58.69747899159664,0.4840570817885703,51.95188203506294,92.10084033613445,60.71428571428571
proposed,2,56.890756302521005,0.45828338775905625,49.31849557541374,91.72268907563024,60.42016806722689
static_mlp,3,60.252100840336134,0.49502202321173067,52.234660747563524,93.52941176470588,62.436974789915965
lstm,3,25.840336134453786,0.17120214428573752,23.366387330943326,62.6890756302521,21.932773109243698
hyb1,3,54.66386554621848,0.45957320365717647,51.799857267459316,92.6890756302521,58.40336134453782
hyb2,3,59.831932773109244,0.5056187746154868,55.05020923810021,92.26890756302521,61.596638655462186
hyb3,3,57.899159663865554,0.4737302890271288,49.3755238793123,91.890756302521,60.3781512605042
hyb4,3,59.87394957983193,0.4894806593320417,51.82875377629404,92.01680672268907,62.6890756302521
proposed,3,60.588235294117645,0.5020789687656751,52.69143523077263,92.10084033613445,63.403361344537814
static_mlp,4,60.168067226890756,0.43285786896566264,42.963419268974626,91.97478991596638,62.26890756302521
lstm,4,28.991596638655466,0.19087082685193224,25.055833033452142,63.52941176470588,24.95798319327731
hyb1,4,54.70588235294118,0.46192236579503704,52.92768914002125,91.76470588235294,58.90756302521009
hyb2,4,55.420168067226896,0.4646654235760774,52.86473113667521,91.72268907563024,59.2436974789916
hyb3,4,58.61344537815126,0.46765177106366435,50.3586604576017,92.31092436974791,61.63865546218488
hyb4,4,58.82352941176471,0.46382239489989424,48.28509930509299,91.890756302521,61.76470588235294
proposed,4,56.42857142857143,0.4624240820093248,50.65248458564577,91.84873949579831,60.08403361344538
static_mlp,5,57.436974789915965,0.47604818655600084,50.86118668675367,91.9327731092437,60.67226890756302
lstm,5,41.806722689075634,0.18408851541835677,19.727918227574637,80.71428571428572,38.193277310924366
hyb1,5,58.61344537815126,0.4801910948062799,50.24761363933171,91.42857142857143,60.798319327731086
hyb2,5,56.05042016806723,0.45761268753313783,49.33237956080137,91.55462184873949,59.87394957983193
hyb3,5,58.02521008403362,0.48105377607421884,50.849306654673946,91.84873949579831,61.386554621848745
hyb4,5,57.647058823529406,0.4754267372039293,50.61345561883002,92.18487394957982,59.747899159663866
proposed,5,55.840336134453786,0.462771947028243,50.11093444989496,91.21848739495798,60.0
logreg,1,59.831932773109244,0.4954670393259624,52.47469335824836,92.77310924369748,61.84873949579832
logreg,2,59.87394957983193,0.49694456785424695,52.49810663008385,92.31092436974791,61.34453781512605
logreg,3,55.294117647058826,0.48661724390953526,58.563141198087386,88.73949579831933,58.19327731092437
logreg,4,56.80672268907563,0.4739373800946005,54.40426885931233,87.01680672268908,57.60504201680672
logreg,5,54.11764705882353,0.47269189100740244,57.200851471450854,89.57983193277312,57.22689075630252
majority,1,44.70588235294118,0.10298102981029811,16.666666666666664,82.14285714285714,
majority,2,44.70588235294118,0.10298102981029811,16.666666666666664,82.14285714285714,
majority,3,44.70588235294118,0.10298102981029811,16.666666666666664,82.14285714285714,
majority,4,44.66386554621849,0.10291412527834254,16.666666666666664,82.10084033613445,
majority,5,44.66386554621849,0.10291412527834254,16.666666666666664,82.10084033613445,
