model,name,variant,pr_auc_original,pr_auc_variant,delta,ci_lo,ci_hi,rel_change_pct,p,p_holm
lstm,Standalone LSTM,shuffle_months,0.14396601277008553,0.10099880254919817,-0.04296721022088737,-0.0483806671326741,-0.037553753309100636,-29.8453846113709,2.5096111145684756e-05,0.0006775950009334884
lstm,Standalone LSTM,reverse_months,0.14396601277008553,0.09185009691104226,-0.05211591585904325,-0.058073195250089533,-0.04615863646799697,-36.2001522833536,1.704564841359806e-05,0.0005113694524079417
lstm,Standalone LSTM,swap_students,0.14396601277008553,0.07085529902559559,-0.07311071374448994,-0.07892469939115672,-0.06729672809782315,-50.78331499063472,4.0160132357364985e-06,0.00013252843677930446
lstm,Standalone LSTM,zero,0.14396601277008553,0.07048125452267995,-0.07348475824740558,-0.07988649824547871,-0.06708301824933245,-51.043129439697076,5.7776712735729975e-06,0.00018488548075433592
hyb1,Hybrid-1 (MLP+CNN+LSTM),shuffle_months,0.5535041952144255,0.5111003946295334,-0.042403800584892126,-0.05440692478377805,-0.030400676386006197,-7.660971850170901,0.0006056779105315099,0.004239745373720569
hyb1,Hybrid-1 (MLP+CNN+LSTM),reverse_months,0.5535041952144255,0.48056668167389843,-0.072937513540527,-0.08619177928019292,-0.05968324780086107,-13.177409344164278,0.00010703148298658864,0.0023546926257049503
hyb1,Hybrid-1 (MLP+CNN+LSTM),swap_students,0.5535041952144255,0.49168462507459304,-0.06181957013983247,-0.06992622624895475,-0.053712914030710185,-11.168762707549813,2.941891821434296e-05,0.000764891873572917
hyb1,Hybrid-1 (MLP+CNN+LSTM),zero,0.5535041952144255,0.5232429947846464,-0.030261200429779013,-0.038045978584227744,-0.022476422275330282,-5.467203445143887,0.00041800267797513946,0.004024720980482186
hyb2,Hybrid-2 (MLP+BiLSTM),shuffle_months,0.5531320862155871,0.5085542452950379,-0.04457784092054917,-0.05909245396675747,-0.030063227874340875,-8.059167426995845,0.0010378513987950356,0.006227108392770214
hyb2,Hybrid-2 (MLP+BiLSTM),reverse_months,0.5531320862155871,0.46285671202208273,-0.09027537419350437,-0.10753234607717646,-0.07301840230983228,-16.320762516445107,0.00013066956784129097,0.0026133913568258194
hyb2,Hybrid-2 (MLP+BiLSTM),swap_students,0.5531320862155871,0.49509394094927933,-0.058038145266307704,-0.06438318135419001,-0.05169310917842541,-10.492637601877778,1.4275830775185124e-05,0.00044255075403073883
hyb2,Hybrid-2 (MLP+BiLSTM),zero,0.5531320862155871,0.5205618179907334,-0.03257026822485361,-0.03941603921233751,-0.02572449723736971,-5.888334637697933,0.00018975179256942753,0.0034155322662496957
hyb3,Hybrid-3 (MLP+GRU),shuffle_months,0.5551808796468385,0.5034953850199371,-0.05168549462690134,-0.06563249488059472,-0.03773849437320797,-9.309667627563021,0.0005032430660613075,0.00402594452849046
hyb3,Hybrid-3 (MLP+GRU),reverse_months,0.5551808796468385,0.4554995448743936,-0.09968133477244481,-0.1174629094846795,-0.08189976006021013,-17.954749240617595,9.948607345898772e-05,0.0022881796895567173
hyb3,Hybrid-3 (MLP+GRU),swap_students,0.5551808796468385,0.4881554737874697,-0.06702540585936878,-0.0719986423334741,-0.062052169385263464,-12.072715094584124,3.045990291704905e-06,0.00010356366991796676
hyb3,Hybrid-3 (MLP+GRU),zero,0.5551808796468385,0.5205179516087738,-0.03466292803806461,-0.04210064834165806,-0.02722520773447116,-6.243537792604526,0.00020577634362257765,0.0034155322662496957
hyb4,Hybrid-4 (MLP+Transformer),shuffle_months,0.5484315910304656,0.5484316200726231,2.9042157723147e-08,-5.159179870048129e-08,1.0967611414677528e-07,5.295493220691165e-06,1.0,1.0
hyb4,Hybrid-4 (MLP+Transformer),reverse_months,0.5484315910304656,0.5484315910304656,6.661338147750939e-17,-8.891485398871492e-18,1.4211824835389026e-16,1.2146160536147706e-14,1.0,1.0
hyb4,Hybrid-4 (MLP+Transformer),swap_students,0.5484315910304656,0.5069678384498231,-0.04146375258064231,-0.04920589832571862,-0.033721606835566006,-7.560423808324891,0.00011911958833513279,0.0025015113550377888
hyb4,Hybrid-4 (MLP+Transformer),zero,0.5484315910304656,0.5294479377821844,-0.018983653248281086,-0.02552775100784426,-0.01243955548871791,-3.46144415434058,0.001290356870453645,0.006451784352268225
hyb5,Hybrid-5 (MLP+CNN-BiLSTM),shuffle_months,0.5582678538557202,0.5123673171498707,-0.04590053670584948,-0.05555263733372537,-0.036248436077973595,-8.221955892468799,0.0001901003349577194,0.0034155322662496957
hyb5,Hybrid-5 (MLP+CNN-BiLSTM),reverse_months,0.5582678538557202,0.4772989550967985,-0.08096889875892166,-0.09644736968025718,-0.06549042783758614,-14.503593248241627,0.0001306867831726709,0.0026133913568258194
hyb5,Hybrid-5 (MLP+CNN-BiLSTM),swap_students,0.5582678538557202,0.49660379262473775,-0.061664061230982316,-0.06294080208490345,-0.060387320377061175,-11.045604866032443,1.8548825534168027e-08,6.67757719230049e-07
hyb5,Hybrid-5 (MLP+CNN-BiLSTM),zero,0.5582678538557202,0.5271038077139711,-0.031164046141748992,-0.03827689253254978,-0.0240511997509482,-5.5822748751360285,0.0002620816642156852,0.0034155322662496957
hyb6,Hybrid-6 (MLP+Attention-LSTM),shuffle_months,0.5547576317817634,0.5392952931873696,-0.015462338594393988,-0.018958146047871396,-0.01196653114091658,-2.7872241333088557,0.0002525374945636976,0.0034155322662496957
hyb6,Hybrid-6 (MLP+Attention-LSTM),reverse_months,0.5547576317817634,0.5479361783479197,-0.006821453433843816,-0.008559294979408277,-0.005083611888279354,-1.2296276865871605,0.0004024720980482186,0.004024720980482186
hyb6,Hybrid-6 (MLP+Attention-LSTM),swap_students,0.5547576317817634,0.49681847757182657,-0.05793915420993685,-0.06135836140176208,-0.05451994701811162,-10.444048155560948,1.220958898719506e-06,4.273356145518271e-05
hyb6,Hybrid-6 (MLP+Attention-LSTM),zero,0.5547576317817634,0.5235561451396419,-0.031201486642121613,-0.03794154798892318,-0.024461425295320048,-5.624345633949925,0.00021126275892762006,0.0034155322662496957
hyb7,Hybrid-7 (MLP+Transformer-LSTM),shuffle_months,0.5517969019484543,0.5385296512912505,-0.013267250657203888,-0.018747456309588253,-0.007787045004819521,-2.4043720815314105,0.002551207826693265,0.01020483130677306
hyb7,Hybrid-7 (MLP+Transformer-LSTM),reverse_months,0.5517969019484543,0.5232160574783237,-0.02858084447013065,-0.04054563572192154,-0.01661605321833976,-5.1795949504625,0.002681642378946005,0.01020483130677306
hyb7,Hybrid-7 (MLP+Transformer-LSTM),swap_students,0.5517969019484543,0.5133366543303877,-0.038460247618066656,-0.04291951389996161,-0.0340009813361717,-6.970000643762112,1.8037147929818606e-05,0.0005230772899647395
hyb7,Hybrid-7 (MLP+Transformer-LSTM),zero,0.5517969019484543,0.5317274864401516,-0.02006941550830286,-0.0243788122135075,-0.015760018803098217,-3.63710188249256,0.00020634793687679742,0.0034155322662496957
proposed,Proposed (MLP+CausalTCN+LSTM),shuffle_months,0.5524132273337392,0.5047643889547012,-0.047648838379037904,-0.05910826264249845,-0.036189414115577356,-8.625578827831173,0.0003215284588462604,0.003536813047308864
proposed,Proposed (MLP+CausalTCN+LSTM),reverse_months,0.5524132273337392,0.45877154934157394,-0.0936416779921652,-0.10788706531145725,-0.07939629067287315,-16.95138229113978,5.3011818623647986e-05,0.0012722836469675517
proposed,Proposed (MLP+CausalTCN+LSTM),swap_students,0.5524132273337392,0.49205600937483485,-0.060357217958904266,-0.06787758221695932,-0.05283685370084922,-10.926099335134058,2.4011818160712693e-05,0.0006723309084999554
proposed,Proposed (MLP+CausalTCN+LSTM),zero,0.5524132273337392,0.5201250845679514,-0.03228814276578773,-0.03711269317947691,-0.027463592352098554,-5.8449257128814045,4.9375381454245104e-05,0.0012343845363561275
