horizon,model,fold,variant,pr_auc,roc_auc
H2,lstm,1,original,0.11795788472648694,0.6474924382014098
H2,lstm,1,shuffle_months,0.09821716750059101,0.6157964006609667
H2,lstm,1,reverse_months,0.09046275607037138,0.5943901605388473
H2,lstm,1,swap_students,0.07012148014751551,0.49540462111341543
H2,lstm,1,zero,0.07050229809586343,0.5
H2,lstm,2,original,0.11029503913632913,0.6321695675378958
H2,lstm,2,shuffle_months,0.0965395578130338,0.6030337178425291
H2,lstm,2,reverse_months,0.08974738333797996,0.5833624275210427
H2,lstm,2,swap_students,0.07266751821237342,0.5089223283339293
H2,lstm,2,zero,0.07049072706384375,0.5
H2,lstm,3,original,0.12030746190345633,0.6548640121724176
H2,lstm,3,shuffle_months,0.09979102693292305,0.6183981397671139
H2,lstm,3,reverse_months,0.08910683288519095,0.5896613172571146
H2,lstm,3,swap_students,0.07101102030417908,0.5013698188914506
H2,lstm,3,zero,0.07042022324359816,0.5
H2,lstm,4,original,0.12618053883970476,0.6457412935343838
H2,lstm,4,shuffle_months,0.10428840532138657,0.6162102116201875
H2,lstm,4,reverse_months,0.09012259827934938,0.5916370782546345
H2,lstm,4,swap_students,0.07080726783007052,0.4966735032481129
H2,lstm,4,zero,0.07049651210504719,0.5
H2,lstm,5,original,0.11096434010995573,0.6410763391308942
H2,lstm,5,shuffle_months,0.09542567588052694,0.608947913019936
H2,lstm,5,reverse_months,0.08631853895023714,0.5852091276482332
H2,lstm,5,swap_students,0.07013384541232093,0.4923198901350329
H2,lstm,5,zero,0.07049651210504719,0.5
H2,hyb1,1,original,0.3972534627273011,0.8417037368262804
H2,hyb1,1,shuffle_months,0.3925142783717963,0.8404635607398099
H2,hyb1,1,reverse_months,0.38750373810628036,0.8386276973841444
H2,hyb1,1,swap_students,0.36232861901834745,0.8177868767780185
H2,hyb1,1,zero,0.3898087509794525,0.828930657600218
H2,hyb1,2,original,0.4017376531047024,0.8405489145666865
H2,hyb1,2,shuffle_months,0.3935362253649113,0.8393985370651045
H2,hyb1,2,reverse_months,0.38200482631632626,0.8377549218681029
H2,hyb1,2,swap_students,0.3621916947295568,0.8215296560815211
H2,hyb1,2,zero,0.3824063044432541,0.8300804798161707
H2,hyb1,3,original,0.4149554887377339,0.8479800741080099
H2,hyb1,3,shuffle_months,0.4079020822773739,0.8463674201776799
H2,hyb1,3,reverse_months,0.4000300126162656,0.8449740926564164
H2,hyb1,3,swap_students,0.3765020757069722,0.8312509544431671
H2,hyb1,3,zero,0.3943561723144906,0.8383398379535585
H2,hyb1,4,original,0.3878628155096744,0.8300920214689351
H2,hyb1,4,shuffle_months,0.38326395608322883,0.8292339506676614
H2,hyb1,4,reverse_months,0.3771672687250035,0.8278540808881951
H2,hyb1,4,swap_students,0.3583308921579534,0.8105939654440513
H2,hyb1,4,zero,0.3727192413639987,0.8177588854145231
H2,hyb1,5,original,0.4047980317475165,0.8268290562043468
H2,hyb1,5,shuffle_months,0.39832538069062495,0.8260409563786086
H2,hyb1,5,reverse_months,0.3943245309231247,0.8252796731926315
H2,hyb1,5,swap_students,0.368861212008636,0.810751833121356
H2,hyb1,5,zero,0.38108495468614023,0.8161283021520944
H2,hyb2,1,original,0.3958963763582215,0.8389696936989723
H2,hyb2,1,shuffle_months,0.3922502789201736,0.8375196581064794
H2,hyb2,1,reverse_months,0.3871230597589785,0.8352314796968598
H2,hyb2,1,swap_students,0.3701537799731157,0.8192053082926655
H2,hyb2,1,zero,0.39104060885436587,0.8274357471982154
H2,hyb2,2,original,0.4098133224043332,0.8430297743253703
H2,hyb2,2,shuffle_months,0.4028318539233073,0.8418922900796545
H2,hyb2,2,reverse_months,0.3921059257224654,0.840030537848669
H2,hyb2,2,swap_students,0.373466928865402,0.8205630061913323
H2,hyb2,2,zero,0.3918453288579451,0.832998677374972
H2,hyb2,3,original,0.41973762759569266,0.8496330616231729
H2,hyb2,3,shuffle_months,0.41184865974830553,0.8479986072847631
H2,hyb2,3,reverse_months,0.40331603171311403,0.8465103602619054
H2,hyb2,3,swap_students,0.3873725441453567,0.8353579259636119
H2,hyb2,3,zero,0.40243698390150906,0.8420725597023497
H2,hyb2,4,original,0.38057051148669213,0.8225986259273017
H2,hyb2,4,shuffle_months,0.37522570930286836,0.8219453082392352
H2,hyb2,4,reverse_months,0.3684282007913856,0.8205340324640658
H2,hyb2,4,swap_students,0.3490511745067223,0.8013853430875049
H2,hyb2,4,zero,0.36326645794466816,0.8099481921843423
H2,hyb2,5,original,0.4129495104460005,0.8289132559306505
H2,hyb2,5,shuffle_months,0.40445429982661396,0.8281025844909167
H2,hyb2,5,reverse_months,0.3976960669015297,0.8268528509613595
H2,hyb2,5,swap_students,0.3727440827921197,0.8100179164755719
H2,hyb2,5,zero,0.3897969322481044,0.8173160356927522
H2,hyb3,1,original,0.40931042182624566,0.846100887370961
H2,hyb3,1,shuffle_months,0.4046265179685712,0.8450276182326079
H2,hyb3,1,reverse_months,0.39969101015128883,0.8431237616510805
H2,hyb3,1,swap_students,0.3675278415953743,0.8222288301762664
H2,hyb3,1,zero,0.3948789120591232,0.8327877787971536
H2,hyb3,2,original,0.4165545873776909,0.8419357746277375
H2,hyb3,2,shuffle_months,0.40868990684784084,0.8408960817965829
H2,hyb3,2,reverse_months,0.3987316163905824,0.8392615160310601
H2,hyb3,2,swap_students,0.36446563545056243,0.8138221047240705
H2,hyb3,2,zero,0.3939627805785052,0.8284259909127469
H2,hyb3,3,original,0.412778776612284,0.8498784384136671
H2,hyb3,3,shuffle_months,0.4057962270559753,0.848602700348683
H2,hyb3,3,reverse_months,0.39926774046376323,0.8472765388711001
H2,hyb3,3,swap_students,0.3696701996108064,0.8302630054329685
H2,hyb3,3,zero,0.38547576111315707,0.8368035703480697
H2,hyb3,4,original,0.3861330860963793,0.8269667368826134
H2,hyb3,4,shuffle_months,0.380413025144442,0.826242456342531
H2,hyb3,4,reverse_months,0.37338577645829174,0.8249727568019598
H2,hyb3,4,swap_students,0.353103888114331,0.8043051190899322
H2,hyb3,4,zero,0.3685704919557319,0.8124425302655947
H2,hyb3,5,original,0.4089850349165459,0.8275137593310908
H2,hyb3,5,shuffle_months,0.40071684067841895,0.8264519324323464
H2,hyb3,5,reverse_months,0.3958513793996218,0.8253367703309495
H2,hyb3,5,swap_students,0.36430730314340665,0.8056697561135051
H2,hyb3,5,zero,0.3819228806436934,0.8143639440462433
H2,hyb4,1,original,0.4001481717057017,0.8439630249250245
H2,hyb4,1,shuffle_months,0.40014817170570166,0.8439630249250245
H2,hyb4,1,reverse_months,0.4001481717057017,0.8439630249250245
H2,hyb4,1,swap_students,0.38529338903360605,0.8335072045887333
H2,hyb4,1,zero,0.4016297534606123,0.8396125172501523
H2,hyb4,2,original,0.40655128930334594,0.8444822825903635
H2,hyb4,2,shuffle_months,0.40655128930334594,0.8444822568963504
H2,hyb4,2,reverse_months,0.40655128930334594,0.8444822568963503
H2,hyb4,2,swap_students,0.3813584615370886,0.8342795547700268
H2,hyb4,2,zero,0.4000695642090938,0.8414756719318496
H2,hyb4,3,original,0.4088460740180549,0.8454223465039287
H2,hyb4,3,shuffle_months,0.40884607401805484,0.8454223465039286
H2,hyb4,3,reverse_months,0.4088460740180549,0.8454223465039287
H2,hyb4,3,swap_students,0.38962204439042736,0.8368891666635796
H2,hyb4,3,zero,0.4016325856077521,0.8413835083334464
H2,hyb4,4,original,0.38513973762526343,0.8277016248478524
H2,hyb4,4,shuffle_months,0.3851399936855757,0.8277016454048778
H2,hyb4,4,reverse_months,0.3851400577006538,0.8277016505441341
H2,hyb4,4,swap_students,0.36340103893707754,0.815513940027345
H2,hyb4,4,zero,0.3718053087150117,0.8189941827729248
H2,hyb4,5,original,0.4046600987101019,0.8242946833159388
H2,hyb4,5,shuffle_months,0.40466028227572903,0.8242947038729642
H2,hyb4,5,reverse_months,0.4046603281671358,0.8242947090122206
H2,hyb4,5,swap_students,0.3782665255984887,0.8137078819952731
H2,hyb4,5,zero,0.3910460078481175,0.8195768459643578
H2,hyb5,1,original,0.4055876143267714,0.8451421772326257
H2,hyb5,1,shuffle_months,0.40191708386554204,0.8438552811806942
H2,hyb5,1,reverse_months,0.39706112802630894,0.8421084890023052
H2,hyb5,1,swap_students,0.382384285911221,0.8264851886402127
H2,hyb5,1,zero,0.40241651421653146,0.8355417126028263
H2,hyb5,2,original,0.4086750476912183,0.8411974571560037
H2,hyb5,2,shuffle_months,0.4016990447223386,0.8400740480907652
H2,hyb5,2,reverse_months,0.39049437373639656,0.8384608648830979
H2,hyb5,2,swap_students,0.36711494071828044,0.8191333604593596
H2,hyb5,2,zero,0.39105163886213357,0.8302830257228933
H2,hyb5,3,original,0.4141580821527983,0.8474774864607992
H2,hyb5,3,shuffle_months,0.409281878774442,0.846313019489781
H2,hyb5,3,reverse_months,0.40316845911506194,0.8450268828822599
H2,hyb5,3,swap_students,0.3823406531769439,0.8331677284396691
H2,hyb5,3,zero,0.3948201792428655,0.8385514876553195
H2,hyb5,4,original,0.3829236731704881,0.82805243048796
H2,hyb5,4,shuffle_months,0.37816492856944084,0.8271070848349383
H2,hyb5,4,reverse_months,0.3710069365389729,0.8255745380271053
H2,hyb5,4,swap_students,0.3563629209459293,0.8072470709836146
H2,hyb5,4,zero,0.3652527993832154,0.8137897349315462
H2,hyb5,5,original,0.41181088741924976,0.829439078946584
H2,hyb5,5,shuffle_months,0.4056998003496174,0.828481219204291
H2,hyb5,5,reverse_months,0.400209289501254,0.8273888240086322
H2,hyb5,5,swap_students,0.3685915129000673,0.8105562227452385
H2,hyb5,5,zero,0.3859229806208191,0.817362648748067
H2,hyb6,1,original,0.3980057967934375,0.8438743135274602
H2,hyb6,1,shuffle_months,0.398153387448938,0.8438455414299186
H2,hyb6,1,reverse_months,0.3982732932708396,0.8439726618815966
H2,hyb6,1,swap_students,0.3817933131769021,0.8275481989170631
H2,hyb6,1,zero,0.3938061257982253,0.8338884734289834
H2,hyb6,2,original,0.40193172234241586,0.8401372193918268
H2,hyb6,2,shuffle_months,0.4000164838312701,0.840034237786582
H2,hyb6,2,reverse_months,0.39791725006498607,0.8397605708510876
H2,hyb6,2,swap_students,0.3744061012024481,0.8228822197736398
H2,hyb6,2,zero,0.3919980219426877,0.832324877570596
H2,hyb6,3,original,0.41568423844244884,0.8475431655283323
H2,hyb6,3,shuffle_months,0.41495745194617795,0.8473857775928235
H2,hyb6,3,reverse_months,0.41428724881997664,0.8472530508222722
H2,hyb6,3,swap_students,0.39311430232420164,0.8348128231471865
H2,hyb6,3,zero,0.40332673111003603,0.8398170124066292
H2,hyb6,4,original,0.38390521328221633,0.8267591109250929
H2,hyb6,4,shuffle_months,0.38340034297183745,0.8266079551166128
H2,hyb6,4,reverse_months,0.3826374054956877,0.8266057555148846
H2,hyb6,4,swap_students,0.36393881484428103,0.8077172975240912
H2,hyb6,4,zero,0.3719732095150444,0.8137359783098712
H2,hyb6,5,original,0.4016768216849556,0.8307943008524793
H2,hyb6,5,shuffle_months,0.4011315369302436,0.8307489931682837
H2,hyb6,5,reverse_months,0.40063108086846305,0.8306856569727272
H2,hyb6,5,swap_students,0.37324586074761684,0.8140501770268249
H2,hyb6,5,zero,0.3883966928489442,0.82131540500321
H2,hyb7,1,original,0.39492533073312425,0.8409619995528452
H2,hyb7,1,shuffle_months,0.39400850810160865,0.8404750942494352
H2,hyb7,1,reverse_months,0.39263946820804907,0.8403509908076283
H2,hyb7,1,swap_students,0.3846105849137515,0.830753789893788
H2,hyb7,1,zero,0.3948732713882003,0.8351977374995825
H2,hyb7,2,original,0.40290454273968784,0.8368554772390612
H2,hyb7,2,shuffle_months,0.3996720762126289,0.836307634626609
H2,hyb7,2,reverse_months,0.3965916899390716,0.8359419009027129
H2,hyb7,2,swap_students,0.3787806377545013,0.8254113945549042
H2,hyb7,2,zero,0.3939765279429494,0.8319788049056653
H2,hyb7,3,original,0.4146393465174919,0.8489013561634081
H2,hyb7,3,shuffle_months,0.41287170916970695,0.848551016350769
H2,hyb7,3,reverse_months,0.4117362439896436,0.8482417870551369
H2,hyb7,3,swap_students,0.39385328350179116,0.8419868964986394
H2,hyb7,3,zero,0.4015961036037305,0.8445748472788028
H2,hyb7,4,original,0.3809049090167185,0.8297983643597093
H2,hyb7,4,shuffle_months,0.38154053403723936,0.8296251200273326
H2,hyb7,4,reverse_months,0.38119536706692736,0.8294044917511851
H2,hyb7,4,swap_students,0.3702707351301281,0.8202018052357509
H2,hyb7,4,zero,0.3751011098652283,0.8224326793389766
H2,hyb7,5,original,0.40465846773719233,0.8285286339836002
H2,hyb7,5,shuffle_months,0.4033005774607969,0.8279643179374232
H2,hyb7,5,reverse_months,0.40287518091040014,0.827514119079037
H2,hyb7,5,swap_students,0.3810487628928486,0.8182209970691849
H2,hyb7,5,zero,0.39297025354932613,0.8239131449227128
H2,proposed,1,original,0.4044019326982252,0.8453798374309672
H2,proposed,1,shuffle_months,0.400809791445089,0.8442090011744238
H2,proposed,1,reverse_months,0.3968816575369952,0.8425844004656577
H2,proposed,1,swap_students,0.36909613993683654,0.8221630367463579
H2,proposed,1,zero,0.394052346259818,0.8335173092589307
H2,proposed,2,original,0.4089318307380325,0.8402944667531287
H2,proposed,2,shuffle_months,0.4004656120572825,0.8391075163930374
H2,proposed,2,reverse_months,0.3899135581396996,0.8374126519171382
H2,proposed,2,swap_students,0.3636231289933773,0.8157039496734445
H2,proposed,2,zero,0.39203043763642337,0.8298121829294527
H2,proposed,3,original,0.4173999233038459,0.8494368733861936
H2,proposed,3,shuffle_months,0.40941250703093346,0.8476755269864045
H2,proposed,3,reverse_months,0.4012831904404439,0.8463426252363213
H2,proposed,3,swap_students,0.3718753134762481,0.8298123693364732
H2,proposed,3,zero,0.392875179643276,0.838610503629045
H2,proposed,4,original,0.38651079214151646,0.8273277182503421
H2,proposed,4,shuffle_months,0.3818035096988617,0.8268457382305374
H2,proposed,4,reverse_months,0.3749345623932937,0.8255988724060375
H2,proposed,4,swap_students,0.3482332120982461,0.7991305046318062
H2,proposed,4,zero,0.36386322516569836,0.8084624845591044
H2,proposed,5,original,0.4060701822878169,0.826165269851046
H2,proposed,5,shuffle_months,0.3988043547945461,0.8251686344194089
H2,proposed,5,reverse_months,0.39421061269338,0.8242021767012018
H2,proposed,5,swap_students,0.36512724955504905,0.8045552826724627
H2,proposed,5,zero,0.382812222452971,0.8140493444672925
