setting,model,accuracy,balanced_accuracy,macro_f1
natural,Logistic regression,0.4735483870967742,0.24486477170237278,0.2283293596400128
natural,Random forest,0.4649462365591398,0.22162405989215697,0.1853691492239937
natural,Gradient boosting,0.46064516129032257,0.24317466364218682,0.23095324701469652
natural,Logistic regression,0.461505376344086,0.24825358862771654,0.24025749953710732
natural,Random forest,0.4675268817204301,0.2213632543489183,0.18275736305565551
natural,Gradient boosting,0.44731182795698926,0.23125881235087706,0.215151325654081
natural,Logistic regression,0.45740103270223753,0.24447661018154476,0.23550052701579288
natural,Random forest,0.45180722891566266,0.2172996592377925,0.18430083062284813
natural,Gradient boosting,0.4496557659208262,0.23811247328818858,0.22671502361548496
natural,Logistic regression,0.4629948364888124,0.24136550693920128,0.22637162431891236
natural,Random forest,0.4651462994836489,0.22084126993716743,0.18315655873608525
natural,Gradient boosting,0.4617039586919105,0.2470111544285754,0.2375041092129953
natural,Logistic regression,0.44793459552495696,0.22659944528025378,0.2059341663626832
natural,Random forest,0.46342512908777966,0.21873198614159003,0.1797571394812843
natural,Gradient boosting,0.4440619621342513,0.22839908066746056,0.21133104633524474
balanced,Logistic regression,0.3309776207302709,0.330936303515489,0.32805002786864856
balanced,Random forest,0.2968197879858657,0.29682561782109296,0.2869417701151144
balanced,Gradient boosting,0.29917550058892817,0.2991785589975635,0.2967298153058547
balanced,Logistic regression,0.32037691401649,0.32057779324747654,0.3149869206565987
balanced,Random forest,0.3321554770318021,0.33239122868082144,0.32367309119506765
balanced,Gradient boosting,0.29799764428739695,0.29819004524886883,0.29535285210385254
balanced,Logistic regression,0.3121319199057715,0.31216150365471634,0.30809461767901297
balanced,Random forest,0.30977620730270905,0.309829446571528,0.3041191006839562
balanced,Gradient boosting,0.303886925795053,0.3039679777236338,0.29812951701335527
balanced,Logistic regression,0.3651354534746761,0.364963452836756,0.36046199701405207
balanced,Random forest,0.3415783274440518,0.34137835015663065,0.33448980284358765
balanced,Gradient boosting,0.3215547703180212,0.32147580925861474,0.320144786981341
balanced,Logistic regression,0.33568904593639576,0.33564914723285766,0.3319984905037098
balanced,Random forest,0.31095406360424027,0.31090149669335193,0.3036470575465164
balanced,Gradient boosting,0.30859835100117783,0.308576400974591,0.3046054712904157
balanced,Logistic regression,0.32626619552414604,0.3262373825269753,0.3220018650113195
balanced,Random forest,0.34393404004711425,0.3439749390880612,0.3327277336120448
balanced,Gradient boosting,0.33451118963486454,0.3345074834667595,0.3285946736039571
balanced,Logistic regression,0.32391048292108365,0.3240375913679081,0.32133352937564863
balanced,Random forest,0.34393404004711425,0.34413505046989207,0.3369697706990692
balanced,Gradient boosting,0.3027090694935218,0.3028611207796728,0.29842172784792576
balanced,Logistic regression,0.3297997644287397,0.329926905673512,0.32451303568690837
balanced,Random forest,0.3321554770318021,0.3323285764009746,0.3193064418559695
balanced,Gradient boosting,0.28857479387514723,0.2887365123564219,0.2821455395150444
balanced,Logistic regression,0.3297997644287397,0.32970414201183434,0.32585559137112624
balanced,Random forest,0.3309776207302709,0.3307831534980857,0.32301873927827823
balanced,Gradient boosting,0.30977620730270905,0.309683257918552,0.3067703687767956
balanced,Logistic regression,0.3297997644287397,0.32980856247824575,0.327114707492066
balanced,Random forest,0.32037691401649,0.32032718412808914,0.3096541721166218
balanced,Gradient boosting,0.28150765606595995,0.281447963800905,0.2793910557506094
balanced,Logistic regression,0.3404004711425206,0.34029237730595197,0.3380931315378429
balanced,Random forest,0.336866902237927,0.3368673860076575,0.3310903032323975
balanced,Gradient boosting,0.30742049469964666,0.3074138531152106,0.3049351316585215
balanced,Logistic regression,0.3309776207302709,0.33116602854159416,0.3285664166820122
balanced,Random forest,0.336866902237927,0.3370762269404803,0.32935904584158787
balanced,Gradient boosting,0.31919905771495877,0.3193456317438218,0.3151683636809509
balanced,Logistic regression,0.3250883392226148,0.32512356421858685,0.31709184419317965
balanced,Random forest,0.3498233215547703,0.3498364079359555,0.3454667956528266
balanced,Gradient boosting,0.3133097762073027,0.3133031674208145,0.3091730457543963
balanced,Logistic regression,0.32273262661955243,0.32267316394013223,0.3213754130727352
balanced,Random forest,0.336866902237927,0.33670727462582667,0.3335956367641729
balanced,Gradient boosting,0.29328621908127206,0.29324051514096766,0.290870458372277
balanced,Logistic regression,0.3568904593639576,0.35693003828750436,0.35442616629846063
balanced,Random forest,0.3380447585394582,0.33806474068917514,0.33257432756488947
balanced,Gradient boosting,0.28975265017667845,0.28972502610511663,0.28565261360849453
