programme,students,share_pct,cumulative_pct
INDUSTRIAL ENGINEERING,5318,42.8,42.8
CIVIL ENGINEERING,3320,26.8,69.6
MECHANICAL ENGINEERING,1135,9.1,78.7
CHEMICAL ENGINEERING,1000,8.1,86.8
ELECTRONIC ENGINEERING,849,6.8,93.6
ELECTRIC ENGINEERING,278,2.2,95.8
MECHATRONICS ENGINEERING,82,0.7,96.5
CATASTRAL ENGINEERING AND GEODESY,78,0.6,97.1
PRODUCTION ENGINEERING,60,0.5,97.6
ELECTRIC ENGINEERING AND TELECOMMUNICATIONS,47,0.4,98.0
AERONAUTICAL ENGINEERING,44,0.4,98.4
TOPOGRAPHIC ENGINEERY,42,0.3,98.7
ELECTROMECHANICAL ENGINEERING,34,0.3,99.0
PRODUCTIVITY AND QUALITY ENGINEERING,29,0.2,99.2
TRANSPORTATION AND ROAD ENGINEERING,27,0.2,99.4
INDUSTRIAL AUTOMATIC ENGINEERING,22,0.2,99.6
CONTROL ENGINEERING,20,0.2,99.8
CIVIL CONSTRUCTIONS,14,0.1,99.9
AUTOMATION ENGINEERING,10,0.1,100.0
INDUSTRIAL CONTROL AND AUTOMATION ENGINEERING,1,0.0,100.0
TEXTILE ENGINEERING,1,0.0,100.0
