scenario,model,k,mean,std,ci_lo,ci_hi,gain_over_floor,p_vs_floor
Pre-university features only,Logistic Regression,1,44.33974718659,0.6313227929773073,43.55585640330463,45.123637969875375,1.4906618835640757,0.005729295933730782
Pre-university features only,Logistic Regression,2,69.68814854791795,0.2339751697576656,69.39763000315624,69.97866709267966,0.08859925170450253,0.4506743557252563
Pre-university features only,Logistic Regression,3,81.76609810531112,0.9613596037259213,80.5724124960372,82.95978371458503,3.021435365643504,0.002059109060543571
Pre-university features only,Logistic Regression,4,88.75992202253323,0.5932360638194346,88.02332215965252,89.49652188541394,1.9578906102187859,0.0016710530884334056
Pre-university features only,Logistic Regression,5,93.55409208078268,0.25040361042627357,93.24317493269614,93.86500922886923,-0.08864468555395036,0.4651025091926803
Pre-university features only,Random Forest,1,44.28325668534755,1.1606580197770173,42.84210940796396,45.724403962731145,1.4341713823216238,0.049423150331797616
Pre-university features only,Random Forest,2,69.49474314135476,1.110667084062011,68.11566780908501,70.87381847362451,-0.10480615485867588,0.841008102991049
Pre-university features only,Random Forest,3,82.23346637878915,0.7133262908712171,81.34775480444213,83.11917795313616,3.488803639121528,0.00036233362191197065
Pre-university features only,Random Forest,4,88.88079228844784,0.4803487691962549,88.28436051515536,89.47722406174032,2.0787608761333702,0.000578784307095448
Pre-university features only,Random Forest,5,93.78777134960924,0.15951929159683007,93.58970198821449,93.985840711004,0.1450345832726157,0.11285333786609462
Pre-university features only,HistGradientBoosting,1,43.45344636842374,1.5982508931990262,41.4689557742415,45.43793696260598,0.604361065397805,0.4470021216943096
Pre-university features only,HistGradientBoosting,2,69.34169597420396,0.7862037770267303,68.36549504901805,70.31789689938986,-0.25785332200947836,0.5076563243392521
Pre-university features only,HistGradientBoosting,3,81.73392769462482,0.6580910403304177,80.91679974230608,82.55105564694357,2.9892649549572043,0.0005093475548398417
Pre-university features only,HistGradientBoosting,4,88.57466874667156,0.3370632610236346,88.15614943034136,88.99318806300177,1.7726373343571082,0.00025147788961636425
Pre-university features only,HistGradientBoosting,5,93.80390361143934,0.17094145984341585,93.59165175495137,94.0161554679273,0.16116684510270146,0.08898377374777251
Pre-university features only,Static MLP,1,42.69628477677214,2.155649123687671,40.01969286712966,45.372876686414614,-0.1528005262537903,0.8817717617454514
Pre-university features only,Static MLP,2,67.64199943986554,2.895215328886022,64.0471147989401,71.23688408079099,-1.957549856347903,0.2041228079341703
Pre-university features only,Static MLP,3,80.27583214529226,2.047350110567493,77.7337112212821,82.8179530693024,1.5311694056246439,0.16781087357989577
Pre-university features only,Static MLP,4,87.80941992981768,1.6761755243245569,85.72817312659356,89.8906667330418,1.0073885175032302,0.2471117957162592
Pre-university features only,Static MLP,5,93.0707959977971,0.9944740751378112,91.8359933415515,94.30559865404271,-0.5719407685395254,0.26498952725284375
Pre-university features only,Standalone LSTM,1,42.60736748812148,0.23307024605946464,42.31797255453695,42.896762421706015,-0.24171781490444602,0.0720465466955063
Pre-university features only,Standalone LSTM,2,69.53508515439232,0.20105090122826352,69.28544748853076,69.78472282025388,-0.06446414182111368,0.490858265803219
Pre-university features only,Standalone LSTM,3,79.71155671621011,0.3895058112064766,79.22792137334388,80.19519205907635,0.9668939765424994,0.005462040080663112
Pre-university features only,Standalone LSTM,4,87.64812976426647,0.5828133089559984,86.9244714608618,88.37178806767115,0.846098351952017,0.030852640854186143
Pre-university features only,Standalone LSTM,5,93.72330396251319,0.060523557558920686,93.64815404004906,93.7984538849773,0.08056719617654835,0.04739873915865727
Pre-university features only,Hybrid-1 (MLP+CNN+LSTM),1,44.508939596670736,0.685071374617299,43.658311134608475,45.359568058733,1.6598542936448097,0.005560778678939001
Pre-university features only,Hybrid-1 (MLP+CNN+LSTM),2,69.4384116585854,0.46516670238297536,68.8608309110733,70.0159924060975,-0.16113763762805036,0.4643900163010151
Pre-university features only,Hybrid-1 (MLP+CNN+LSTM),3,81.74998856040577,1.007586898335239,80.4989041836811,83.00107293713043,3.0053258207381446,0.0024905437989767255
Pre-university features only,Hybrid-1 (MLP+CNN+LSTM),4,88.79218330091844,0.5329699288046966,88.13041372819643,89.45395287364045,1.9901518886039924,0.000990524076142497
Pre-university features only,Hybrid-1 (MLP+CNN+LSTM),5,93.65885280179191,0.07835070503396419,93.56156755211735,93.75613805146646,0.016116035455277712,0.6213082950374971
Pre-university features only,Hybrid-2 (MLP+BiLSTM),1,41.69674333412409,3.3446121104274837,37.54385888864997,45.849627779598215,-1.1523419689018297,0.48163130634289325
Pre-university features only,Hybrid-2 (MLP+BiLSTM),2,66.97274585635179,3.042799070981543,63.19461179614615,70.75087991655744,-2.626803439861645,0.12410276294751008
Pre-university features only,Hybrid-2 (MLP+BiLSTM),3,80.60582792968009,2.6007324194963806,77.37659211543007,83.8350637439301,1.8611651900124684,0.18248089306421914
Pre-university features only,Hybrid-2 (MLP+BiLSTM),4,87.97027847379911,1.8657866853168645,85.65359831831323,90.286958629285,1.1682470614846552,0.23059945828885442
Pre-university features only,Hybrid-2 (MLP+BiLSTM),5,93.01421787413071,1.1217968780884509,91.6213230773109,94.40711267095051,-0.6285188922059206,0.2756023338778071
Pre-university features only,Hybrid-3 (MLP+GRU),1,44.28332808139669,0.9446783266182742,43.1103550133514,45.45630114944198,1.4342427783707592,0.02843230628370796
Pre-university features only,Hybrid-3 (MLP+GRU),2,69.47064372949595,0.3225079370638952,69.07019723490875,69.87109022408315,-0.12890556671749492,0.432057732633083
Pre-university features only,Hybrid-3 (MLP+GRU),3,81.74197273125262,0.46207119587328244,81.1682355627298,82.31570989977543,2.997309991585001,0.00012097188518114218
Pre-university features only,Hybrid-3 (MLP+GRU),4,88.60690730813204,0.21592720987511807,88.33879826539751,88.87501635086656,1.8048758958175881,4.3489365246788634e-05
Pre-university features only,Hybrid-3 (MLP+GRU),5,93.71525568061041,0.14509570573182615,93.53509556650924,93.89541579471158,0.07251891427378894,0.3045804587600865
Pre-university features only,Hybrid-4 (MLP+Transformer),1,42.8411668321216,1.221428558258471,41.324562964954126,44.35777069928908,-0.007918470904328956,0.9892059127960768
Pre-university features only,Hybrid-4 (MLP+Transformer),2,68.79390329664767,0.7876981783229678,67.81584682717335,69.771959766122,-0.8056459995657775,0.0835784745650579
Pre-university features only,Hybrid-4 (MLP+Transformer),3,81.12161246029811,0.4254384103968059,80.59336090265536,81.64986401794086,2.3769497206305035,0.0002201483363329387
Pre-university features only,Hybrid-4 (MLP+Transformer),4,88.63912315266779,0.22888276643427913,88.35492766177707,88.92331864355852,1.8370917403533382,5.860663378669317e-05
Pre-university features only,Hybrid-4 (MLP+Transformer),5,93.27211987526462,0.21226306317493238,93.00856047157185,93.53567927895739,-0.37061689107202084,0.01688158136248337
Pre-university features only,Proposed (MLP+CausalTCN+LSTM),1,41.22945943779506,2.8829408241191334,37.64981560753444,44.80910326805567,-1.6196258652308728,0.27843059987063035
Pre-university features only,Proposed (MLP+CausalTCN+LSTM),2,66.17511893121412,3.4995015381727534,61.829913859606314,70.52032400282192,-3.4244303649993157,0.09442243237721482
Pre-university features only,Proposed (MLP+CausalTCN+LSTM),3,79.40527415596077,2.5804379593030142,76.20123724229583,82.6093110696257,0.660611416293159,0.5988576656189054
Pre-university features only,Proposed (MLP+CausalTCN+LSTM),4,87.43044645572162,1.4646810204905496,85.61180476372616,89.24908814771709,0.6284150434071734,0.39381333106786887
Pre-university features only,Proposed (MLP+CausalTCN+LSTM),5,92.7322067253131,0.8381716003486606,91.69147922484333,93.77293422578288,-0.9105300410235202,0.07500692987166177
Pre-university features only,Floor: recommend the k most common programmes,1,42.84908530302593,0.020186180910337984,42.824020848928335,42.874149757123526,,
Pre-university features only,Floor: recommend the k most common programmes,2,69.59954929621344,0.020452048125984706,69.57415472436587,69.62494386806101,,
Pre-university features only,Floor: recommend the k most common programmes,3,78.74466273966762,0.02079977396953509,78.71883640915887,78.77048907017637,,
Pre-university features only,Floor: recommend the k most common programmes,4,86.80203141231445,0.021207683781025676,86.77569859487826,86.82836422975063,,
Pre-university features only,Floor: recommend the k most common programmes,5,93.64273676633663,0.017766355510207305,93.62067692232031,93.66479661035294,,
With university (recommendation task),Logistic Regression,1,59.77783172145935,1.645520355135933,57.73464833817559,61.82101510474311,16.92874641843342,2.143283937778758e-05
With university (recommendation task),Logistic Regression,2,81.52466587460323,1.499369576759533,79.66295265113891,83.38637909806755,11.92511657838978,5.840945452704257e-05
With university (recommendation task),Logistic Regression,3,90.01694358057027,0.670962926398222,89.18383307073216,90.85005409040838,11.272280840902663,3.1790065197844766e-06
With university (recommendation task),Logistic Regression,4,94.63374962638773,0.9661387141122899,93.43412996780361,95.83336928497184,7.831718214073265,5.842550538395631e-05
With university (recommendation task),Logistic Regression,5,96.9945216513387,1.1216631624488882,95.60179288441454,98.38725041826287,3.3517848850020613,0.0026466268170163725
With university (recommendation task),Random Forest,1,60.65591225814993,1.9569375216741351,58.22605339075306,63.085771125546806,17.806826955124013,3.4392930106201414e-05
With university (recommendation task),Random Forest,2,83.9174330653926,0.8595123845849246,82.85020748144323,84.98465864934197,14.31788376917917,3.0585205997350284e-06
With university (recommendation task),Random Forest,3,92.68387809059705,0.3981049380885388,92.18956552146537,93.17819065972873,13.93921535092943,1.4562774125109627e-07
With university (recommendation task),Random Forest,4,97.09125031681998,0.4373795213915236,96.54817191155654,97.63432872208342,10.289218904505514,8.121875452081849e-07
With university (recommendation task),Random Forest,5,99.25065627572894,0.1837881105387779,99.02245319557505,99.47885935588283,5.607919509392309,3.8695317379871753e-07
With university (recommendation task),HistGradientBoosting,1,58.92356501243103,2.3626922091374523,55.989895157508535,61.85723486735352,16.074479709405097,0.00010835436634708563
With university (recommendation task),HistGradientBoosting,2,83.19230882815393,1.2678380007556884,81.61808002706096,84.7665376292469,13.59275953194049,1.7960830465787735e-05
With university (recommendation task),HistGradientBoosting,3,92.28101939278957,0.5887690090560513,91.54996611098657,93.01207267459257,13.536356653121967,8.014268547817514e-07
With university (recommendation task),HistGradientBoosting,4,97.05903447228421,0.3813853259191276,96.58548204364722,97.5325869009212,10.257003059969758,5.29458245180388e-07
With university (recommendation task),HistGradientBoosting,5,99.27483681946178,0.2261275993757768,98.99406232031663,99.55561131860694,5.632100053125152,7.332215336647853e-07
With university (recommendation task),Static MLP,1,58.21447243349864,2.079377788980025,55.6325838942576,60.796360972739684,15.365387130472708,7.699169353718774e-05
With university (recommendation task),Static MLP,2,80.8798589473691,1.6643560352158988,78.81328797824837,82.94642991648983,11.280309651155662,0.00010796414330681498
With university (recommendation task),Static MLP,3,90.38751503779285,0.9169141080695414,89.24901580035778,91.52601427522792,11.642852298125238,8.936569662044984e-06
With university (recommendation task),Static MLP,4,95.61680182696,0.5429875920755148,94.94259368240849,96.29100997151151,8.81477041464554,3.186007318238685e-06
With university (recommendation task),Static MLP,5,98.29186575076353,0.41326666303332,97.77872741361726,98.80500408790981,4.6491289844269,1.547120905176509e-05
With university (recommendation task),Standalone LSTM,1,42.60736748812148,0.23307024605946464,42.31797255453695,42.896762421706015,-0.24171781490444602,0.0720465466955063
With university (recommendation task),Standalone LSTM,2,69.53508515439232,0.20105090122826352,69.28544748853076,69.78472282025388,-0.06446414182111368,0.490858265803219
With university (recommendation task),Standalone LSTM,3,79.71155671621011,0.3895058112064766,79.22792137334388,80.19519205907635,0.9668939765424994,0.005462040080663112
With university (recommendation task),Standalone LSTM,4,87.64812976426647,0.5828133089559984,86.9244714608618,88.37178806767115,0.846098351952017,0.030852640854186143
With university (recommendation task),Standalone LSTM,5,93.72330396251319,0.060523557558920686,93.64815404004906,93.7984538849773,0.08056719617654835,0.04739873915865727
With university (recommendation task),Hybrid-1 (MLP+CNN+LSTM),1,59.56014841291451,1.1607550630568584,58.11888064038407,61.001416185444945,16.711063109888578,5.61300052946979e-06
With university (recommendation task),Hybrid-1 (MLP+CNN+LSTM),2,81.92724872403902,1.0126724350745158,80.66984981943365,83.18464762864438,12.327699427825573,1.090725820320295e-05
With university (recommendation task),Hybrid-1 (MLP+CNN+LSTM),3,90.20223255445653,0.367742032124609,89.74562051254111,90.65884459637195,11.457569814788908,2.68843913292656e-07
With university (recommendation task),Hybrid-1 (MLP+CNN+LSTM),4,94.9319189992351,0.33143302458086044,94.52039054479725,95.34344745367294,8.129887586920637,5.868110089656842e-07
With university (recommendation task),Hybrid-1 (MLP+CNN+LSTM),5,97.63113101402186,0.24411090312408384,97.32802729404368,97.93423473400004,3.9883942476852328,4.1738995384676645e-06
With university (recommendation task),Hybrid-2 (MLP+BiLSTM),1,56.67564742424149,3.41971120805788,52.429515132942115,60.921779715540865,13.826562121215563,0.0008305512033738645
With university (recommendation task),Hybrid-2 (MLP+BiLSTM),2,80.40455597661196,2.09348973748681,77.80514513896554,83.00396681425838,10.805006680398511,0.00032087638603192544
With university (recommendation task),Hybrid-2 (MLP+BiLSTM),3,89.80745783657639,0.8207985992216157,88.78830176614683,90.82661390700595,11.062795096908776,7.141385476955269e-06
With university (recommendation task),Hybrid-2 (MLP+BiLSTM),4,94.97223829534794,0.3690314233213281,94.51402526280395,95.43045132789192,8.170206883033476,9.086841292163426e-07
With university (recommendation task),Hybrid-2 (MLP+BiLSTM),5,97.82448449618566,0.48944444211162896,97.21675895329473,98.4322100390766,4.181747729849036,4.8756884271540694e-05
With university (recommendation task),Hybrid-3 (MLP+GRU),1,58.593144097023334,1.9482029216872752,56.17413066796885,61.012157526077814,15.744058793997407,5.299290001727541e-05
With university (recommendation task),Hybrid-3 (MLP+GRU),2,81.19397235609883,1.6872015725347707,79.09903490576963,83.28890980642802,11.594423059885383,0.00010113419007186116
With university (recommendation task),Hybrid-3 (MLP+GRU),3,90.33112514007418,0.8137848569263396,89.32067778094535,91.34157249920301,11.586462400406566,5.417915706739462e-06
With university (recommendation task),Hybrid-3 (MLP+GRU),4,95.06891503642984,0.3617179341181324,94.61978290013072,95.51804717272897,8.266883624115383,8.858674876180557e-07
With university (recommendation task),Hybrid-3 (MLP+GRU),5,98.03400918347907,0.25378755532875796,97.7188903128352,98.34912805412294,4.391272417142455,3.357703921924403e-06
With university (recommendation task),Hybrid-4 (MLP+Transformer),1,56.071396698192345,1.4197530347526577,54.30854046859943,57.83425292778526,13.222311395166424,3.108635613149643e-05
With university (recommendation task),Hybrid-4 (MLP+Transformer),2,79.46178737412795,0.9657563800651227,78.2626424459655,80.6609323022904,9.862238077914512,2.0851329809883513e-05
With university (recommendation task),Hybrid-4 (MLP+Transformer),3,89.71882288684732,0.5579692244313725,89.02601258876521,90.41163318492943,10.974160147179706,1.387908441993972e-06
With university (recommendation task),Hybrid-4 (MLP+Transformer),4,94.97217988039864,0.48909252035054274,94.36489130608864,95.57946845470865,8.170148468084184,2.986416006696993e-06
With university (recommendation task),Hybrid-4 (MLP+Transformer),5,98.01785420472427,0.32677262431615783,97.61211240151233,98.42359600793621,4.375117438387647,8.165917937612022e-06
With university (recommendation task),Proposed (MLP+CausalTCN+LSTM),1,56.67580644271457,2.8917314919817,53.08524755664883,60.2663653287803,13.82672113968864,0.00043124391242431274
With university (recommendation task),Proposed (MLP+CausalTCN+LSTM),2,80.21934164404979,1.84735278731831,77.92555019605527,82.51313309204431,10.619792347836363,0.00020965024706522147
With university (recommendation task),Proposed (MLP+CausalTCN+LSTM),3,89.52548563105833,0.9182029657735266,88.38538606541341,90.66558519670325,10.780822891390708,1.2240761013650717e-05
With university (recommendation task),Proposed (MLP+CausalTCN+LSTM),4,94.98833161387847,0.22855899068344426,94.70453814368105,95.2721250840759,8.186300201564034,1.2974942582262475e-07
With university (recommendation task),Proposed (MLP+CausalTCN+LSTM),5,97.99370286846609,0.13504855477925376,97.82601793998724,98.16138779694494,4.350966102129457,3.1685885909112654e-07
With university (recommendation task),Floor: recommend the k most common programmes,1,42.84908530302593,0.020186180910337984,42.824020848928335,42.874149757123526,,
With university (recommendation task),Floor: recommend the k most common programmes,2,69.59954929621344,0.020452048125984706,69.57415472436587,69.62494386806101,,
With university (recommendation task),Floor: recommend the k most common programmes,3,78.74466273966762,0.02079977396953509,78.71883640915887,78.77048907017637,,
With university (recommendation task),Floor: recommend the k most common programmes,4,86.80203141231445,0.021207683781025676,86.77569859487826,86.82836422975063,,
With university (recommendation task),Floor: recommend the k most common programmes,5,93.64273676633663,0.017766355510207305,93.62067692232031,93.66479661035294,,
