horizon,mode,model,pr_auc,roc_auc,macro_f1,f1_dropout,recall,precision,capture_top10,bal_acc
H2,default,Logistic Regression,0.5436540240747367,0.827954778859114,0.7244166341275411,0.5215240820108098,0.5231363231363231,0.5259882428105502,0.4444371844371845,0.7251401183407291
H2,default,Random Forest,0.5295134004161421,0.8178936606826863,0.7320006328641212,0.5368147117464994,0.5524918324918324,0.5243570728570034,0.4629670329670329,0.737766326075122
H2,default,HistGradientBoosting,0.5613996026029022,0.82229566104402,0.7310607158943039,0.5293269070607252,0.5022987822987823,0.5723834745762713,0.4699168399168399,0.7212817775621371
H2,default,Static MLP,0.5477839483976297,0.8308513918065886,0.7382223635101559,0.5430033621464474,0.5231511731511731,0.5681316582248821,0.46142263142263146,0.7308869632049498
H2,default,Standalone LSTM,0.32785738112088336,0.6981080057883522,0.6099027454163652,0.33567902706095964,0.37806355806355807,0.30361087554811644,0.3411107811107811,0.6226732525620422
H2,default,Hybrid-1 (MLP+CNN+LSTM),0.5707110139239199,0.8368531700425341,0.7452072022714902,0.5561413149071521,0.5448054648054648,0.5746162618545784,0.47839619839619835,0.7410676800147831
H2,default,Hybrid-2 (MLP+BiLSTM),0.5643894925196602,0.8358071456826,0.7423820475852307,0.5513368473540143,0.5393970893970894,0.5713810171160599,0.4791862191862192,0.7379555769764361
H2,default,Hybrid-3 (MLP+GRU),0.5613031864031406,0.8334268501512074,0.7430214090887154,0.5523149745913948,0.540902880902881,0.5661393881161232,0.4760736560736561,0.7388245740835847
H2,default,Hybrid-4 (MLP+Transformer),0.5484335454043301,0.8325383002464081,0.7352895484853837,0.535677273615045,0.50003267003267,0.5843223767966313,0.4668280368280368,0.7222545290349031
H2,default,Proposed (MLP+CausalTCN+LSTM),0.5724815177377863,0.8361501896232492,0.7430170694741431,0.5535444392629465,0.5493970893970894,0.5667833938687743,0.4814820314820315,0.7414328828487979
H2,default,Hybrid-5 (MLP+CNN-BiLSTM),0.5737981119180777,0.8368003224040461,0.7369930789682634,0.5448895974789292,0.5595040095040095,0.5390139515698034,0.4691565191565191,0.74261871010769
H2,default,Hybrid-6 (MLP+Attention-LSTM),0.5598222096017264,0.8364879393824027,0.739413902642579,0.5444948551114948,0.5208434808434809,0.577315819150739,0.47686070686070686,0.7307281931189274
H2,default,Hybrid-7 (MLP+Transformer-LSTM),0.5571705526106656,0.8315618204366697,0.7334062923718819,0.5340247910747812,0.5108197208197208,0.5671368588307194,0.46837837837837837,0.7249533711501789
H2,tuned,Logistic Regression,0.5481013403936301,0.8286762600876889,0.7309872609122576,0.5334961140099881,0.5386011286011285,0.531915578868234,0.4529313929313929,0.7329300401192418
H2,tuned,Random Forest,0.5598833774545495,0.8254660671137255,0.7341471764533913,0.5369864618377577,0.5254707454707455,0.5515506585958996,0.4668339768339768,0.7298789638720204
H2,tuned,HistGradientBoosting,0.5678191099565489,0.829119035804663,0.7389796312392342,0.5425594420763056,0.5115533115533115,0.5891488577745025,0.4699168399168399,0.7277219039557338
H2,tuned,Static MLP,0.5465019442346934,0.8286165561790348,0.7365862878686251,0.5405719460183396,0.5254380754380754,0.5642093082166544,0.45216216216216215,0.7310936118997429
H2,tuned,Standalone LSTM,0.3246944204408152,0.6980568963235768,0.6065383477322823,0.32403736970526176,0.3518384318384319,0.3114434346631261,0.36038907038907037,0.6156484476678086
H2,tuned,Hybrid-1 (MLP+CNN+LSTM),0.5711450009611532,0.8378263275885548,0.7396895645487728,0.5482571205332971,0.5486189486189487,0.5564805718716845,0.4706831006831007,0.7398131381046474
H2,tuned,Hybrid-2 (MLP+BiLSTM),0.5752210613157719,0.8385797161283655,0.7423104003383404,0.5464300020119269,0.4984407484407485,0.6135357605892624,0.48226314226314226,0.7246818642414885
H2,tuned,Hybrid-3 (MLP+GRU),0.558422533323956,0.8298895991836892,0.7413164827087384,0.5478650684864658,0.523914463914464,0.5843431669559481,0.4760736560736561,0.7324988027588217
H2,tuned,Hybrid-4 (MLP+Transformer),0.5554724772950149,0.8355515267754374,0.7393364371781825,0.5416843243950448,0.49771606771606774,0.5982772573776133,0.47146124146124146,0.7232042649028158
H2,tuned,Proposed (MLP+CausalTCN+LSTM),0.5674931199994957,0.8364921565456832,0.740200368098518,0.5495159928884403,0.5548143748143748,0.5510392083243939,0.4722304722304722,0.7422648680691264
H2,tuned,Hybrid-5 (MLP+CNN-BiLSTM),0.5756030119472586,0.8386131743788774,0.740113012803137,0.5431198022398542,0.4984734184734185,0.5987303300979189,0.46990198990198995,0.7236417969798361
H2,tuned,Hybrid-6 (MLP+Attention-LSTM),0.5552442426868094,0.8323424066319177,0.7429792986051278,0.5508728974853236,0.5262221562221562,0.5809937575135244,0.4776329076329076,0.733768921760797
H2,tuned,Hybrid-7 (MLP+Transformer-LSTM),0.5546308948260025,0.831562955077235,0.7326709810437972,0.533986104005965,0.5177695277695278,0.5603006164440172,0.46837837837837837,0.7266710797709962
H1,default,Logistic Regression,0.3658229176441103,0.7519275168511472,0.6429365424041384,0.3773333824833317,0.3673002673002673,0.3960661609745081,0.320997920997921,0.6399583300970548
H1,default,Random Forest,0.34544419791484,0.7366271028969773,0.6374093381911948,0.3723973727550184,0.38199881199881197,0.36520743420859336,0.31176121176121174,0.6406885561992307
H1,default,HistGradientBoosting,0.39099458464956954,0.7352049830446026,0.6455909786555775,0.3753876554023445,0.3411196911196911,0.43042805434248504,0.3326017226017226,0.6352424309740856
H1,default,Static MLP,0.3915565680318683,0.7533536044402411,0.647141173113829,0.3818141356790863,0.3595901395901396,0.41120374542196264,0.33565488565488566,0.6401448281258993
H1,default,Standalone LSTM,0.13180102744250852,0.5,0.11645245465457396,0.23290490930914792,1.0,0.13180102744250852,1.0,0.5
H1,default,Hybrid-1 (MLP+CNN+LSTM),0.39243892489055077,0.7532578441962176,0.650728814001487,0.39468517582421675,0.4052064152064152,0.4037363362810121,0.3418384318384319,0.6549847430633393
H1,default,Hybrid-2 (MLP+BiLSTM),0.39447226998142526,0.7525416747793405,0.650070088455194,0.3902787127231066,0.3843332343332343,0.41336769340290297,0.3441580041580042,0.6487064332428647
H1,default,Hybrid-3 (MLP+GRU),0.39672245745204754,0.7530174410060648,0.6538309791236332,0.39407433603866815,0.375019305019305,0.4210352234823655,0.33566379566379567,0.647916415404963
H1,default,Hybrid-4 (MLP+Transformer),0.3927813796764717,0.7515631358135464,0.6552410925085609,0.3981418018028884,0.38426789426789426,0.44000052454351923,0.3356667656667657,0.6509609084408128
H1,default,Proposed (MLP+CausalTCN+LSTM),0.3974705631174191,0.7528393490936244,0.6474603216508192,0.3738042944027212,0.31949212949212946,0.474520804114072,0.33565488565488566,0.6308719837817478
H1,default,Hybrid-5 (MLP+CNN-BiLSTM),0.3937489056005952,0.7500652215333772,0.6515306540484892,0.39173081438801954,0.37885654885654885,0.44280289167021375,0.3371874071874072,0.6478460856450715
H1,default,Hybrid-6 (MLP+Attention-LSTM),0.39689203063389655,0.7552340788240082,0.6448206361057427,0.3740002692842963,0.34035343035343035,0.4373651060214126,0.3364330264330264,0.6348597464750336
H1,default,Hybrid-7 (MLP+Transformer-LSTM),0.39471953841250673,0.7529435791028811,0.6489244141890081,0.386978991179136,0.3742352242352242,0.4128267246921661,0.3364270864270864,0.6451825918333165
H1,tuned,Logistic Regression,0.36923372306452457,0.7497255869235862,0.6459118410222525,0.38603641870441596,0.39041283041283037,0.3911748515477218,0.32793881793881796,0.6475901800869389
H1,tuned,Random Forest,0.4061881512621908,0.7556064571767477,0.6517781748594643,0.39118258675157325,0.37580338580338585,0.4204249466700447,0.34107811107811103,0.6472534254700264
H1,tuned,HistGradientBoosting,0.38949119389903003,0.7383683536704778,0.6481506270264585,0.38062254953186647,0.34807246807246806,0.4350359007795954,0.3325957825957826,0.6381916129759628
H1,tuned,Static MLP,0.3927487519887106,0.7574249350950331,0.64190850770882,0.3622829186625277,0.3048203148203148,0.45789282861925085,0.3356697356697357,0.6247657904352133
H1,tuned,Standalone LSTM,0.13180102744250852,0.5,0.11645245465457396,0.23290490930914792,1.0,0.13180102744250852,1.0,0.5
H1,tuned,Hybrid-1 (MLP+CNN+LSTM),0.3975005653825363,0.756644724592087,0.6575399947481924,0.4055979702945257,0.4058895158895159,0.4138339412143317,0.34337095337095336,0.6576719523461003
H1,tuned,Hybrid-2 (MLP+BiLSTM),0.39718944299290465,0.756714096422941,0.656954264172481,0.3928903798005591,0.3434065934065934,0.47523496079902683,0.3441580041580042,0.6411910719338187
H1,tuned,Hybrid-3 (MLP+GRU),0.39967218440697133,0.7563781033264452,0.6549151617744691,0.39910991552231617,0.3904395604395604,0.4238814124882702,0.3349064449064449,0.6521725878489254
H1,tuned,Hybrid-4 (MLP+Transformer),0.3882306741403675,0.7534865070419146,0.6486782068240677,0.38166972423340145,0.3495188595188595,0.4578809424837303,0.33952776952776953,0.6390326249921744
H1,tuned,Proposed (MLP+CausalTCN+LSTM),0.38204894806998346,0.7526171730488745,0.6420673128826391,0.36934747557834335,0.33413424413424414,0.4275556105102078,0.32872883872883873,0.6312835871255877
H1,tuned,Hybrid-5 (MLP+CNN-BiLSTM),0.3932163047957839,0.755958666725018,0.6507093690177452,0.38164031601842263,0.33414315414315415,0.4487460568302658,0.34337689337689337,0.6358539293913404
H1,tuned,Hybrid-6 (MLP+Attention-LSTM),0.3965185744892037,0.7559589314520724,0.651270742622067,0.3888992748282651,0.3681407781407781,0.4278076544724949,0.3402821502821503,0.6450625291630507
H1,tuned,Hybrid-7 (MLP+Transformer-LSTM),0.3934360941401261,0.7575117468639733,0.6495635138759104,0.38542605336155006,0.3595960795960796,0.4245715187047029,0.33565785565785566,0.6413768261427369
