model,fold,track_top1,prog_top1,prog_top3,prog_macro_f1,prog_bal_acc,track_macro_f1
logreg,1,28.272251308900525,9.424083769633508,39.02537253322594,0.04751029598209122,20.13068373181511,0.23614228168403958
rf,1,29.92347966169956,30.567861457913814,69.95569875151027,0.06979597597369361,7.890883764961558,0.23860890859370998
hgb,1,37.97825211437777,32.339911397503016,74.54691904953685,0.06850230658476039,7.375008825487502,0.34283182498936626
static_mlp,1,28.03060813532018,10.350382601691502,42.529198550140954,0.04482833110925456,12.549323517544837,0.2392770686500843
lstm,1,20.620217478856222,4.309303262182843,23.882400322190897,0.02235505148866513,13.69610778548293,0.09885045919096626
hyb1,1,27.144583165525578,14.377768828030607,47.84534836890858,0.06424105020222429,16.752250425466112,0.21861409405754095
hyb2,1,27.627869512686264,14.136125654450263,47.03987112364076,0.050565908925940276,13.738539872263294,0.2318891388269101
hyb3,1,27.587595650422873,12.56544502617801,46.556584776480065,0.047706021085071194,14.084405268487021,0.2116307487217052
hyb4,1,26.822392267418444,13.370922271445831,46.03302456705598,0.050926820720123125,13.335981201461761,0.21069717303369323
proposed,1,27.748691099476442,11.639146194120016,44.1401530406766,0.049642814135375656,13.844792494079647,0.20527790000606003
logreg,2,30.096696212731665,9.508460918614022,40.531829170024174,0.045090798891961326,14.434593816666336,0.26031156442247055
rf,2,29.61321514907333,30.136986301369863,69.50040290088639,0.07287998798291935,8.082279304056978,0.235140335875603
hgb,2,36.82514101531023,31.4262691377921,74.2143432715552,0.07643596325287258,8.06407491387412,0.32579480070180605
static_mlp,2,28.767123287671232,9.58904109589041,42.546333601933924,0.04034123580661279,8.306133423584724,0.2264790903813913
lstm,2,20.910556003223206,3.7066881547139405,20.54794520547945,0.021967035967417343,10.960222880521798,0.09788444821062012
hyb1,2,28.767123287671232,13.940370668815472,44.480257856567285,0.061498350425883565,12.349711214665064,0.2044404835807681
hyb2,2,28.887993553585815,13.940370668815472,44.68170829975826,0.06312110572981569,14.855772340353477,0.21238777081798274
hyb3,2,30.016116035455276,12.127316680096696,43.07010475423046,0.056288885572271866,13.841093718879497,0.22213963780164242
hyb4,2,29.0088638195004,10.757453666398066,39.48428686543111,0.051834099887232955,13.654468969313962,0.20922384711761216
proposed,2,31.184528605962935,12.97340854149879,43.43271555197422,0.05810471048280541,15.167461910714271,0.25210844713733616
logreg,3,30.459307010475424,9.790491539081387,39.40370668815471,0.05149367876218294,14.01162573567339,0.2556019639129672
rf,3,29.170024174053182,30.419016921837226,70.50765511684126,0.0789742546665035,8.517391997313172,0.22321160283218147
hgb,3,37.02659145850121,30.419016921837226,74.05318291700242,0.06630770246967796,7.124663876017864,0.32700926952465603
static_mlp,3,27.92103142626914,6.124093473005641,34.045124899274775,0.033888924463135135,10.776387213925343,0.21623274456494568
lstm,3,20.668815471394037,3.62610797743755,23.207091055600323,0.02297990735783091,13.716307967667626,0.09247738030313465
hyb1,3,28.08219178082192,8.420628525382757,38.27558420628525,0.039511706574919994,13.48188395101085,0.20071764113447363
hyb2,3,27.47784045124899,11.120064464141821,42.58662369057212,0.0442394247379961,12.03217118011114,0.2026235955626669
hyb3,3,27.51813053988719,9.91136180499597,39.36341659951652,0.04776896454496719,12.0637773905215,0.19821315936306783
hyb4,3,28.203062046736505,10.475423045930702,39.36341659951652,0.04996371361585235,14.932118898261596,0.20594874717080344
proposed,3,28.52538275584206,10.838033843674456,39.605157131345685,0.04917064707248378,14.368414764876098,0.2106386818849565
logreg,4,28.52538275584206,9.6696212731668,40.89443996776793,0.046325561174708846,11.850219146736169,0.2391408462855291
rf,4,29.975825946817082,30.016116035455276,70.9508460918614,0.0692300332980957,7.735740002467102,0.24562072649791147
hgb,4,36.986301369863014,31.22481869460113,75.42304593070105,0.07092098544798485,7.534958853463475,0.32972941999983457
static_mlp,4,26.833199033037875,7.17163577759871,39.5648670427075,0.03637356506763162,10.338614217049132,0.22588774258843203
lstm,4,20.507655116841256,4.512489927477841,23.811442385173248,0.024628247030539976,12.075937769214063,0.09937954642704322
hyb1,4,30.298146655922643,10.233682514101531,41.49879129734085,0.050744810038750934,15.969188468706284,0.23365167214989155
hyb2,4,30.05640612409347,11.281224818694602,45.52780016116035,0.045368828615743276,12.292488927022568,0.23932173308349988
hyb3,4,30.741337630942787,8.823529411764707,42.38517324738114,0.04063212335996798,13.316267047433064,0.2448798673936116
hyb4,4,27.84045124899275,10.515713134568896,39.64544721998388,0.04462561254722877,11.870603855963765,0.21505161941759426
proposed,4,28.60596293311845,9.75020145044319,40.97502014504432,0.04618710228011059,15.083729083906599,0.23179106156771048
logreg,5,27.92103142626914,8.340048348106366,37.389202256244964,0.044646827336727236,18.42049643049642,0.23701187110360303
rf,5,30.338436744560838,28.203062046736505,69.58098307816277,0.06306745950446498,7.424127576834345,0.24243773173965022
hgb,5,35.93875906526994,30.338436744560838,73.93231265108783,0.06503832470035434,7.029694260365946,0.3248705899939838
static_mlp,5,25.906526994359385,8.017727639000807,37.9532634971797,0.04029061589928521,9.864503577593103,0.19434778834805774
lstm,5,20.507655116841256,7.211925866236905,30.016116035455276,0.03615653756428979,13.559059542178861,0.0919101903022175
hyb1,5,27.759871071716358,15.310233682514102,47.13940370668816,0.04627478327257032,13.212884051303082,0.20795101888821993
hyb2,5,27.276390008058016,14.182111200644643,45.36663980660757,0.05625932891875511,17.592761591661976,0.1986576885286073
hyb3,5,26.510878323932314,13.537469782433522,44.52054794520548,0.061971978900647914,18.09574938294821,0.19570981694102593
hyb4,5,28.726833199033035,14.141821112006447,44.96373892022562,0.05181315399309037,15.689924238701236,0.21617549953640666
proposed,5,26.10797743755036,12.530217566478646,42.425463336019334,0.05194721785766763,15.874989458902405,0.19145774072221905
