,precision,recall,f1-score,support
AERONAUTICAL ENGINEERING,0.010309278350515464,0.1590909090909091,0.019363762102351315,44.0
AUTOMATION ENGINEERING,0.0,0.0,0.0,10.0
CATASTRAL ENGINEERING AND GEODESY,0.024793388429752067,0.3076923076923077,0.045889101338432124,78.0
CHEMICAL ENGINEERING,0.15663524292965916,0.216,0.18158890290037832,1000.0
CIVIL CONSTRUCTIONS,0.01904761904761905,0.2857142857142857,0.03571428571428571,14.0
CIVIL ENGINEERING,0.3342618384401114,0.03614457831325301,0.0652351182386518,3320.0
CONTROL ENGINEERING,0.00823045267489712,0.1,0.015209125475285171,20.0
ELECTRIC ENGINEERING,0.05329153605015674,0.18345323741007194,0.0825910931174089,278.0
ELECTRIC ENGINEERING AND TELECOMMUNICATIONS,0.009720534629404616,0.1702127659574468,0.01839080459770115,47.0
ELECTROMECHANICAL ENGINEERING,0.0057251908396946565,0.08823529411764706,0.010752688172043012,34.0
ELECTRONIC ENGINEERING,0.12669683257918551,0.03297997644287397,0.052336448598130844,849.0
INDUSTRIAL AUTOMATIC ENGINEERING,0.004975124378109453,0.09090909090909091,0.009433962264150943,22.0
INDUSTRIAL CONTROL AND AUTOMATION ENGINEERING,0.0,0.0,0.0,1.0
INDUSTRIAL ENGINEERING,0.6060842433697348,0.14610755923279428,0.23545454545454544,5318.0
MECHANICAL ENGINEERING,0.16103603603603603,0.12599118942731277,0.14137419673751853,1135.0
MECHATRONICS ENGINEERING,0.018250950570342206,0.2926829268292683,0.03435934144595562,82.0
PRODUCTION ENGINEERING,0.010067114093959731,0.15,0.018867924528301886,60.0
PRODUCTIVITY AND QUALITY ENGINEERING,0.005305039787798408,0.06896551724137931,0.009852216748768473,29.0
TEXTILE ENGINEERING,0.0,0.0,0.0,1.0
TOPOGRAPHIC ENGINEERY,0.011730205278592375,0.09523809523809523,0.020887728459530026,42.0
TRANSPORTATION AND ROAD ENGINEERING,0.02349869451697128,0.3333333333333333,0.04390243902439024,27.0
accuracy,0.11546209008137942,0.11546209008137942,0.11546209008137942,0.11546209008137942
macro avg,0.07569806295250191,0.1372738603309557,0.049581127853229975,12411.0
weighted avg,0.3868873127476528,0.11546209008137942,0.15237623082415683,12411.0
