,p_macro_f1,p_prog_top1,p_prog_top3,p_track_top1,p_macro_f1_holm
logreg,0.22160924189892683,0.04341987128328686,0.07331591881751943,0.3398201443049165,1.0
rf,0.0036868141691059953,2.6064452278011585e-05,1.1252319574366519e-05,0.22236997202775494,0.025807699183741966
hgb,0.0005972793401291948,8.625935461810251e-06,3.3917109866500503e-06,0.0004510904249758414,0.005375514061162753
static_mlp,0.0061065143380150885,0.006528491019182875,0.04044945835321162,0.13320731366949423,0.03663908602809053
lstm,0.0016536250036586412,0.0007731561568309771,0.0005584589609481118,0.0005060553860633736,0.01322900002926913
hyb1,0.750920287187458,0.3927670982846671,0.18961617847734674,0.976640115014025,1.0
hyb2,0.6450140410478227,0.019818148521362263,0.005003761792424703,0.8200869429668456,1.0
hyb3,0.9612508111125574,0.7546559166719963,0.14118352378660606,0.9493860650777363,1.0
hyb4,0.4360416846296399,0.6978463617560849,0.8610009382367383,0.7129228745968592,1.0
proposed,,,,,
