model,fold,accuracy,macro_f1,bal_acc
hgb,1,39.02537253322594,0.3543066791447565,37.612003065441854
hgb,2,40.20950846091861,0.36199171435322464,38.21490881286757
hgb,3,37.51007252215955,0.33850325224817446,35.88296691539743
hgb,4,37.9532634971797,0.3420643554311529,36.105746026291676
hgb,5,37.792103142626914,0.3417664153289294,36.61430021738223
rf,1,42.327829238824,0.35486114213284503,35.95299308487045
rf,2,43.190975020145046,0.35351875350971296,36.25551152005196
rf,3,40.97502014504432,0.3465692858805024,35.171609212866045
rf,4,41.70024174053183,0.3448757079825646,34.540375167377334
rf,5,40.531829170024174,0.3315231191829203,33.815815449566166
static_mlp,1,30.80950463149416,0.2930866761280526,33.865350882815235
lstm,1,31.413612565445025,0.2754672030969624,34.09890536394356
hyb1,1,35.48127265404752,0.3378145867853426,37.781418943363555
hyb2,1,35.964559001208215,0.3384788776729664,36.982688699815505
hyb3,1,36.286749899315346,0.3381526003938972,36.79194700802107
hyb4,1,35.602094240837694,0.337145732136543,37.46186281352137
proposed,1,36.045106725734996,0.3381477137985517,37.349309731718584
static_mlp,2,34.08541498791297,0.3064498900373927,34.395034004210814
lstm,2,32.43352135374698,0.29844475276573756,35.07871011132054
hyb1,2,38.195004029008864,0.3461459385890071,38.01813701238457
hyb2,2,36.82514101531023,0.33913245944556014,38.222026832064124
hyb3,2,37.42949234488316,0.34609534462248404,39.156704424391975
hyb4,2,34.85092667203868,0.32203020869793597,37.154960709505296
proposed,2,36.704270749395654,0.3337087881713058,36.7624498308895
static_mlp,3,30.338436744560838,0.2856970557500637,33.21239803427971
lstm,3,30.378726833199032,0.2755573214893058,34.17647634740365
hyb1,3,36.01933924254633,0.3291168673571372,36.91436509811464
hyb2,3,34.971796937953265,0.32805203354654844,37.673071588690526
hyb3,3,35.777598710717164,0.32801193452659133,36.66771113543076
hyb4,3,36.583400483481064,0.3325964809239415,37.323588991638566
proposed,3,37.46978243352135,0.33949924381033814,37.38916889454578
static_mlp,4,28.041901692183725,0.2757074729486673,34.13798506792528
lstm,4,33.72280419016922,0.3009741774490684,36.78170789263047
hyb1,4,31.305398871877514,0.29786478086524804,35.626639163565464
hyb2,4,34.6897663174859,0.3161474143167639,37.35101271778267
hyb3,4,31.909750201450443,0.29801826171605916,35.81433252459509
hyb4,4,30.741337630942787,0.2913110121616839,35.420916371917265
proposed,4,33.037872683319904,0.30904249861696503,36.58861932000084
static_mlp,5,32.634971796937954,0.2976236011459308,33.78106378743612
lstm,5,32.634971796937954,0.2908920361819614,36.70378623516123
hyb1,5,35.69701853344077,0.3341523054563674,37.453597470186324
hyb2,5,36.54311039484287,0.33290531747504903,36.452653494057834
hyb3,5,36.502820306204676,0.33447089737365276,35.78135843020143
hyb4,5,35.979049153908136,0.33316830606662773,36.455008064862554
proposed,5,35.294117647058826,0.33041317806359627,37.02345752697312
logreg,1,38.50181232380186,0.3607763083365469,40.72347971654683
logreg,2,37.63094278807414,0.3506202419078981,40.45782367486268
logreg,3,36.704270749395654,0.3472139849585416,39.92997566497248
logreg,4,36.01933924254633,0.33746467420892057,38.228794492578864
logreg,5,35.374697824335215,0.3272035810970527,37.779150575763424
majority,1,43.57631896898913,0.1517531556802244,25.0
majority,2,43.593875906526996,0.15179573512906847,25.0
majority,3,43.5535858178888,0.15169800729722144,25.0
majority,4,43.5535858178888,0.15169800729722144,25.0
majority,5,43.5535858178888,0.15169800729722144,25.0
