task,mode,model,accuracy_mean,macro_f1_mean,bal_acc_mean,top3_mean,track_acc_derived_mean,accuracy_std,macro_f1_std,bal_acc_std,top3_std,track_acc_derived_std
program,default,logreg,12.311593128195176,0.054263424127265945,12.84452566136857,44.75867324072833,29.97343093389602,1.008028919789086,0.00595395011374922,0.8417330745876455,1.5634772687890377,1.6947762896595593
program,default,rf,32.189126186999886,0.07528876169539826,8.335568100547484,72.1456979174746,29.393279619705698,0.9335588472354522,0.005742827225284456,0.6819234396522195,0.4949094773119477,0.36094722538576296
program,default,hgb,34.57409822733346,0.07548158766832601,7.969880455069415,76.64979556390384,38.868710129768814,0.8573954768608082,0.00341902823133044,0.36544599311090287,0.4876038585908966,0.4264467371383867
program,default,static_mlp,11.086771188319087,0.048259187101501635,12.134231609298848,45.04041503172419,26.70217105649602,2.0778878604386453,0.0048750991643697434,2.24039852055094,2.9512196834377296,1.412609864906097
program,default,lstm,4.6733030376098155,0.025617355881748627,12.801527189013054,24.292999000779837,20.642979837431195,1.4691770132299249,0.005978634605902121,1.2377232268627234,3.477038274040978,0.1653845287924481
program,default,hyb1,14.712548147710638,0.059480613302579144,14.197302578075625,47.77162870289929,27.81405742773665,2.804055417604614,0.007600968565725902,1.519280128850792,4.529768186677854,0.7928007304851838
program,default,hyb2,14.914089458600515,0.059919840394972036,13.951818249771161,48.54539636652525,28.023604831954792,1.6896484135845051,0.006503713709278171,1.6248507495227613,3.216571368744131,1.850937461674695
program,default,hyb3,15.002627050080758,0.06127520334972257,13.504865315105615,49.66520445394517,28.30547967922404,2.8709681787134382,0.008632639503140182,1.8807079404008031,3.8845214465168585,1.031374380177195
program,default,hyb4,13.310709439823352,0.05370033633357556,13.843390933511742,47.14330777246599,27.532159863542677,1.839021921867963,0.007364513214268707,2.643977208538223,3.3610125969967983,1.8785918323702975
program,default,proposed,13.512153392464407,0.05381349432438297,13.018433129694666,46.32155871854477,27.64495264007986,1.136457194697301,0.0052367996928883685,1.8867869063539306,2.0373050955576724,1.9579388332486676
program,default,majority,42.84908530302593,0.030943389151589257,5.157894736842104,78.74466273966762,,0.020186180910338566,0.0008689676744774129,0.14413751513293793,0.020799773969536486,
program,tuned_macro_f1,logreg,39.53782092118428,0.07705025842932427,8.421096354034768,77.85862803404812,38.85256164156392,3.7402582920380123,0.010932668137201354,1.8933281114037184,3.2091739801454544,0.8068515066987443
program,tuned_macro_f1,rf,33.4382617268822,0.08726031477599605,10.497293205595957,72.89522986769339,31.64129781141902,4.77156926223472,0.021093501984773805,3.55843582883594,4.393782239432201,7.03605640092863
program,tuned_macro_f1,hgb,35.62172490907551,0.08417720519693773,9.023201837743887,75.91659708256272,39.489278098320796,3.471714700314927,0.008673478186797826,1.3052912138964672,3.8355954516088437,3.058181569136982
program,tuned_macro_f1,static_mlp,32.77707265164602,0.07408517490740998,8.353884027454965,73.18480250716962,36.612468411304846,10.671571207612056,0.010388930060525268,1.657774184743961,8.536480894927191,6.299021762215983
program,tuned_macro_f1,lstm,33.754656563909364,0.04686640634081827,7.643863755971199,69.19149166791881,32.568833093237075,16.2978106150228,0.017375611346979507,3.2739514108197345,19.956335413787897,8.100481477195904
program,tuned_macro_f1,hyb1,34.04998307589108,0.08088889534167917,10.078627614013733,73.515083875754,37.96599795612583,8.183726898048532,0.009564351864979512,2.091234552462558,6.3534053089150975,5.056596570684645
program,tuned_macro_f1,hyb2,36.113066028688884,0.07868293726348138,8.305828298152583,76.34353247530427,40.51232831278479,1.2673138697997455,0.007721568018558023,0.6853632046778324,0.5094680339088493,1.1281082616112852
program,tuned_macro_f1,hyb3,37.30533137015833,0.08194030133428407,9.661255475644149,76.81070927755961,39.27971446772786,2.529166716179817,0.0064383126390939105,0.7693794555611897,1.5461759408436284,0.6421794568208965
program,tuned_macro_f1,hyb4,36.84621258563064,0.0833998200257658,9.755072427834921,76.39187409112017,39.650204793076405,1.4553925386584365,0.008609601426868686,0.4827209060249963,1.0846825097246657,1.0346918011874453
program,tuned_macro_f1,proposed,36.435107644147806,0.08879289687052809,9.699839593938524,76.48035002237616,39.03800314337333,3.52713454273945,0.006084016404933847,0.9456384116162551,2.0837904574670505,1.2981288624295548
program,tuned_macro_f1,majority,42.84908530302593,0.030943389151589257,5.157894736842104,78.74466273966762,,0.020186180910338566,0.0008689676744774129,0.14413751513293793,0.020799773969536486,
program,tuned_top3,logreg,44.33974718659,0.05216780592042539,6.0997393406296165,81.76609810531112,46.49910446637457,0.6313227929773071,0.007393231967797375,0.36060940885174336,0.9613596037259293,0.6121757177091339
program,tuned_top3,rf,44.28325668534755,0.05554936057390738,6.291857787725467,82.23346637878915,45.39507815108897,1.1606580197770182,0.006051984218754759,0.3082741063403034,0.7133262908712177,3.5871328294159723
program,tuned_top3,hgb,43.453446368423734,0.06311086231574997,6.6386156454176355,81.73392769462482,45.443643690877174,1.5982508931990267,0.004642336894199998,0.35757635794598247,0.6580910403304184,1.3315914087480134
program,tuned_top3,static_mlp,42.69628477677214,0.05251195173203116,6.100543149985123,80.27583214529226,42.38227846211612,2.1556491236876725,0.003179127116778045,0.1254880479313256,2.0473501105674936,3.692486114530501
program,tuned_top3,lstm,42.60736748812148,0.037672480449961424,5.305732721268716,79.71155671621011,43.80788231854126,0.23307024605946317,0.002076015295410851,0.11731063541441852,0.3895058112064752,0.7464203820866666
program,tuned_top3,hyb1,44.50893959667074,0.05550390775142964,6.324211259333799,81.74998856040575,46.104203182770966,0.6850713746172999,0.005354953010179882,0.29515887290791654,1.007586898335244,0.9022532405966814
program,tuned_top3,hyb2,41.69674333412409,0.06521327102610655,7.269703106414335,80.60582792968009,42.5668697018858,3.344612110427483,0.011576866424547283,1.337115997785755,2.600732419496378,4.812313936379782
program,tuned_top3,hyb3,44.28332808139669,0.054748090495198354,6.256894880080898,81.74197273125262,45.87060504581841,0.9446783266182736,0.004684546776449356,0.20458806408391597,0.46207119587328244,0.3528737164660305
program,tuned_top3,hyb4,42.8411668321216,0.05543245121899883,6.233828768616491,81.12161246029811,44.54930757190799,1.2214285582584743,0.003846759094293832,0.2154490755912633,0.4254384103968063,0.8913591789761066
program,tuned_top3,proposed,41.22945943779506,0.06525217632342897,7.106891368670295,79.40527415596077,43.590283387145405,2.8829408241191326,0.014096072879534873,1.5611182534917871,2.580437959303014,2.368552455410265
program,tuned_top3,majority,42.84908530302593,0.030943389151589257,5.157894736842104,78.74466273966762,,0.020186180910338566,0.0008689676744774129,0.14413751513293793,0.020799773969536486,
