,p_macro_f1,p_accuracy,p_macro_f1_holm
logreg,0.10036661445619083,0.041830669990072684,1.0
rf,0.7236708182501238,0.006826285266109171,1.0
hgb,0.3223803037903702,0.047784291159626825,1.0
static_mlp,0.6296625537211135,0.17415333075941403,1.0
lstm,1.0112209366745333e-05,0.0004600334231497442,0.000121346512400944
hyb1,0.05175807157511305,0.06797761900450311,0.5693387873262435
hyb2,0.37910073731190397,0.9998814908264123,1.0
hyb3,0.5270970277843199,0.23219269292821218,1.0
hyb4,0.38541658947444263,0.6501469332376948,1.0
proposed,,,
hyb5,0.3542391512480631,0.09697225608937064,1.0
hyb6,0.6507601508756868,0.2410482256214605,1.0
hyb7,0.10416972192844305,0.06745823027148073,1.0
