variant,label,group,pr_auc_mean,pr_auc_std,roc_auc_mean,roc_auc_std,capture_top10_mean,capture_top10_std,d_pr_auc,ci_lo,ci_hi,p,d_roc_auc,p_holm
full,Full model (Proposed),reference,0.5676879995103923,0.033674212067879385,0.8363263200562706,0.008375193528663139,0.47892188892188886,0.012616538396859212,,,,,,
no_static,- static branch,architecture,0.3250501258778106,0.021698554514220907,0.6963283628996104,0.0034546040215662492,0.3413266013266013,0.01865737910541677,-0.24263787363258155,-0.29376965837503927,-0.1915060888901238,0.00019170189147449572,-0.13999795715666022,0.002492124589168444
no_temporal,- temporal branch,architecture,0.5434982880943158,0.026721397192596686,0.8287964564834498,0.004678393080074718,0.4593654093654093,0.016052717994680905,-0.024189711416076443,-0.03527222997180291,-0.013107192860349974,0.003743105756983397,-0.007529863572820705,0.04491726908380077
no_tcn,- causal TCN (MLP+LSTM),architecture,0.5634377547148656,0.0354722132241725,0.8352906759614159,0.008391998738039107,0.4724908424908425,0.01229857972265396,-0.004250244795526626,-0.008648746521912238,0.00014825693085898737,0.055064625009241724,-0.001035644094854704,0.5506462500924172
no_lstm,- LSTM (MLP+TCN),architecture,0.5675562714725049,0.030095810712628797,0.836768899741194,0.007824065467667757,0.47454707454707457,0.015342556113236813,-0.00013172803788727983,-0.006964365914282278,0.006700909838507719,0.9598781406024405,0.00044257968492322775,1.0
no_residual,- TCN residual connection,architecture,0.5620052165323008,0.036156174633428274,0.8362549910390322,0.007132544299606404,0.4750648450648451,0.014226467341509749,-0.005682782978091461,-0.008983933040598543,-0.0023816329155843794,0.008778574553163759,-7.132901723840845e-05,0.09656432008480134
no_causal,- causality (symmetric conv),architecture,0.5669679191198848,0.03230866957060684,0.8369936147754476,0.008904241869566192,0.4758281358281359,0.013963323659738755,-0.0007200803905075048,-0.0029682390672384627,0.001528078286223453,0.4240968860023119,0.0006672947191771028,1.0
no_bn,- BatchNorm,architecture,0.5652322995026889,0.031103187524281945,0.8378736898681602,0.007510276048392386,0.4763419463419464,0.009767492205638663,-0.002455700007703321,-0.011751611437897163,0.006840211422490522,0.5039514550638065,0.0015473698118895652,1.0
no_dropout,- Dropout,architecture,0.5288686961659204,0.03546668739448753,0.8129998622100609,0.00882793296870189,0.45165330165330164,0.016886987411255522,-0.038819303344471943,-0.04348511444786221,-0.034153492241081676,2.0811626177839382e-05,-0.023326457846209746,0.0003329860188454301
linear_fusion,- fusion MLP (linear head),architecture,0.5636261176387845,0.03404587711701645,0.8363682274445333,0.008385321883256804,0.47326205326205323,0.014968206682037726,-0.004061881871607676,-0.012266412969701029,0.0041426492264856766,0.2412482709476291,4.1907388262640846e-05,1.0
no_cw,- class-weighted loss,training,0.5716306796466586,0.028852349347270916,0.8380115853592885,0.006234809840278343,0.471963171963172,0.013204809708353391,0.003942680136266441,-0.008073342422227622,0.015958702694760504,0.4138279247956057,0.001685265303017891,1.0
f_no_prior,- prior-year pass rates,features,0.5670944396867685,0.0326092603436892,0.8348449239745858,0.008276675284855773,0.4771181071181071,0.01200258700899711,-0.0005935598236235906,-0.008725755831948337,0.007538636184701156,0.8492992759593064,-0.0014813960816849382,1.0
f_no_credits,- credits / semester results,features,0.46546729737774906,0.034023858403734314,0.7847333324539318,0.017703280262660753,0.3948173448173448,0.021071680368292517,-0.10222070213264325,-0.12081343143861481,-0.0836279728266717,0.00010742054140355481,-0.05159298760233875,0.0015038875796497674
f_no_entry,- entry route & admission marks,features,0.5658614580971671,0.028030860078512968,0.8322550394501527,0.0070336146926147265,0.47325512325512326,0.01041596198014949,-0.0018265414132250246,-0.024431181965900974,0.020778099139450924,0.8334808048529757,-0.0040712806061181436,1.0
f_no_background,- family / campus / displacement,features,0.5793317261788111,0.03256728781161502,0.8436265807144396,0.01031346183900512,0.4794307494307494,0.015824985289079045,0.011643726668418907,-0.0007592876321314487,0.024046740968969263,0.05964043504604147,0.007300260658169089,0.5506462500924172
f_no_degree,- degree,features,0.5634924273658697,0.028674967166148195,0.8350545952111725,0.00930729780613696,0.47094743094743097,0.016154713481126036,-0.004195572144522508,-0.015776429850507638,0.0073852855614626196,0.3713904891498308,-0.0012717248450981212,1.0
f_no_lms,- learning-platform activity (zeroed),features,0.5447991899554204,0.03235613770199134,0.829989139348332,0.005328370223707838,0.462969012969013,0.012824005060726834,-0.022888809554971724,-0.02658753378647897,-0.01919008532346448,6.73232659983895e-05,-0.006337180707938738,0.0010098489899758424
