variant,fold,seed,pr_auc,roc_auc,capture_top10
full,1,42,0.5626983482166478,0.8376931632200953,0.4864864864864865
full,1,43,0.5638447128143653,0.8329369851618095,0.47104247104247104
full,1,44,0.5604133613379327,0.8354868752995217,0.47104247104247104
full,2,42,0.5487389900558753,0.8266573590344081,0.46153846153846156
full,2,43,0.5390505388264014,0.8236533957845434,0.4576923076923077
full,2,44,0.5522196039547328,0.8323230048639885,0.46923076923076923
full,3,42,0.6233821538677677,0.8441733222049567,0.4980694980694981
full,3,43,0.6178041098783162,0.8470956520165658,0.4980694980694981
full,3,44,0.6386939940019085,0.8594476977605272,0.4980694980694981
full,4,42,0.5581600262459357,0.8329635183765236,0.47876447876447875
full,4,43,0.5559806046538014,0.8362047711784092,0.4864864864864865
full,4,44,0.5567517652924502,0.8324557296437789,0.4749034749034749
full,5,42,0.5388483158611005,0.834046951797391,0.46332046332046334
full,5,43,0.5406157877229908,0.8330969684221001,0.4864864864864865
full,5,44,0.5581176799256563,0.8366594060794412,0.4826254826254826
no_static,1,42,0.35016138340415026,0.6913864349461538,0.3745173745173745
no_static,1,43,0.35130984122936226,0.6982403949617064,0.33976833976833976
no_static,1,44,0.351427141439403,0.6966806217391698,0.38223938223938225
no_static,2,42,0.3426676430958879,0.701828499369483,0.3730769230769231
no_static,2,43,0.3313725213924749,0.6918708340839488,0.25769230769230766
no_static,2,44,0.34566568558683425,0.7040758421905963,0.3153846153846154
no_static,3,42,0.3252033787073678,0.6967155455731906,0.38996138996138996
no_static,3,43,0.32398774707693395,0.7001060814769076,0.3783783783783784
no_static,3,44,0.31551064757615827,0.691135524175946,0.24324324324324326
no_static,4,42,0.29466389334082577,0.6911739758839935,0.3436293436293436
no_static,4,43,0.29618074961337143,0.69339738935521,0.3667953667953668
no_static,4,44,0.29263677582126435,0.6890025853119001,0.3436293436293436
no_static,5,42,0.31725449511129195,0.6996718033624888,0.3436293436293436
no_static,5,43,0.33054925949759145,0.7020693804525087,0.38223938223938225
no_static,5,44,0.3071607252742423,0.6975705306109523,0.2857142857142857
no_temporal,1,42,0.5267771000419768,0.8232415252321575,0.4362934362934363
no_temporal,1,43,0.5300908943273068,0.8323650683135462,0.4517374517374517
no_temporal,1,44,0.5378273587336173,0.8315377103433309,0.444015444015444
no_temporal,2,42,0.5409519200876498,0.8202350927760764,0.45384615384615384
no_temporal,2,43,0.5307171860432315,0.8219600072059088,0.4576923076923077
no_temporal,2,44,0.5214202333868607,0.8252747252747253,0.45384615384615384
no_temporal,3,42,0.5908804313365871,0.8356822803219991,0.49034749034749037
no_temporal,3,43,0.5920104467681633,0.836177628796258,0.4942084942084942
no_temporal,3,44,0.5909055709593362,0.8295435782254762,0.4749034749034749
no_temporal,4,42,0.5350707733458524,0.8249044927428054,0.46332046332046334
no_temporal,4,43,0.5332958696052733,0.8275101614293178,0.4594594594594595
no_temporal,4,44,0.5310989568326793,0.8255740048358678,0.4517374517374517
no_temporal,5,42,0.520351771541252,0.833583269435642,0.4555984555984556
no_temporal,5,43,0.5344686855058632,0.8326920945550118,0.4594594594594595
no_temporal,5,44,0.5366071228990874,0.831665207763626,0.444015444015444
no_tcn,1,42,0.5567069026454752,0.8340582134493143,0.4749034749034749
no_tcn,1,43,0.5642553886143664,0.8345012794661507,0.4671814671814672
no_tcn,1,44,0.5597410011306656,0.8388166520485021,0.47876447876447875
no_tcn,2,42,0.5459176460499865,0.8241307872455415,0.45
no_tcn,2,43,0.5352314600987709,0.8141033147180687,0.4576923076923077
no_tcn,2,44,0.547931253297933,0.8323252567105026,0.4653846153846154
no_tcn,3,42,0.618790381998743,0.8459511482358583,0.4980694980694981
no_tcn,3,43,0.634842959011009,0.8497714385236353,0.4980694980694981
no_tcn,3,44,0.619913909297937,0.8451549716927572,0.47876447876447875
no_tcn,4,42,0.5619300844156349,0.8398644690384586,0.4826254826254826
no_tcn,4,43,0.5436817102394754,0.8353859759835154,0.46332046332046334
no_tcn,4,44,0.5564845686905786,0.8354990692424787,0.4671814671814672
no_tcn,5,42,0.5284823973092937,0.8339361204036071,0.4749034749034749
no_tcn,5,43,0.5240560138674512,0.8293038205164744,0.4671814671814672
no_tcn,5,44,0.5536006440556636,0.8365576221463742,0.46332046332046334
no_lstm,1,42,0.5660137222743398,0.8360655737704918,0.4671814671814672
no_lstm,1,43,0.5650166084181033,0.8355885996401219,0.46332046332046334
no_lstm,1,44,0.5705976909853624,0.8384029730633946,0.4749034749034749
no_lstm,2,42,0.5505850073556304,0.8255944874797335,0.46153846153846156
no_lstm,2,43,0.5530601798449182,0.820784543325527,0.4576923076923077
no_lstm,2,44,0.5528163952915393,0.8303706539362277,0.4653846153846154
no_lstm,3,42,0.6188612320259032,0.8536347042498185,0.5057915057915058
no_lstm,3,43,0.61975712000364,0.8429541768733332,0.49034749034749037
no_lstm,3,44,0.618516563689822,0.8463809026199183,0.5057915057915058
no_lstm,4,42,0.5636740867498026,0.836580240798167,0.47104247104247104
no_lstm,4,43,0.5582815885525912,0.8389936509444418,0.49034749034749037
no_lstm,4,44,0.547882161897898,0.8330562548488734,0.46332046332046334
no_lstm,5,42,0.5493891469839566,0.8408234998744664,0.4555984555984556
no_lstm,5,43,0.5382119671090204,0.8362228660998432,0.47104247104247104
no_lstm,5,44,0.5406806009050465,0.8360803685935496,0.4749034749034749
no_residual,1,42,0.555027717506496,0.8376909026791929,0.47876447876447875
no_residual,1,43,0.5644221171873823,0.8327222337760978,0.47104247104247104
no_residual,1,44,0.5468929346889196,0.8349805141374228,0.4671814671814672
no_residual,2,42,0.5444040094744484,0.8283417402269861,0.45
no_residual,2,43,0.5361562778351603,0.8258804719870294,0.46153846153846156
no_residual,2,44,0.5418013667398524,0.8297941812286074,0.46153846153846156
no_residual,3,42,0.624527917095942,0.8422168088248932,0.4980694980694981
no_residual,3,43,0.6139428797898687,0.8447048605220836,0.4942084942084942
no_residual,3,44,0.6375696942591126,0.8561498983291602,0.4942084942084942
no_residual,4,42,0.5509814156549502,0.8348340808797751,0.4826254826254826
no_residual,4,43,0.5490550639988986,0.8359740609301243,0.4826254826254826
no_residual,4,44,0.5528929729702917,0.8324659080370855,0.47876447876447875
no_residual,5,42,0.5408681876999453,0.8362500084819944,0.47104247104247104
no_residual,5,43,0.5398937807463656,0.835184669982561,0.4749034749034749
no_residual,5,44,0.531641912336878,0.8366345255624694,0.4594594594594595
no_causal,1,42,0.5572629439743062,0.8299960214480122,0.4594594594594595
no_causal,1,43,0.5710975341569152,0.8407923647970486,0.4671814671814672
no_causal,1,44,0.5596800920585577,0.8401368079354028,0.4671814671814672
no_causal,2,42,0.5570644119832562,0.8206404251486218,0.4653846153846154
no_causal,2,43,0.5521645178826695,0.8246622230228787,0.4807692307692308
no_causal,2,44,0.5324297364863697,0.8327350927760764,0.46153846153846156
no_causal,3,42,0.6173540644297075,0.8502509539416393,0.5096525096525096
no_causal,3,43,0.6189874908754304,0.8473354097255679,0.4942084942084942
no_causal,3,44,0.6331766281262907,0.8544987367482972,0.4942084942084942
no_causal,4,42,0.5542727515733968,0.830764985422279,0.47876447876447875
no_causal,4,43,0.5598452560369634,0.8380979523334533,0.4942084942084942
no_causal,4,44,0.5587269732191512,0.8332372040632146,0.4594594594594595
no_causal,5,42,0.5533624991869727,0.837129874036728,0.47104247104247104
no_causal,5,43,0.532633530194129,0.8342324247420907,0.4671814671814672
no_causal,5,44,0.5464603566141546,0.8403937454904062,0.4671814671814672
no_bn,1,42,0.5606527392964824,0.841332634072681,0.4594594594594595
no_bn,1,43,0.5609323785638176,0.834862966010507,0.49034749034749037
no_bn,1,44,0.5609113110685311,0.8381045816643007,0.46332046332046334
no_bn,2,42,0.5593168703531217,0.8274387497748155,0.46153846153846156
no_bn,2,43,0.5559607839473216,0.8256733021077284,0.4807692307692308
no_bn,2,44,0.5551710178816063,0.8344509998198524,0.46923076923076923
no_bn,3,42,0.6192011294876575,0.8472969580175205,0.4980694980694981
no_bn,3,43,0.6156710098059892,0.8486676483161544,0.49034749034749037
no_bn,3,44,0.6214172411592852,0.8522052054565236,0.4826254826254826
no_bn,4,42,0.5467841557862162,0.8346734884520473,0.4942084942084942
no_bn,4,43,0.5500176342266765,0.8337981466276722,0.47876447876447875
no_bn,4,44,0.5573868941831668,0.8329680421068821,0.4749034749034749
no_bn,5,42,0.5470851346485542,0.8413007534272912,0.4749034749034749
no_bn,5,43,0.539632150833774,0.8357094227041502,0.46332046332046334
no_bn,5,44,0.5283440412981328,0.8396224494642771,0.46332046332046334
no_dropout,1,42,0.515919498232191,0.8092600797518831,0.444015444015444
no_dropout,1,43,0.5207807938523233,0.8115997395856881,0.4517374517374517
no_dropout,1,44,0.5255433395449381,0.8224571175390848,0.444015444015444
no_dropout,2,42,0.5051756771613655,0.803260673752477,0.4576923076923077
no_dropout,2,43,0.5105763610765215,0.8074716267339219,0.4423076923076923
no_dropout,2,44,0.5172719703895349,0.8102436497928301,0.4269230769230769
no_dropout,3,42,0.5882019918464609,0.8184355583301102,0.4749034749034749
no_dropout,3,43,0.5840456174484381,0.8274490910694777,0.47876447876447875
no_dropout,3,44,0.6029133816998956,0.8375008199261273,0.49034749034749037
no_dropout,4,42,0.5185221216842943,0.8118851967709613,0.4671814671814672
no_dropout,4,43,0.5154046393619758,0.8137308787572408,0.44787644787644787
no_dropout,4,44,0.5060068318833066,0.7947764485550075,0.42857142857142855
no_dropout,5,42,0.5011321519687179,0.8048055587598645,0.4594594594594595
no_dropout,5,43,0.5124885618482276,0.8191616170526539,0.42857142857142855
no_dropout,5,44,0.5090475044906134,0.802959876773585,0.43243243243243246
linear_fusion,1,42,0.5556323768313882,0.8340921215628474,0.4517374517374517
linear_fusion,1,43,0.5648393638106233,0.837033085276645,0.47876447876447875
linear_fusion,1,44,0.5617945940757165,0.8420401833750779,0.4671814671814672
linear_fusion,2,42,0.5526469611031379,0.8243357052783282,0.4653846153846154
linear_fusion,2,43,0.5393522183725917,0.8175936768149883,0.45
linear_fusion,2,44,0.5557605989722774,0.8324468564222662,0.46153846153846156
linear_fusion,3,42,0.6197256217786722,0.8507304693596434,0.5135135135135135
linear_fusion,3,43,0.630230496926139,0.8498483419397304,0.49034749034749037
linear_fusion,3,44,0.6134218371515906,0.8444990307907706,0.4864864864864865
linear_fusion,4,42,0.5484203207824088,0.8332530371194694,0.47876447876447875
linear_fusion,4,43,0.5596902295185217,0.8364422670222318,0.47876447876447875
linear_fusion,4,44,0.5594394352615267,0.8362115567739469,0.47876447876447875
linear_fusion,5,42,0.5349092367637467,0.833985881437551,0.47104247104247104
linear_fusion,5,43,0.5318935534374073,0.838371638020144,0.46332046332046334
linear_fusion,5,44,0.5266349197960204,0.8346395604743584,0.46332046332046334
no_cw,1,42,0.5751449557652732,0.8375620518477661,0.47104247104247104
no_cw,1,43,0.5622480872782105,0.835938983479967,0.4749034749034749
no_cw,1,44,0.5789137606764997,0.8432292278896494,0.4749034749034749
no_cw,2,42,0.5710361968379715,0.829307782381553,0.4846153846153846
no_cw,2,43,0.5603303182828172,0.8292740046838408,0.46153846153846156
no_cw,2,44,0.5602352350130988,0.8335007205908845,0.47692307692307695
no_cw,3,42,0.6172170788877618,0.8462632856305967,0.4864864864864865
no_cw,3,43,0.628555154285874,0.8477063556149673,0.5096525096525096
no_cw,3,44,0.615891774944323,0.8468445849816676,0.47876447876447875
no_cw,4,42,0.5511951733577104,0.8349041987003323,0.4594594594594595
no_cw,4,43,0.5502246462386083,0.8337461237285491,0.4671814671814672
no_cw,4,44,0.5574458037027961,0.8325450733183599,0.46332046332046334
no_cw,5,42,0.559336689247637,0.8407420727280128,0.46332046332046334
no_cw,5,43,0.5424615172858616,0.8401132742081775,0.4594594594594595
no_cw,5,44,0.5442238028954368,0.8384960406050036,0.44787644787644787
f_no_prior,1,42,0.5719739970713653,0.8379621675874604,0.47876447876447875
f_no_prior,1,43,0.5750780201632117,0.8376163048294196,0.4671814671814672
f_no_prior,1,44,0.5709670415899463,0.8342684437532212,0.4671814671814672
f_no_prior,2,42,0.5541237288743296,0.824840118897496,0.4653846153846154
f_no_prior,2,43,0.5346958184382523,0.8144748693929023,0.46153846153846156
f_no_prior,2,44,0.5512985097956092,0.8268983066114214,0.46923076923076923
f_no_prior,3,42,0.6263448616509946,0.8489074060251565,0.5019305019305019
f_no_prior,3,43,0.6212724143721347,0.8471341037246134,0.49034749034749037
f_no_prior,3,44,0.6175756340952093,0.8395817358910506,0.4980694980694981
f_no_prior,4,42,0.5525475453758909,0.8363223881677309,0.4864864864864865
f_no_prior,4,43,0.5427031034383761,0.8332055379507051,0.4671814671814672
f_no_prior,4,44,0.5576003155311003,0.8352502640727597,0.4826254826254826
f_no_prior,5,42,0.5504063646957736,0.8385231829871547,0.4826254826254826
f_no_prior,5,43,0.5320484631754131,0.8314096169983691,0.4671814671814672
f_no_prior,5,44,0.5477807770339223,0.8362794127293248,0.47104247104247104
f_no_credits,1,42,0.4491792735492002,0.7777481395748375,0.3783783783783784
f_no_credits,1,43,0.4502025263702013,0.7759012776577181,0.3783783783783784
f_no_credits,1,44,0.45583698878301804,0.7802302134854827,0.3783783783783784
f_no_credits,2,42,0.45222229033852657,0.7642046478112051,0.38076923076923075
f_no_credits,2,43,0.4210705270471604,0.7546343001261034,0.36153846153846153
f_no_credits,2,44,0.4501138134185749,0.7716582597730137,0.3923076923076923
f_no_credits,3,42,0.525253530732044,0.8160741710829585,0.40540540540540543
f_no_credits,3,43,0.5130851506984325,0.8129120835623471,0.416988416988417
f_no_credits,3,44,0.5142410421134168,0.8075876529303594,0.40540540540540543
f_no_credits,4,42,0.4850926662671028,0.7885495337164933,0.42084942084942084
f_no_credits,4,43,0.48026366893343453,0.7877443097126753,0.43243243243243246
f_no_credits,4,44,0.47851690164793115,0.7822547629226013,0.42084942084942084
f_no_credits,5,42,0.43377394642084915,0.7898795104419005,0.3861003861003861
f_no_credits,5,43,0.44268926485828053,0.7823927366985364,0.3861003861003861
f_no_credits,5,44,0.4304678694880615,0.7792283873127459,0.3783783783783784
f_no_entry,1,42,0.5237077498403232,0.8225339759297605,0.4555984555984556
f_no_entry,1,43,0.5489650327432547,0.8258897488991166,0.46332046332046334
f_no_entry,1,44,0.5496001802245858,0.8326792834989557,0.4671814671814672
f_no_entry,2,42,0.5702693833762411,0.8324322194199243,0.46153846153846156
f_no_entry,2,43,0.5660639400825749,0.8240193208430913,0.46923076923076923
f_no_entry,2,44,0.5658145462702159,0.8363346694289318,0.47307692307692306
f_no_entry,3,42,0.604015879875028,0.8463741170243806,0.4864864864864865
f_no_entry,3,43,0.6225413858380493,0.8438521373495012,0.4864864864864865
f_no_entry,3,44,0.6112825921159356,0.8363178644373724,0.4942084942084942
f_no_entry,4,42,0.5556742746697287,0.8275045067663698,0.4671814671814672
f_no_entry,4,43,0.5435916284942798,0.8289475767507403,0.47876447876447875
f_no_entry,4,44,0.5476530190088224,0.81819014595816,0.4864864864864865
f_no_entry,5,42,0.5662489284529673,0.8395387604526445,0.4749034749034749
f_no_entry,5,43,0.5604696719016408,0.8347345588118874,0.4826254826254826
f_no_entry,5,44,0.5520236585638607,0.8344767061814513,0.4517374517374517
f_no_background,1,42,0.588126690333227,0.8454468185147344,0.46332046332046334
f_no_background,1,43,0.5915296702814707,0.8491315001853644,0.4749034749034749
f_no_background,1,44,0.5894574746659352,0.8516508730208964,0.4671814671814672
f_no_background,2,42,0.5526813899458646,0.8296162853539902,0.46153846153846156
f_no_background,2,43,0.5470366068290539,0.8279859484777518,0.46153846153846156
f_no_background,2,44,0.5463279564523317,0.8293573230048641,0.48846153846153845
f_no_background,3,42,0.6244078346658852,0.860327563315261,0.5057915057915058
f_no_background,3,43,0.6365117590998237,0.8557563337879682,0.5096525096525096
f_no_background,3,44,0.6321330261337375,0.8538744619588206,0.5057915057915058
f_no_background,4,42,0.562684759949968,0.8397875656223633,0.47876447876447875
f_no_background,4,43,0.5747620363321494,0.8397898274875428,0.4826254826254826
f_no_background,4,44,0.565212546233772,0.8396337587901734,0.47104247104247104
f_no_background,5,42,0.575531073969558,0.8451549716927571,0.4826254826254826
f_no_background,5,43,0.5488241639531038,0.8414839645068117,0.47104247104247104
f_no_background,5,44,0.5547489038362858,0.845401514997297,0.4671814671814672
f_no_degree,1,42,0.5605478072546202,0.837539446438744,0.44787644787644787
f_no_degree,1,43,0.5778284680135484,0.8390404455978225,0.4671814671814672
f_no_degree,1,44,0.5723623372633053,0.8371935836807031,0.4671814671814672
f_no_degree,2,42,0.5487915684602221,0.8214555935867411,0.45
f_no_degree,2,43,0.549696437718772,0.8164655017114033,0.46923076923076923
f_no_degree,2,44,0.5345475629126013,0.8188907404071337,0.45
f_no_degree,3,42,0.6128495341213214,0.8468762510941772,0.49034749034749037
f_no_degree,3,43,0.6072049690530343,0.8463854263502769,0.4942084942084942
f_no_degree,3,44,0.6087398370436564,0.8351009809709282,0.4980694980694981
f_no_degree,4,42,0.570071361934635,0.8408823083691275,0.49034749034749037
f_no_degree,4,43,0.5488072934296861,0.8398531597125621,0.4826254826254826
f_no_degree,4,44,0.5497107759642087,0.836666191674979,0.47104247104247104
f_no_degree,5,42,0.5413694517604426,0.8365350034945815,0.4555984555984556
f_no_degree,5,43,0.539967054751017,0.8373198707117864,0.47104247104247104
f_no_degree,5,44,0.5298919508069745,0.8356144243666213,0.4594594594594595
f_no_lms,1,42,0.5380106572541645,0.8329347246209075,0.4555984555984556
f_no_lms,1,43,0.5367232243519376,0.8241434810521462,0.4517374517374517
f_no_lms,1,44,0.5353223226290549,0.8302808496016926,0.44787644787644787
f_no_lms,2,42,0.5303083549525747,0.8236556476310574,0.46153846153846156
f_no_lms,2,43,0.5113216544430956,0.8186925779138894,0.4576923076923077
f_no_lms,2,44,0.5252458204999317,0.8238177805800756,0.4461538461538462
f_no_lms,3,42,0.6044457439310048,0.8301203538461887,0.49034749034749037
f_no_lms,3,43,0.5893814280204949,0.8346440842047168,0.47876447876447875
f_no_lms,3,44,0.6108774208649983,0.8456865100098843,0.4826254826254826
f_no_lms,4,42,0.5341394504402833,0.8288898991886691,0.4594594594594595
f_no_lms,4,43,0.5396919789502388,0.8314729492233887,0.4749034749034749
f_no_lms,4,44,0.5364473882745726,0.8301542818238776,0.46332046332046334
f_no_lms,5,42,0.5257402952938133,0.8319547265065719,0.4594594594594595
f_no_lms,5,43,0.5337794931757875,0.8313236661215571,0.4517374517374517
f_no_lms,5,44,0.5205526162493552,0.8320655579003557,0.46332046332046334
