variant,fold,seed,pr_auc,roc_auc,capture_top10,n_vocab,sem_unknown,sem_S1,sem_S2,sem_mixed
current,1,42,0.5626983482166478,0.8376931632200953,0.4864864864864865,603,0.050344078232524445,0.3752118797537124,0.3948424483882651,0.17960159362549802
current,1,43,0.5638447128143653,0.8329369851618095,0.47104247104247104,603,0.050344078232524445,0.3752118797537124,0.3948424483882651,0.17960159362549802
current,1,44,0.5604133613379327,0.8354868752995217,0.47104247104247104,603,0.050344078232524445,0.3752118797537124,0.3948424483882651,0.17960159362549802
current,2,42,0.5487389900558753,0.8266573590344081,0.46153846153846156,597,0.052351554932265384,0.3751933725620599,0.3935547298567236,0.17890034264895108
current,2,43,0.5390505388264014,0.8236533957845434,0.4576923076923077,597,0.052351554932265384,0.3751933725620599,0.3935547298567236,0.17890034264895108
current,2,44,0.5522196039547328,0.8323230048639885,0.46923076923076923,597,0.052351554932265384,0.3751933725620599,0.3935547298567236,0.17890034264895108
current,3,42,0.6233821538677677,0.8441733222049567,0.4980694980694981,584,0.04993895703738155,0.3776379280274403,0.39395965350851697,0.17846346142666125
current,3,43,0.6178041098783162,0.8470956520165658,0.4980694980694981,584,0.04993895703738155,0.3776379280274403,0.39395965350851697,0.17846346142666125
current,3,44,0.6386939940019085,0.8594476977605272,0.4980694980694981,584,0.04993895703738155,0.3776379280274403,0.39395965350851697,0.17846346142666125
current,4,42,0.5581600262459357,0.8329635183765236,0.47876447876447875,585,0.04944632309188279,0.3781112578552458,0.3958463347024077,0.1765960843504637
current,4,43,0.5559806046538014,0.8362047711784092,0.4864864864864865,585,0.04944632309188279,0.3781112578552458,0.3958463347024077,0.1765960843504637
current,4,44,0.5567517652924502,0.8324557296437789,0.4749034749034749,585,0.04944632309188279,0.3781112578552458,0.3958463347024077,0.1765960843504637
current,5,42,0.5388483158611005,0.834046951797391,0.46332046332046334,585,0.04935038482242882,0.37564197692520335,0.39553053118589326,0.17947710706647463
current,5,43,0.5406157877229908,0.8330969684221001,0.4864864864864865,585,0.04935038482242882,0.37564197692520335,0.39553053118589326,0.17947710706647463
current,5,44,0.5581176799256563,0.8366594060794412,0.4826254826254826,585,0.04935038482242882,0.37564197692520335,0.39553053118589326,0.17947710706647463
courses_set,1,42,0.5755178262767652,0.8353828904180194,0.4749034749034749,603,0.050344078232524445,0.3752118797537124,0.3948424483882651,0.17960159362549802
courses_set,1,43,0.5705854281340114,0.8402860036349498,0.4749034749034749,603,0.050344078232524445,0.3752118797537124,0.3948424483882651,0.17960159362549802
courses_set,1,44,0.5607590916849589,0.8355727758538063,0.4671814671814672,603,0.050344078232524445,0.3752118797537124,0.3948424483882651,0.17960159362549802
courses_set,2,42,0.5614142748979936,0.8327035669248785,0.46923076923076923,597,0.052351554932265384,0.3751933725620599,0.3935547298567236,0.17890034264895108
courses_set,2,43,0.5486449902451935,0.8214983786705098,0.46923076923076923,597,0.052351554932265384,0.3751933725620599,0.3935547298567236,0.17890034264895108
courses_set,2,44,0.5426229216788145,0.8295802558097641,0.4653846153846154,597,0.052351554932265384,0.3751933725620599,0.3935547298567236,0.17890034264895108
courses_set,3,42,0.6232575644878314,0.8433997643136483,0.4980694980694981,584,0.04993895703738155,0.3776379280274403,0.39395965350851697,0.17846346142666125
courses_set,3,43,0.6156373826430915,0.8390072221355173,0.4980694980694981,584,0.04993895703738155,0.3776379280274403,0.39395965350851697,0.17846346142666125
courses_set,3,44,0.6137407556528175,0.8347187257556327,0.49034749034749037,584,0.04993895703738155,0.3776379280274403,0.39395965350851697,0.17846346142666125
courses_set,4,42,0.5677628699636894,0.8371434452278036,0.4749034749034749,585,0.04944632309188279,0.3781112578552458,0.3958463347024077,0.1765960843504637
courses_set,4,43,0.5559208761686929,0.8339021924259182,0.49034749034749037,585,0.04944632309188279,0.3781112578552458,0.3958463347024077,0.1765960843504637
courses_set,4,44,0.5607169288138325,0.8324907885540576,0.47104247104247104,585,0.04944632309188279,0.3781112578552458,0.3958463347024077,0.1765960843504637
courses_set,5,42,0.5581651169707657,0.8404864819627562,0.4826254826254826,585,0.04935038482242882,0.37564197692520335,0.39553053118589326,0.17947710706647463
courses_set,5,43,0.5420791404549719,0.833438510064169,0.47876447876447875,585,0.04935038482242882,0.37564197692520335,0.39553053118589326,0.17947710706647463
courses_set,5,44,0.5518007858936498,0.8358768007274159,0.4555984555984556,585,0.04935038482242882,0.37564197692520335,0.39553053118589326,0.17947710706647463
courses_lstm,1,42,0.5557798140796795,0.8313636486938595,0.46332046332046334,603,0.050344078232524445,0.3752118797537124,0.3948424483882651,0.17960159362549802
courses_lstm,1,43,0.5660416872963965,0.8304956009874042,0.4671814671814672,603,0.050344078232524445,0.3752118797537124,0.3948424483882651,0.17960159362549802
courses_lstm,1,44,0.5607200678951534,0.8352472579638854,0.4864864864864865,603,0.050344078232524445,0.3752118797537124,0.3948424483882651,0.17960159362549802
courses_lstm,2,42,0.5631398977892424,0.8322441902359935,0.45384615384615384,597,0.052351554932265384,0.3751933725620599,0.3935547298567236,0.17890034264895108
courses_lstm,2,43,0.5515030111244537,0.8194717168077824,0.4653846153846154,597,0.052351554932265384,0.3751933725620599,0.3935547298567236,0.17890034264895108
courses_lstm,2,44,0.5498955512552924,0.833919564042515,0.46153846153846156,597,0.052351554932265384,0.3751933725620599,0.3935547298567236,0.17890034264895108
courses_lstm,3,42,0.6155262205159199,0.8360939397846252,0.5096525096525096,584,0.04993895703738155,0.3776379280274403,0.39395965350851697,0.17846346142666125
courses_lstm,3,43,0.6106793238560572,0.8429315582215405,0.4864864864864865,584,0.04993895703738155,0.3776379280274403,0.39395965350851697,0.17846346142666125
courses_lstm,3,44,0.6212478149797018,0.8432301244252036,0.5096525096525096,584,0.04993895703738155,0.3776379280274403,0.39395965350851697,0.17846346142666125
courses_lstm,4,42,0.5645283364756208,0.8313756890206802,0.4671814671814672,585,0.04944632309188279,0.3781112578552458,0.3958463347024077,0.1765960843504637
courses_lstm,4,43,0.5607865601666076,0.8355420446808848,0.47876447876447875,585,0.04944632309188279,0.3781112578552458,0.3958463347024077,0.1765960843504637
courses_lstm,4,44,0.5530979359680543,0.8309956956705639,0.4826254826254826,585,0.04944632309188279,0.3781112578552458,0.3958463347024077,0.1765960843504637
courses_lstm,5,42,0.532666393209502,0.8290437060208589,0.47104247104247104,585,0.04935038482242882,0.37564197692520335,0.39553053118589326,0.17947710706647463
courses_lstm,5,43,0.5298124190276191,0.8322193647325458,0.4749034749034749,585,0.04935038482242882,0.37564197692520335,0.39553053118589326,0.17947710706647463
courses_lstm,5,44,0.5437602100973555,0.8341826637081469,0.46332046332046334,585,0.04935038482242882,0.37564197692520335,0.39553053118589326,0.17947710706647463
static_courses,1,42,0.5643945212429436,0.8327109310715868,0.47104247104247104,603,0.050344078232524445,0.3752118797537124,0.3948424483882651,0.17960159362549802
static_courses,1,43,0.553520158784722,0.8308731113180763,0.4555984555984556,603,0.050344078232524445,0.3752118797537124,0.3948424483882651,0.17960159362549802
static_courses,1,44,0.5641754730572635,0.8325097429312887,0.4826254826254826,603,0.050344078232524445,0.3752118797537124,0.3948424483882651,0.17960159362549802
static_courses,2,42,0.549654691844689,0.8291906863628176,0.4653846153846154,597,0.052351554932265384,0.3751933725620599,0.3935547298567236,0.17890034264895108
static_courses,2,43,0.5443827858651035,0.8216695190055847,0.46153846153846156,597,0.052351554932265384,0.3751933725620599,0.3935547298567236,0.17890034264895108
static_courses,2,44,0.5420447665829498,0.8263601152945416,0.46153846153846156,597,0.052351554932265384,0.3751933725620599,0.3935547298567236,0.17890034264895108
static_courses,3,42,0.6178170630564892,0.8457294854482904,0.4864864864864865,584,0.04993895703738155,0.3776379280274403,0.39395965350851697,0.17846346142666125
static_courses,3,43,0.6274086379622236,0.8478533768516194,0.5173745173745173,584,0.04993895703738155,0.3776379280274403,0.39395965350851697,0.17846346142666125
static_courses,3,44,0.6218347770095024,0.8413211102139047,0.49034749034749037,584,0.04993895703738155,0.3776379280274403,0.39395965350851697,0.17846346142666125
static_courses,4,42,0.5649188305194148,0.8372542766215877,0.4864864864864865,585,0.04944632309188279,0.3781112578552458,0.3958463347024077,0.1765960843504637
static_courses,4,43,0.5593343824304747,0.839140672181094,0.4671814671814672,585,0.04944632309188279,0.3781112578552458,0.3958463347024077,0.1765960843504637
static_courses,4,44,0.5652619928956334,0.8331014921524589,0.46332046332046334,585,0.04944632309188279,0.3781112578552458,0.3958463347024077,0.1765960843504637
static_courses,5,42,0.5531627250860885,0.8351326470834379,0.4864864864864865,585,0.04935038482242882,0.37564197692520335,0.39553053118589326,0.17947710706647463
static_courses,5,43,0.5451889485126067,0.8272794511810327,0.47876447876447875,585,0.04935038482242882,0.37564197692520335,0.39553053118589326,0.17947710706647463
static_courses,5,44,0.5514043581432515,0.8326106674085584,0.4671814671814672,585,0.04935038482242882,0.37564197692520335,0.39553053118589326,0.17947710706647463
courses_noid,1,42,0.5737017480928165,0.8317117719928023,0.46332046332046334,603,0.050344078232524445,0.3752118797537124,0.3948424483882651,0.17960159362549802
courses_noid,1,43,0.5773190345294814,0.8393659634877434,0.47876447876447875,603,0.050344078232524445,0.3752118797537124,0.3948424483882651,0.17960159362549802
courses_noid,1,44,0.5605644257580822,0.8345125821706619,0.4749034749034749,603,0.050344078232524445,0.3752118797537124,0.3948424483882651,0.17960159362549802
courses_noid,2,42,0.5639604457996784,0.8282989551432175,0.47692307692307695,597,0.052351554932265384,0.3751933725620599,0.3935547298567236,0.17890034264895108
courses_noid,2,43,0.557329575771975,0.8185709782021257,0.4653846153846154,597,0.052351554932265384,0.3751933725620599,0.3935547298567236,0.17890034264895108
courses_noid,2,44,0.5429952611832443,0.8304832462619349,0.4653846153846154,597,0.052351554932265384,0.3751933725620599,0.3935547298567236,0.17890034264895108
courses_noid,3,42,0.6287850672253212,0.8470051774093953,0.5096525096525096,584,0.04993895703738155,0.3776379280274403,0.39395965350851697,0.17846346142666125
courses_noid,3,43,0.6218731639325683,0.8450260453775392,0.5057915057915058,584,0.04993895703738155,0.3776379280274403,0.39395965350851697,0.17846346142666125
courses_noid,3,44,0.6135605273346111,0.8399775622974217,0.4942084942084942,584,0.04993895703738155,0.3776379280274403,0.39395965350851697,0.17846346142666125
courses_noid,4,42,0.5653217879466953,0.8367510116192015,0.4826254826254826,585,0.04944632309188279,0.3781112578552458,0.3958463347024077,0.1765960843504637
courses_noid,4,43,0.5550712362356193,0.8341804018429677,0.49034749034749037,585,0.04944632309188279,0.3781112578552458,0.3958463347024077,0.1765960843504637
courses_noid,4,44,0.5619417602739625,0.8317556823707964,0.4517374517374517,585,0.04944632309188279,0.3781112578552458,0.3958463347024077,0.1765960843504637
courses_noid,5,42,0.5550585309840023,0.8380481912995094,0.47876447876447875,585,0.04935038482242882,0.37564197692520335,0.39553053118589326,0.17947710706647463
courses_noid,5,43,0.5464159845397676,0.8335719601097457,0.4749034749034749,585,0.04935038482242882,0.37564197692520335,0.39553053118589326,0.17947710706647463
courses_noid,5,44,0.5549459596382573,0.8364581000784865,0.46332046332046334,585,0.04935038482242882,0.37564197692520335,0.39553053118589326,0.17947710706647463
courses_nograde,1,42,0.5731621671978722,0.8339903972222473,0.4749034749034749,603,0.050344078232524445,0.3752118797537124,0.3948424483882651,0.17960159362549802
courses_nograde,1,43,0.567947663332146,0.837598220502202,0.47104247104247104,603,0.050344078232524445,0.3752118797537124,0.3948424483882651,0.17960159362549802
courses_nograde,1,44,0.5574087569602292,0.8357355347987665,0.4671814671814672,603,0.050344078232524445,0.3752118797537124,0.3948424483882651,0.17960159362549802
courses_nograde,2,42,0.5597568153575815,0.8306971716807783,0.47692307692307695,597,0.052351554932265384,0.3751933725620599,0.3935547298567236,0.17890034264895108
courses_nograde,2,43,0.5483281045805325,0.8232885966492525,0.46923076923076923,597,0.052351554932265384,0.3751933725620599,0.3935547298567236,0.17890034264895108
courses_nograde,2,44,0.542810556403704,0.8314785624211853,0.4653846153846154,597,0.052351554932265384,0.3751933725620599,0.3935547298567236,0.17890034264895108
courses_nograde,3,42,0.6194522010654914,0.8413550381915935,0.5019305019305019,584,0.04993895703738155,0.3776379280274403,0.39395965350851697,0.17846346142666125
courses_nograde,3,43,0.6217330074661791,0.8414387272032262,0.4980694980694981,584,0.04993895703738155,0.3776379280274403,0.39395965350851697,0.17846346142666125
courses_nograde,3,44,0.6098370270215212,0.8345423002716501,0.49034749034749037,584,0.04993895703738155,0.3776379280274403,0.39395965350851697,0.17846346142666125
courses_nograde,4,42,0.5653727834585359,0.8356031150407249,0.4864864864864865,585,0.04944632309188279,0.3781112578552458,0.3958463347024077,0.1765960843504637
courses_nograde,4,43,0.5576069713149593,0.8336827915035298,0.49034749034749037,585,0.04944632309188279,0.3781112578552458,0.3958463347024077,0.1765960843504637
courses_nograde,4,44,0.5613015671557242,0.832768997971107,0.46332046332046334,585,0.04944632309188279,0.3781112578552458,0.3958463347024077,0.1765960843504637
courses_nograde,5,42,0.5588606717158819,0.8394595951713703,0.47876447876447875,585,0.04935038482242882,0.37564197692520335,0.39553053118589326,0.17947710706647463
courses_nograde,5,43,0.542275477705098,0.8324297181942174,0.4826254826254826,585,0.04935038482242882,0.37564197692520335,0.39553053118589326,0.17947710706647463
courses_nograde,5,44,0.5485353369563216,0.8356008531755456,0.4517374517374517,585,0.04935038482242882,0.37564197692520335,0.39553053118589326,0.17947710706647463
courses_noact,1,42,0.5648431117528505,0.8317502011881404,0.4749034749034749,603,0.050344078232524445,0.3752118797537124,0.3948424483882651,0.17960159362549802
courses_noact,1,43,0.5711525750715356,0.8394179559284946,0.47876447876447875,603,0.050344078232524445,0.3752118797537124,0.3948424483882651,0.17960159362549802
courses_noact,1,44,0.5570525820790594,0.8390607904659427,0.4671814671814672,603,0.050344078232524445,0.3752118797537124,0.3948424483882651,0.17960159362549802
courses_noact,2,42,0.5635990793982788,0.8310349486578993,0.46923076923076923,597,0.052351554932265384,0.3751933725620599,0.3935547298567236,0.17890034264895108
courses_noact,2,43,0.5433519589688305,0.8218947036569988,0.4653846153846154,597,0.052351554932265384,0.3751933725620599,0.3935547298567236,0.17890034264895108
courses_noact,2,44,0.5407579035580516,0.8314402810304449,0.47307692307692306,597,0.052351554932265384,0.3751933725620599,0.3935547298567236,0.17890034264895108
courses_noact,3,42,0.6186582352038976,0.8456819862795257,0.5057915057915058,584,0.04993895703738155,0.3776379280274403,0.39395965350851697,0.17846346142666125
courses_noact,3,43,0.6165453263029459,0.8455734167509212,0.5057915057915058,584,0.04993895703738155,0.3776379280274403,0.39395965350851697,0.17846346142666125
courses_noact,3,44,0.6161384627979418,0.8441552272835227,0.4864864864864865,584,0.04993895703738155,0.3776379280274403,0.39395965350851697,0.17846346142666125
courses_noact,4,42,0.5608174864319423,0.8356619235353857,0.4749034749034749,585,0.04944632309188279,0.3781112578552458,0.3958463347024077,0.1765960843504637
courses_noact,4,43,0.5526823519329582,0.8356573998050274,0.4864864864864865,585,0.04944632309188279,0.3781112578552458,0.3958463347024077,0.1765960843504637
courses_noact,4,44,0.5605082231282574,0.8349245554869457,0.47876447876447875,585,0.04944632309188279,0.3781112578552458,0.3958463347024077,0.1765960843504637
courses_noact,5,42,0.5441825221518161,0.8369760672045382,0.47876447876447875,585,0.04935038482242882,0.37564197692520335,0.39553053118589326,0.17947710706647463
courses_noact,5,43,0.5387570231258415,0.8308147464562228,0.46332046332046334,585,0.04935038482242882,0.37564197692520335,0.39553053118589326,0.17947710706647463
courses_noact,5,44,0.5403979533260602,0.8357546600077356,0.4594594594594595,585,0.04935038482242882,0.37564197692520335,0.39553053118589326,0.17947710706647463
courses_idonly,1,42,0.5626470387857436,0.8325572142902354,0.46332046332046334,603,0.050344078232524445,0.3752118797537124,0.3948424483882651,0.17960159362549802
courses_idonly,1,43,0.5668635706261019,0.8376818605155842,0.4671814671814672,603,0.050344078232524445,0.3752118797537124,0.3948424483882651,0.17960159362549802
courses_idonly,1,44,0.5565889393388025,0.839969527908638,0.47104247104247104,603,0.050344078232524445,0.3752118797537124,0.3948424483882651,0.17960159362549802
courses_idonly,2,42,0.5602240368979151,0.8301747432894974,0.46923076923076923,597,0.052351554932265384,0.3751933725620599,0.3935547298567236,0.17890034264895108
courses_idonly,2,43,0.545267184525968,0.8203026481715006,0.4653846153846154,597,0.052351554932265384,0.3751933725620599,0.3935547298567236,0.17890034264895108
courses_idonly,2,44,0.5437273223810347,0.8311925779138893,0.4653846153846154,597,0.052351554932265384,0.3751933725620599,0.3935547298567236,0.17890034264895108
courses_idonly,3,42,0.6205339178135422,0.845948886370679,0.4942084942084942,584,0.04993895703738155,0.3776379280274403,0.39395965350851697,0.17846346142666125
courses_idonly,3,43,0.618759652379714,0.8467224442619873,0.5057915057915058,584,0.04993895703738155,0.3776379280274403,0.39395965350851697,0.17846346142666125
courses_idonly,3,44,0.6147480214530066,0.8431373879528538,0.4864864864864865,584,0.04993895703738155,0.3776379280274403,0.39395965350851697,0.17846346142666125
courses_idonly,4,42,0.5587155849431343,0.8347209876208119,0.4826254826254826,585,0.04944632309188279,0.3781112578552458,0.3958463347024077,0.1765960843504637
courses_idonly,4,43,0.5546293230790459,0.835725255760405,0.4864864864864865,585,0.04944632309188279,0.3781112578552458,0.3958463347024077,0.1765960843504637
courses_idonly,4,44,0.5605477743755426,0.8360328694247849,0.47876447876447875,585,0.04944632309188279,0.3781112578552458,0.3958463347024077,0.1765960843504637
courses_idonly,5,42,0.5439991153050089,0.8373628461501923,0.4749034749034749,585,0.04935038482242882,0.37564197692520335,0.39553053118589326,0.17947710706647463
courses_idonly,5,43,0.5358040848788784,0.8318891324163731,0.4749034749034749,585,0.04935038482242882,0.37564197692520335,0.39553053118589326,0.17947710706647463
courses_idonly,5,44,0.5409038560020905,0.8357795405247075,0.46332046332046334,585,0.04935038482242882,0.37564197692520335,0.39553053118589326,0.17947710706647463
courses_gradeonly,1,42,0.5643678249696432,0.8301813858019946,0.4671814671814672,603,0.050344078232524445,0.3752118797537124,0.3948424483882651,0.17960159362549802
courses_gradeonly,1,43,0.5729270056387872,0.8392393731972186,0.47104247104247104,603,0.050344078232524445,0.3752118797537124,0.3948424483882651,0.17960159362549802
courses_gradeonly,1,44,0.5552728550700621,0.8391173039884983,0.47104247104247104,603,0.050344078232524445,0.3752118797537124,0.3948424483882651,0.17960159362549802
courses_gradeonly,2,42,0.5623790828846243,0.8297153666006124,0.47307692307692306,597,0.052351554932265384,0.3751933725620599,0.3935547298567236,0.17890034264895108
courses_gradeonly,2,43,0.5496746738353981,0.823743469645109,0.46923076923076923,597,0.052351554932265384,0.3751933725620599,0.3935547298567236,0.17890034264895108
courses_gradeonly,2,44,0.544791647346001,0.8333025580976401,0.47307692307692306,597,0.052351554932265384,0.3751933725620599,0.3935547298567236,0.17890034264895108
courses_gradeonly,3,42,0.6186214891883134,0.8466070891378449,0.4942084942084942,584,0.04993895703738155,0.3776379280274403,0.39395965350851697,0.17846346142666125
courses_gradeonly,3,43,0.6190868576219021,0.8463786407547392,0.5135135135135135,584,0.04993895703738155,0.3776379280274403,0.39395965350851697,0.17846346142666125
courses_gradeonly,3,44,0.6151884950327574,0.8456729388188088,0.47876447876447875,584,0.04993895703738155,0.3776379280274403,0.39395965350851697,0.17846346142666125
courses_gradeonly,4,42,0.5587538491265888,0.8365304797642232,0.4826254826254826,585,0.04944632309188279,0.3781112578552458,0.3958463347024077,0.1765960843504637
courses_gradeonly,4,43,0.5545471116224334,0.8346327748788206,0.4942084942084942,585,0.04944632309188279,0.3781112578552458,0.3958463347024077,0.1765960843504637
courses_gradeonly,4,44,0.5609763890597956,0.8358428727497268,0.4749034749034749,585,0.04944632309188279,0.3781112578552458,0.3958463347024077,0.1765960843504637
courses_gradeonly,5,42,0.5445439705013405,0.8375460572297128,0.4826254826254826,585,0.04935038482242882,0.37564197692520335,0.39553053118589326,0.17947710706647463
courses_gradeonly,5,43,0.5363274700131119,0.8309301015803652,0.4826254826254826,585,0.04935038482242882,0.37564197692520335,0.39553053118589326,0.17947710706647463
courses_gradeonly,5,44,0.5444363018762742,0.8366888103267716,0.4594594594594595,585,0.04935038482242882,0.37564197692520335,0.39553053118589326,0.17947710706647463
hgb_current,1,42,0.523349649023988,0.7978714746864631,0.4594594594594595,603,0.050344078232524445,0.3752118797537124,0.3948424483882651,0.17960159362549802
hgb_current,1,43,0.523349649023988,0.7978714746864631,0.4594594594594595,603,0.050344078232524445,0.3752118797537124,0.3948424483882651,0.17960159362549802
hgb_current,1,44,0.523349649023988,0.7978714746864631,0.4594594594594595,603,0.050344078232524445,0.3752118797537124,0.3948424483882651,0.17960159362549802
hgb_current,2,42,0.5461314543877689,0.8064785624211854,0.4576923076923077,597,0.052351554932265384,0.3751933725620599,0.3935547298567236,0.17890034264895108
hgb_current,2,43,0.5461314543877689,0.8064785624211854,0.4576923076923077,597,0.052351554932265384,0.3751933725620599,0.3935547298567236,0.17890034264895108
hgb_current,2,44,0.5461314543877689,0.8064785624211854,0.4576923076923077,597,0.052351554932265384,0.3751933725620599,0.3935547298567236,0.17890034264895108
hgb_current,3,42,0.6222825479561588,0.845933053314424,0.5096525096525096,584,0.04993895703738155,0.3776379280274403,0.39395965350851697,0.17846346142666125
hgb_current,3,43,0.6222825479561588,0.845933053314424,0.5096525096525096,584,0.04993895703738155,0.3776379280274403,0.39395965350851697,0.17846346142666125
hgb_current,3,44,0.6222825479561588,0.845933053314424,0.5096525096525096,584,0.04993895703738155,0.3776379280274403,0.39395965350851697,0.17846346142666125
hgb_current,4,42,0.5588326642670473,0.8320248443271291,0.47104247104247104,585,0.04944632309188279,0.3781112578552458,0.3958463347024077,0.1765960843504637
hgb_current,4,43,0.5588326642670473,0.8320248443271291,0.47104247104247104,585,0.04944632309188279,0.3781112578552458,0.3958463347024077,0.1765960843504637
hgb_current,4,44,0.5588326642670473,0.8320248443271291,0.47104247104247104,585,0.04944632309188279,0.3781112578552458,0.3958463347024077,0.1765960843504637
hgb_current,5,42,0.5564016973795487,0.8291703704708978,0.4517374517374517,585,0.04935038482242882,0.37564197692520335,0.39553053118589326,0.17947710706647463
hgb_current,5,43,0.5564016973795487,0.8291703704708978,0.4517374517374517,585,0.04935038482242882,0.37564197692520335,0.39553053118589326,0.17947710706647463
hgb_current,5,44,0.5564016973795487,0.8291703704708978,0.4517374517374517,585,0.04935038482242882,0.37564197692520335,0.39553053118589326,0.17947710706647463
hgb_courses,1,42,0.5374107243830059,0.813439819880101,0.4749034749034749,603,0.050344078232524445,0.3752118797537124,0.3948424483882651,0.17960159362549802
hgb_courses,1,43,0.5374107243830059,0.813439819880101,0.4749034749034749,603,0.050344078232524445,0.3752118797537124,0.3948424483882651,0.17960159362549802
hgb_courses,1,44,0.5374107243830059,0.813439819880101,0.4749034749034749,603,0.050344078232524445,0.3752118797537124,0.3948424483882651,0.17960159362549802
hgb_courses,2,42,0.5428633801459257,0.815997117636462,0.45,597,0.052351554932265384,0.3751933725620599,0.3935547298567236,0.17890034264895108
hgb_courses,2,43,0.5428633801459257,0.815997117636462,0.45,597,0.052351554932265384,0.3751933725620599,0.3935547298567236,0.17890034264895108
hgb_courses,2,44,0.5428633801459257,0.815997117636462,0.45,597,0.052351554932265384,0.3751933725620599,0.3935547298567236,0.17890034264895108
hgb_courses,3,42,0.621411272042819,0.8482220608758394,0.49034749034749037,584,0.04993895703738155,0.3776379280274403,0.39395965350851697,0.17846346142666125
hgb_courses,3,43,0.621411272042819,0.8482220608758394,0.49034749034749037,584,0.04993895703738155,0.3776379280274403,0.39395965350851697,0.17846346142666125
hgb_courses,3,44,0.621411272042819,0.8482220608758394,0.49034749034749037,584,0.04993895703738155,0.3776379280274403,0.39395965350851697,0.17846346142666125
hgb_courses,4,42,0.556069814205176,0.8325066216103123,0.47104247104247104,585,0.04944632309188279,0.3781112578552458,0.3958463347024077,0.1765960843504637
hgb_courses,4,43,0.556069814205176,0.8325066216103123,0.47104247104247104,585,0.04944632309188279,0.3781112578552458,0.3958463347024077,0.1765960843504637
hgb_courses,4,44,0.556069814205176,0.8325066216103123,0.47104247104247104,585,0.04944632309188279,0.3781112578552458,0.3958463347024077,0.1765960843504637
hgb_courses,5,42,0.5581952733943059,0.8385141355264379,0.46332046332046334,585,0.04935038482242882,0.37564197692520335,0.39553053118589326,0.17947710706647463
hgb_courses,5,43,0.5581952733943059,0.8385141355264379,0.46332046332046334,585,0.04935038482242882,0.37564197692520335,0.39553053118589326,0.17947710706647463
hgb_courses,5,44,0.5581952733943059,0.8385141355264379,0.46332046332046334,585,0.04935038482242882,0.37564197692520335,0.39553053118589326,0.17947710706647463
rf_current,1,42,0.49813154593088105,0.8109419221831401,0.4555984555984556,603,0.050344078232524445,0.3752118797537124,0.3948424483882651,0.17960159362549802
rf_current,1,43,0.4972339316845977,0.8126554121870282,0.44787644787644787,603,0.050344078232524445,0.3752118797537124,0.3948424483882651,0.17960159362549802
rf_current,1,44,0.5065808527002066,0.8225351062002116,0.47104247104247104,603,0.050344078232524445,0.3752118797537124,0.3948424483882651,0.17960159362549802
rf_current,2,42,0.5091560231438788,0.8024229868492163,0.4576923076923077,597,0.052351554932265384,0.3751933725620599,0.3935547298567236,0.17890034264895108
rf_current,2,43,0.5028080914369425,0.7969318591244821,0.46153846153846156,597,0.052351554932265384,0.3751933725620599,0.3935547298567236,0.17890034264895108
rf_current,2,44,0.5003329408757116,0.8031503332732841,0.4269230769230769,597,0.052351554932265384,0.3751933725620599,0.3935547298567236,0.17890034264895108
rf_current,3,42,0.5919690354594768,0.8329307213314243,0.4980694980694981,584,0.04993895703738155,0.3776379280274403,0.39395965350851697,0.17846346142666125
rf_current,3,43,0.5906713462951008,0.8339168945495834,0.4942084942084942,584,0.04993895703738155,0.3776379280274403,0.39395965350851697,0.17846346142666125
rf_current,3,44,0.5945883639459172,0.8380470603669198,0.4826254826254826,584,0.04993895703738155,0.3776379280274403,0.39395965350851697,0.17846346142666125
rf_current,4,42,0.5262127696878021,0.8143981289851236,0.4594594594594595,585,0.04944632309188279,0.3781112578552458,0.3958463347024077,0.1765960843504637
rf_current,4,43,0.5208460754676691,0.8141595022087112,0.444015444015444,585,0.04944632309188279,0.3781112578552458,0.3958463347024077,0.1765960843504637
rf_current,4,44,0.5197166582837441,0.8173204587967331,0.444015444015444,585,0.04944632309188279,0.3781112578552458,0.3958463347024077,0.1765960843504637
rf_current,5,42,0.5220976278586722,0.8287745440645266,0.444015444015444,585,0.04935038482242882,0.37564197692520335,0.39553053118589326,0.17947710706647463
rf_current,5,43,0.5222756481805451,0.8319829998213126,0.4594594594594595,585,0.04935038482242882,0.37564197692520335,0.39553053118589326,0.17947710706647463
rf_current,5,44,0.5251208748125578,0.8332111926136531,0.44015444015444016,585,0.04935038482242882,0.37564197692520335,0.39553053118589326,0.17947710706647463
rf_courses,1,42,0.5155186473915391,0.8244124854195112,0.4594594594594595,603,0.050344078232524445,0.3752118797537124,0.3948424483882651,0.17960159362549802
rf_courses,1,43,0.5112852596881436,0.8287741990903583,0.4555984555984556,603,0.050344078232524445,0.3752118797537124,0.3948424483882651,0.17960159362549802
rf_courses,1,44,0.5113466204465374,0.8256071812863383,0.4555984555984556,603,0.050344078232524445,0.3752118797537124,0.3948424483882651,0.17960159362549802
rf_courses,2,42,0.5289320053373266,0.8161097099621691,0.4576923076923077,597,0.052351554932265384,0.3751933725620599,0.3935547298567236,0.17890034264895108
rf_courses,2,43,0.5291903559644894,0.8188254368582237,0.4461538461538462,597,0.052351554932265384,0.3751933725620599,0.3935547298567236,0.17890034264895108
rf_courses,2,44,0.5245349843850813,0.8161975319762206,0.4461538461538462,597,0.052351554932265384,0.3751933725620599,0.3935547298567236,0.17890034264895108
rf_courses,3,42,0.5917732847928384,0.8464170924627866,0.4749034749034749,584,0.04993895703738155,0.3776379280274403,0.39395965350851697,0.17846346142666125
rf_courses,3,43,0.5999305878605856,0.8437311275624105,0.49034749034749037,584,0.04993895703738155,0.3776379280274403,0.39395965350851697,0.17846346142666125
rf_courses,3,44,0.6008829570842255,0.8520446130287957,0.5019305019305019,584,0.04993895703738155,0.3776379280274403,0.39395965350851697,0.17846346142666125
rf_courses,4,42,0.525607567244334,0.825502756082721,0.4594594594594595,585,0.04944632309188279,0.3781112578552458,0.3958463347024077,0.1765960843504637
rf_courses,4,43,0.5336892003615944,0.8267049374254999,0.47876447876447875,585,0.04944632309188279,0.3781112578552458,0.3958463347024077,0.1765960843504637
rf_courses,4,44,0.5314060159878652,0.8249452063160323,0.47104247104247104,585,0.04944632309188279,0.3781112578552458,0.3958463347024077,0.1765960843504637
rf_courses,5,42,0.5538347291150312,0.8367227383044606,0.47104247104247104,585,0.04935038482242882,0.37564197692520335,0.39553053118589326,0.17947710706647463
rf_courses,5,43,0.5506910177068183,0.840366603108255,0.4594594594594595,585,0.04935038482242882,0.37564197692520335,0.39553053118589326,0.17947710706647463
rf_courses,5,44,0.5519674685159208,0.8384236609192672,0.4826254826254826,585,0.04935038482242882,0.37564197692520335,0.39553053118589326,0.17947710706647463
