task,model,fold,mode,trial,cfg,accuracy,macro_f1,bal_acc,top3,track_acc_derived
program,hgb,1,default,0,"{""learning_rate"": 0.1, ""max_iter"": 100, ""max_leaf_nodes"": 31, ""l2_regularization"": 0.0, ""min_samples_leaf"": 20, ""cw_power"": 1.0}",37.226890756302524,0.2640604189066671,27.747888192114704,80.25210084033614,39.831932773109244
program,hgb,1,tuned_macro_f1,0,"{""learning_rate"": 0.1, ""max_iter"": 100, ""max_leaf_nodes"": 31, ""l2_regularization"": 0.0, ""min_samples_leaf"": 20, ""cw_power"": 1.0}",37.226890756302524,0.2640604189066671,27.747888192114704,80.25210084033614,39.831932773109244
program,hgb,1,tuned_accuracy,4,"{""learning_rate"": 0.03141604783643677, ""max_iter"": 300, ""max_leaf_nodes"": 31, ""l2_regularization"": 0.028278197833524706, ""min_samples_leaf"": 50, ""cw_power"": 0.0}",44.20168067226891,0.21061247054596285,21.394411175856334,84.6218487394958,45.714285714285715
program,hgb,2,default,0,"{""learning_rate"": 0.1, ""max_iter"": 100, ""max_leaf_nodes"": 31, ""l2_regularization"": 0.0, ""min_samples_leaf"": 20, ""cw_power"": 1.0}",38.865546218487395,0.2706909103822941,28.184784759283417,80.0420168067227,41.596638655462186
program,hgb,2,tuned_macro_f1,0,"{""learning_rate"": 0.1, ""max_iter"": 100, ""max_leaf_nodes"": 31, ""l2_regularization"": 0.0, ""min_samples_leaf"": 20, ""cw_power"": 1.0}",38.865546218487395,0.2706909103822941,28.184784759283417,80.0420168067227,41.596638655462186
program,hgb,2,tuned_accuracy,3,"{""learning_rate"": 0.1625084513087502, ""max_iter"": 200, ""max_leaf_nodes"": 31, ""l2_regularization"": 0.14391193004905573, ""min_samples_leaf"": 10, ""cw_power"": 0.5}",44.285714285714285,0.22585579840225636,22.657091192609666,83.94957983193278,45.7563025210084
program,hgb,3,default,0,"{""learning_rate"": 0.1, ""max_iter"": 100, ""max_leaf_nodes"": 31, ""l2_regularization"": 0.0, ""min_samples_leaf"": 20, ""cw_power"": 1.0}",36.008403361344534,0.24945333848457774,25.798565691100645,80.08403361344538,39.621848739495796
program,hgb,3,tuned_macro_f1,0,"{""learning_rate"": 0.1, ""max_iter"": 100, ""max_leaf_nodes"": 31, ""l2_regularization"": 0.0, ""min_samples_leaf"": 20, ""cw_power"": 1.0}",36.008403361344534,0.24945333848457774,25.798565691100645,80.08403361344538,39.621848739495796
program,hgb,3,tuned_accuracy,7,"{""learning_rate"": 0.07887668385362219, ""max_iter"": 100, ""max_leaf_nodes"": 15, ""l2_regularization"": 1.2341109602685865, ""min_samples_leaf"": 20, ""cw_power"": 0.0}",45.50420168067227,0.1949270705365448,20.656139131877072,85.7983193277311,47.26890756302521
program,hgb,4,default,0,"{""learning_rate"": 0.1, ""max_iter"": 100, ""max_leaf_nodes"": 31, ""l2_regularization"": 0.0, ""min_samples_leaf"": 20, ""cw_power"": 1.0}",37.857142857142854,0.2781948550207916,29.03018607813897,80.7983193277311,40.88235294117647
program,hgb,4,tuned_macro_f1,1,"{""learning_rate"": 0.04629307373120376, ""max_iter"": 100, ""max_leaf_nodes"": 15, ""l2_regularization"": 0.48192253059073764, ""min_samples_leaf"": 50, ""cw_power"": 0.5}",42.773109243697476,0.27269767754506746,27.183737207384606,84.45378151260505,44.07563025210084
program,hgb,4,tuned_accuracy,6,"{""learning_rate"": 0.04046915329612495, ""max_iter"": 200, ""max_leaf_nodes"": 15, ""l2_regularization"": 6.995759278642674, ""min_samples_leaf"": 50, ""cw_power"": 0.0}",46.1764705882353,0.20176965952014034,21.172597146032256,86.09243697478992,47.52100840336134
program,hgb,5,default,0,"{""learning_rate"": 0.1, ""max_iter"": 100, ""max_leaf_nodes"": 31, ""l2_regularization"": 0.0, ""min_samples_leaf"": 20, ""cw_power"": 1.0}",35.378151260504204,0.23768805016892577,24.81866781198129,78.8655462184874,39.411764705882355
program,hgb,5,tuned_macro_f1,5,"{""learning_rate"": 0.03618001323067694, ""max_iter"": 100, ""max_leaf_nodes"": 31, ""l2_regularization"": 0.060190820840689316, ""min_samples_leaf"": 20, ""cw_power"": 1.0}",33.403361344537814,0.25100061066415175,28.33606402987115,75.12605042016807,36.344537815126046
program,hgb,5,tuned_accuracy,6,"{""learning_rate"": 0.0406232932385568, ""max_iter"": 200, ""max_leaf_nodes"": 31, ""l2_regularization"": 0.680596700167045, ""min_samples_leaf"": 20, ""cw_power"": 0.0}",45.63025210084034,0.201282509896762,21.07605479434206,84.11764705882354,46.76470588235294
program,rf,1,default,0,"{""n_estimators"": 100, ""max_depth"": null, ""min_samples_leaf"": 1, ""max_features"": ""sqrt"", ""cw_power"": 1.0}",39.411764705882355,0.25040566854382224,25.39742928828289,81.9327731092437,40.79831932773109
program,rf,1,tuned_macro_f1,0,"{""n_estimators"": 100, ""max_depth"": null, ""min_samples_leaf"": 1, ""max_features"": ""sqrt"", ""cw_power"": 1.0}",39.411764705882355,0.25040566854382224,25.39742928828289,81.9327731092437,40.79831932773109
program,rf,1,tuned_accuracy,2,"{""n_estimators"": 300, ""max_depth"": null, ""min_samples_leaf"": 10, ""max_features"": 0.3, ""cw_power"": 0.0}",45.714285714285715,0.16776683362834874,19.36455556916813,86.00840336134455,46.80672268907563
program,rf,2,default,0,"{""n_estimators"": 100, ""max_depth"": null, ""min_samples_leaf"": 1, ""max_features"": ""sqrt"", ""cw_power"": 1.0}",39.49579831932773,0.25871236705013506,26.270802195404574,81.26050420168067,39.78991596638655
program,rf,2,tuned_macro_f1,3,"{""n_estimators"": 300, ""max_depth"": 10, ""min_samples_leaf"": 10, ""max_features"": 0.5, ""cw_power"": 0.5}",43.319327731092436,0.2760194274366345,26.991065517588474,85.33613445378151,42.226890756302524
program,rf,2,tuned_accuracy,7,"{""n_estimators"": 300, ""max_depth"": 10, ""min_samples_leaf"": 5, ""max_features"": ""sqrt"", ""cw_power"": 0.0}",47.39495798319327,0.15320837922839514,19.01969525613301,85.88235294117646,49.28571428571429
program,rf,3,default,0,"{""n_estimators"": 100, ""max_depth"": null, ""min_samples_leaf"": 1, ""max_features"": ""sqrt"", ""cw_power"": 1.0}",39.411764705882355,0.26096163023284835,25.760346632676594,83.61344537815127,40.21008403361345
program,rf,3,tuned_macro_f1,4,"{""n_estimators"": 300, ""max_depth"": 30, ""min_samples_leaf"": 2, ""max_features"": 0.5, ""cw_power"": 0.5}",43.69747899159664,0.24382559539777596,23.70975179989476,85.04201680672269,45.08403361344538
program,rf,3,tuned_accuracy,1,"{""n_estimators"": 200, ""max_depth"": 30, ""min_samples_leaf"": 10, ""max_features"": 0.5, ""cw_power"": 0.0}",45.79831932773109,0.17527021593853442,19.725744819561772,86.1344537815126,47.016806722689076
program,rf,4,default,0,"{""n_estimators"": 100, ""max_depth"": null, ""min_samples_leaf"": 1, ""max_features"": ""sqrt"", ""cw_power"": 1.0}",40.88235294117647,0.267636954858901,27.352198585844416,82.85714285714286,41.26050420168067
program,rf,4,tuned_macro_f1,2,"{""n_estimators"": 300, ""max_depth"": null, ""min_samples_leaf"": 2, ""max_features"": ""sqrt"", ""cw_power"": 1.0}",38.02521008403361,0.2846922342270758,30.08555520279096,80.0420168067227,38.02521008403361
program,rf,4,tuned_accuracy,3,"{""n_estimators"": 100, ""max_depth"": 10, ""min_samples_leaf"": 10, ""max_features"": 0.5, ""cw_power"": 0.0}",46.34453781512605,0.16673699355734936,19.469030597506165,86.1764705882353,47.52100840336134
program,rf,5,default,0,"{""n_estimators"": 100, ""max_depth"": null, ""min_samples_leaf"": 1, ""max_features"": ""sqrt"", ""cw_power"": 1.0}",38.69747899159664,0.2516632420739659,25.55616223125839,81.63865546218487,39.831932773109244
program,rf,5,tuned_macro_f1,5,"{""n_estimators"": 300, ""max_depth"": 30, ""min_samples_leaf"": 2, ""max_features"": 0.5, ""cw_power"": 1.0}",36.806722689075634,0.26414638653690486,28.01149942483045,79.91596638655463,38.865546218487395
program,rf,5,tuned_accuracy,2,"{""n_estimators"": 300, ""max_depth"": 10, ""min_samples_leaf"": 2, ""max_features"": ""sqrt"", ""cw_power"": 0.0}",47.05882352941176,0.15547314283661756,19.059596619556416,84.95798319327731,47.94117647058824
program,static_mlp,1,default,0,"{""epochs"": 15, ""lr"": 0.001, ""weight_decay"": 0.01, ""batch_size"": 128, ""dropout"": 0.2, ""static_h"": 128, ""rnn_h"": 64, ""cw_power"": 1.0}",25.672268907563023,0.2105888889416396,25.65004652088922,71.80672268907563,31.092436974789916
program,static_mlp,1,tuned_macro_f1,4,"{""epochs"": 25, ""lr"": 0.0018802490873414987, ""weight_decay"": 0.004540914631830939, ""batch_size"": 128, ""dropout"": 0.5, ""static_h"": 64, ""rnn_h"": 64, ""cw_power"": 0.5}",39.78991596638655,0.2413049625276236,24.1913570709396,81.84873949579831,40.42016806722689
program,static_mlp,1,tuned_accuracy,7,"{""epochs"": 25, ""lr"": 0.0006721450825133937, ""weight_decay"": 0.08823599735201078, ""batch_size"": 256, ""dropout"": 0.5, ""static_h"": 128, ""rnn_h"": 32, ""cw_power"": 0.5}",40.96638655462185,0.23291574147330754,23.19468586811224,82.85714285714286,40.924369747899156
program,lstm,1,default,0,"{""epochs"": 15, ""lr"": 0.001, ""weight_decay"": 0.01, ""batch_size"": 128, ""dropout"": 0.2, ""static_h"": 128, ""rnn_h"": 64, ""cw_power"": 1.0}",29.075630252100844,0.1833561385113099,26.118958073433348,63.403361344537814,25.252100840336134
program,lstm,1,tuned_macro_f1,0,"{""epochs"": 15, ""lr"": 0.001, ""weight_decay"": 0.01, ""batch_size"": 128, ""dropout"": 0.2, ""static_h"": 128, ""rnn_h"": 64, ""cw_power"": 1.0}",29.075630252100844,0.1833561385113099,26.118958073433348,63.403361344537814,25.252100840336134
program,lstm,1,tuned_accuracy,1,"{""epochs"": 15, ""lr"": 0.0016457391419085706, ""weight_decay"": 0.005994902790327624, ""batch_size"": 128, ""dropout"": 0.1, ""static_h"": 256, ""rnn_h"": 64, ""cw_power"": 0.0}",44.57983193277311,0.12286038744444451,17.082050004529396,83.0672268907563,45.54621848739496
program,hyb1,1,default,0,"{""epochs"": 15, ""lr"": 0.001, ""weight_decay"": 0.01, ""batch_size"": 128, ""dropout"": 0.2, ""static_h"": 128, ""rnn_h"": 64, ""cw_power"": 1.0}",29.15966386554622,0.23029159558868276,28.303672932908093,74.41176470588235,33.991596638655466
program,hyb1,1,tuned_macro_f1,5,"{""epochs"": 15, ""lr"": 0.000547615790768176, ""weight_decay"": 0.00033677709862230506, ""batch_size"": 128, ""dropout"": 0.2, ""static_h"": 256, ""rnn_h"": 32, ""cw_power"": 0.5}",38.865546218487395,0.24337965188068475,25.63841995633192,80.21008403361346,42.73109243697479
program,hyb1,1,tuned_accuracy,3,"{""epochs"": 40, ""lr"": 0.0006706825182225447, ""weight_decay"": 0.002949116799161753, ""batch_size"": 256, ""dropout"": 0.3, ""static_h"": 128, ""rnn_h"": 128, ""cw_power"": 0.0}",43.69747899159664,0.22279819094025774,22.429367472716013,83.78151260504202,44.831932773109244
program,hyb2,1,default,0,"{""epochs"": 15, ""lr"": 0.001, ""weight_decay"": 0.01, ""batch_size"": 128, ""dropout"": 0.2, ""static_h"": 128, ""rnn_h"": 64, ""cw_power"": 1.0}",30.168067226890756,0.24295444695696866,29.816667511426882,76.17647058823529,35.042016806722685
program,hyb2,1,tuned_macro_f1,7,"{""epochs"": 15, ""lr"": 0.00040644213511753193, ""weight_decay"": 0.00027119647921017395, ""batch_size"": 128, ""dropout"": 0.1, ""static_h"": 128, ""rnn_h"": 32, ""cw_power"": 0.5}",40.12605042016807,0.26894086990056265,28.203265257269162,81.38655462184875,43.23529411764706
program,hyb2,1,tuned_accuracy,5,"{""epochs"": 25, ""lr"": 0.0003205259773314333, ""weight_decay"": 0.007819950716549649, ""batch_size"": 64, ""dropout"": 0.1, ""static_h"": 64, ""rnn_h"": 32, ""cw_power"": 0.0}",44.78991596638656,0.22398420511802883,22.293082886040608,84.24369747899159,46.63865546218487
program,hyb3,1,default,0,"{""epochs"": 15, ""lr"": 0.001, ""weight_decay"": 0.01, ""batch_size"": 128, ""dropout"": 0.2, ""static_h"": 128, ""rnn_h"": 64, ""cw_power"": 1.0}",30.168067226890756,0.23873421338261527,28.905046402510397,74.91596638655463,34.49579831932773
program,hyb3,1,tuned_macro_f1,4,"{""epochs"": 15, ""lr"": 0.001093152651740974, ""weight_decay"": 0.004165210937724426, ""batch_size"": 128, ""dropout"": 0.2, ""static_h"": 256, ""rnn_h"": 32, ""cw_power"": 0.5}",38.655462184873954,0.25420469397680884,26.67851271718517,80.92436974789916,41.47058823529412
program,hyb3,1,tuned_accuracy,1,"{""epochs"": 40, ""lr"": 0.0018776548821007146, ""weight_decay"": 0.000767503660227397, ""batch_size"": 128, ""dropout"": 0.5, ""static_h"": 128, ""rnn_h"": 32, ""cw_power"": 0.0}",46.09243697478991,0.18705301801600696,20.302408129538108,85.16806722689076,47.26890756302521
program,hyb4,1,default,0,"{""epochs"": 15, ""lr"": 0.001, ""weight_decay"": 0.01, ""batch_size"": 128, ""dropout"": 0.2, ""static_h"": 128, ""rnn_h"": 64, ""cw_power"": 1.0}",28.61344537815126,0.2418252830135008,29.903922314972796,75.33613445378151,33.52941176470588
program,hyb4,1,tuned_macro_f1,1,"{""epochs"": 40, ""lr"": 0.0010951740321458467, ""weight_decay"": 0.034870943345560616, ""batch_size"": 128, ""dropout"": 0.3, ""static_h"": 128, ""rnn_h"": 128, ""cw_power"": 0.5}",39.11764705882353,0.25343786922625794,26.074681253219655,81.89075630252101,42.10084033613445
program,hyb4,1,tuned_accuracy,3,"{""epochs"": 25, ""lr"": 0.0018123497025868904, ""weight_decay"": 0.0004884603732308433, ""batch_size"": 128, ""dropout"": 0.3, ""static_h"": 128, ""rnn_h"": 128, ""cw_power"": 0.0}",44.285714285714285,0.21407828735414944,21.892290882311823,83.44537815126051,44.78991596638656
program,proposed,1,default,0,"{""epochs"": 15, ""lr"": 0.001, ""weight_decay"": 0.01, ""batch_size"": 128, ""dropout"": 0.2, ""static_h"": 128, ""rnn_h"": 64, ""cw_power"": 1.0}",28.865546218487392,0.2349137038682861,29.104492501371475,74.95798319327731,33.991596638655466
program,proposed,1,tuned_macro_f1,7,"{""epochs"": 40, ""lr"": 0.0013079571132985403, ""weight_decay"": 0.0014267715119528326, ""batch_size"": 64, ""dropout"": 0.5, ""static_h"": 128, ""rnn_h"": 64, ""cw_power"": 0.5}",39.45378151260504,0.24229993395570645,25.741926314234327,82.26890756302521,42.436974789915965
program,proposed,1,tuned_accuracy,2,"{""epochs"": 40, ""lr"": 0.0003224900048987953, ""weight_decay"": 0.005066150567292886, ""batch_size"": 128, ""dropout"": 0.2, ""static_h"": 128, ""rnn_h"": 128, ""cw_power"": 0.0}",44.495798319327726,0.20411098835501887,21.067120140679584,83.78151260504202,45.50420168067227
program,static_mlp,2,default,0,"{""epochs"": 15, ""lr"": 0.001, ""weight_decay"": 0.01, ""batch_size"": 128, ""dropout"": 0.2, ""static_h"": 128, ""rnn_h"": 64, ""cw_power"": 1.0}",22.689075630252102,0.1930802305937699,25.89569266280487,69.78991596638654,28.19327731092437
program,static_mlp,2,tuned_macro_f1,4,"{""epochs"": 25, ""lr"": 0.0006671749435895194, ""weight_decay"": 0.001281836325893491, ""batch_size"": 128, ""dropout"": 0.5, ""static_h"": 64, ""rnn_h"": 64, ""cw_power"": 0.5}",43.23529411764706,0.23725422026466655,23.971323398088206,83.90756302521008,41.30252100840336
program,static_mlp,2,tuned_accuracy,1,"{""epochs"": 25, ""lr"": 0.00032542424961970045, ""weight_decay"": 0.00022148509060126472, ""batch_size"": 128, ""dropout"": 0.2, ""static_h"": 64, ""rnn_h"": 64, ""cw_power"": 0.0}",45.79831932773109,0.16577003974663507,19.35376812473304,85.21008403361344,45.63025210084034
program,lstm,2,default,0,"{""epochs"": 15, ""lr"": 0.001, ""weight_decay"": 0.01, ""batch_size"": 128, ""dropout"": 0.2, ""static_h"": 128, ""rnn_h"": 64, ""cw_power"": 1.0}",27.39495798319328,0.18070003074974406,25.941278532532074,59.831932773109244,23.067226890756302
program,lstm,2,tuned_macro_f1,2,"{""epochs"": 15, ""lr"": 0.0003851032017465509, ""weight_decay"": 0.00027247039625172146, ""batch_size"": 128, ""dropout"": 0.2, ""static_h"": 256, ""rnn_h"": 64, ""cw_power"": 1.0}",29.789915966386555,0.19447190514192214,27.260443446060762,59.2436974789916,23.52941176470588
program,lstm,2,tuned_accuracy,5,"{""epochs"": 40, ""lr"": 0.0003309479350159732, ""weight_decay"": 0.0002397603745371098, ""batch_size"": 128, ""dropout"": 0.3, ""static_h"": 256, ""rnn_h"": 64, ""cw_power"": 0.0}",44.747899159663866,0.11906498201960826,17.031471751668327,83.31932773109244,45.96638655462185
program,hyb1,2,default,0,"{""epochs"": 15, ""lr"": 0.001, ""weight_decay"": 0.01, ""batch_size"": 128, ""dropout"": 0.2, ""static_h"": 128, ""rnn_h"": 64, ""cw_power"": 1.0}",27.39495798319328,0.22258763128528503,28.715740516680242,73.31932773109243,32.35294117647059
program,hyb1,2,tuned_macro_f1,0,"{""epochs"": 15, ""lr"": 0.001, ""weight_decay"": 0.01, ""batch_size"": 128, ""dropout"": 0.2, ""static_h"": 128, ""rnn_h"": 64, ""cw_power"": 1.0}",27.39495798319328,0.22258763128528503,28.715740516680242,73.31932773109243,32.35294117647059
program,hyb1,2,tuned_accuracy,1,"{""epochs"": 40, ""lr"": 0.0006500648648726123, ""weight_decay"": 0.001385618338803228, ""batch_size"": 256, ""dropout"": 0.5, ""static_h"": 64, ""rnn_h"": 64, ""cw_power"": 0.0}",46.470588235294116,0.1822095207505496,20.36448702963289,85.67226890756302,48.02521008403362
program,hyb2,2,default,0,"{""epochs"": 15, ""lr"": 0.001, ""weight_decay"": 0.01, ""batch_size"": 128, ""dropout"": 0.2, ""static_h"": 128, ""rnn_h"": 64, ""cw_power"": 1.0}",26.638655462184875,0.20949617803117582,25.82352129387192,74.87394957983193,31.932773109243694
program,hyb2,2,tuned_macro_f1,2,"{""epochs"": 25, ""lr"": 0.0018022867085525584, ""weight_decay"": 0.00029004095500390813, ""batch_size"": 256, ""dropout"": 0.2, ""static_h"": 128, ""rnn_h"": 64, ""cw_power"": 0.5}",35.168067226890756,0.2441452895244199,26.310862371226822,81.00840336134453,38.865546218487395
program,hyb2,2,tuned_accuracy,1,"{""epochs"": 15, ""lr"": 0.00033024428462498134, ""weight_decay"": 0.0013919165736447493, ""batch_size"": 64, ""dropout"": 0.2, ""static_h"": 64, ""rnn_h"": 128, ""cw_power"": 0.0}",46.38655462184874,0.1877577955914619,20.55056386693356,85.12605042016807,47.52100840336134
program,hyb3,2,default,0,"{""epochs"": 15, ""lr"": 0.001, ""weight_decay"": 0.01, ""batch_size"": 128, ""dropout"": 0.2, ""static_h"": 128, ""rnn_h"": 64, ""cw_power"": 1.0}",26.302521008403364,0.2105821681864246,26.63139262636391,73.0672268907563,31.974789915966383
program,hyb3,2,tuned_macro_f1,2,"{""epochs"": 15, ""lr"": 0.00034022901518101253, ""weight_decay"": 0.00943565364910915, ""batch_size"": 128, ""dropout"": 0.3, ""static_h"": 256, ""rnn_h"": 32, ""cw_power"": 1.0}",30.126050420168067,0.241304763439285,30.141603944047617,72.56302521008404,33.48739495798319
program,hyb3,2,tuned_accuracy,7,"{""epochs"": 25, ""lr"": 0.0020954208972909466, ""weight_decay"": 0.00015222553150907137, ""batch_size"": 64, ""dropout"": 0.5, ""static_h"": 64, ""rnn_h"": 64, ""cw_power"": 0.0}",46.680672268907564,0.16042104784275016,19.218060011235032,85.67226890756302,48.403361344537814
program,hyb4,2,default,0,"{""epochs"": 15, ""lr"": 0.001, ""weight_decay"": 0.01, ""batch_size"": 128, ""dropout"": 0.2, ""static_h"": 128, ""rnn_h"": 64, ""cw_power"": 1.0}",25.924369747899163,0.21044960511943378,26.65333973079054,72.81512605042016,31.176470588235293
program,hyb4,2,tuned_macro_f1,1,"{""epochs"": 40, ""lr"": 0.0010634101662240958, ""weight_decay"": 0.0014192226144134701, ""batch_size"": 128, ""dropout"": 0.5, ""static_h"": 128, ""rnn_h"": 64, ""cw_power"": 0.5}",37.773109243697476,0.24447817096912253,25.906438302617396,81.21848739495799,40.21008403361345
program,hyb4,2,tuned_accuracy,4,"{""epochs"": 40, ""lr"": 0.001853264199656665, ""weight_decay"": 0.00014863580790255366, ""batch_size"": 128, ""dropout"": 0.5, ""static_h"": 256, ""rnn_h"": 128, ""cw_power"": 0.0}",44.285714285714285,0.19112419880312867,20.25334111894879,82.94117647058825,44.747899159663866
program,proposed,2,default,0,"{""epochs"": 15, ""lr"": 0.001, ""weight_decay"": 0.01, ""batch_size"": 128, ""dropout"": 0.2, ""static_h"": 128, ""rnn_h"": 64, ""cw_power"": 1.0}",26.722689075630253,0.2144557435383707,27.215214392826443,73.99159663865547,32.226890756302524
program,proposed,2,tuned_macro_f1,7,"{""epochs"": 25, ""lr"": 0.000341466477651759, ""weight_decay"": 0.08951070672736001, ""batch_size"": 256, ""dropout"": 0.3, ""static_h"": 128, ""rnn_h"": 128, ""cw_power"": 0.5}",40.21008403361345,0.2531829080569855,25.544235506776275,81.9327731092437,41.5546218487395
program,proposed,2,tuned_accuracy,7,"{""epochs"": 25, ""lr"": 0.000341466477651759, ""weight_decay"": 0.08951070672736001, ""batch_size"": 256, ""dropout"": 0.3, ""static_h"": 128, ""rnn_h"": 128, ""cw_power"": 0.5}",40.21008403361345,0.2531829080569855,25.544235506776275,81.9327731092437,41.5546218487395
program,static_mlp,3,default,0,"{""epochs"": 15, ""lr"": 0.001, ""weight_decay"": 0.01, ""batch_size"": 128, ""dropout"": 0.2, ""static_h"": 128, ""rnn_h"": 64, ""cw_power"": 1.0}",27.857142857142858,0.229346590787632,27.543956353291005,74.6218487394958,32.016806722689076
program,static_mlp,3,tuned_macro_f1,3,"{""epochs"": 25, ""lr"": 0.000691029435087325, ""weight_decay"": 0.0011828082043038083, ""batch_size"": 128, ""dropout"": 0.2, ""static_h"": 64, ""rnn_h"": 32, ""cw_power"": 0.5}",40.63025210084034,0.24395982144841585,24.28832795436445,82.56302521008404,41.63865546218488
program,static_mlp,3,tuned_accuracy,7,"{""epochs"": 40, ""lr"": 0.0011864643648259573, ""weight_decay"": 0.06061788178360261, ""batch_size"": 64, ""dropout"": 0.5, ""static_h"": 64, ""rnn_h"": 32, ""cw_power"": 0.0}",46.05042016806723,0.16463847268335613,19.287336986646864,85.3781512605042,45.67226890756302
program,lstm,3,default,0,"{""epochs"": 15, ""lr"": 0.001, ""weight_decay"": 0.01, ""batch_size"": 128, ""dropout"": 0.2, ""static_h"": 128, ""rnn_h"": 64, ""cw_power"": 1.0}",26.80672268907563,0.17865009588832045,24.169517177272148,61.63865546218488,21.722689075630253
program,lstm,3,tuned_macro_f1,1,"{""epochs"": 25, ""lr"": 0.0014536158643064065, ""weight_decay"": 0.02972015684023925, ""batch_size"": 64, ""dropout"": 0.5, ""static_h"": 128, ""rnn_h"": 128, ""cw_power"": 1.0}",25.840336134453786,0.17120214428573752,23.366387330943326,62.6890756302521,21.932773109243698
program,lstm,3,tuned_accuracy,7,"{""epochs"": 15, ""lr"": 0.001970584920309234, ""weight_decay"": 0.0012840099570376178, ""batch_size"": 128, ""dropout"": 0.5, ""static_h"": 128, ""rnn_h"": 128, ""cw_power"": 0.0}",44.03361344537815,0.14134920354278388,17.624187635536874,83.61344537815127,43.99159663865546
program,hyb1,3,default,0,"{""epochs"": 15, ""lr"": 0.001, ""weight_decay"": 0.01, ""batch_size"": 128, ""dropout"": 0.2, ""static_h"": 128, ""rnn_h"": 64, ""cw_power"": 1.0}",30.462184873949578,0.24855931800589395,29.791904170681438,77.85714285714286,34.87394957983193
program,hyb1,3,tuned_macro_f1,5,"{""epochs"": 40, ""lr"": 0.0008446296396094994, ""weight_decay"": 0.000924855973028693, ""batch_size"": 256, ""dropout"": 0.5, ""static_h"": 64, ""rnn_h"": 64, ""cw_power"": 1.0}",26.974789915966387,0.22357237533944677,29.265002757004872,70.88235294117648,31.68067226890756
program,hyb1,3,tuned_accuracy,7,"{""epochs"": 15, ""lr"": 0.00040486716871246484, ""weight_decay"": 0.0026488856042940863, ""batch_size"": 64, ""dropout"": 0.1, ""static_h"": 64, ""rnn_h"": 128, ""cw_power"": 0.0}",44.831932773109244,0.19913079056510086,20.843896122469083,85.46218487394958,46.30252100840336
program,hyb2,3,default,0,"{""epochs"": 15, ""lr"": 0.001, ""weight_decay"": 0.01, ""batch_size"": 128, ""dropout"": 0.2, ""static_h"": 128, ""rnn_h"": 64, ""cw_power"": 1.0}",29.705882352941178,0.24151964302106496,28.469207920397043,76.30252100840336,34.2436974789916
program,hyb2,3,tuned_macro_f1,4,"{""epochs"": 15, ""lr"": 0.001217256113982098, ""weight_decay"": 0.00805849241443454, ""batch_size"": 256, ""dropout"": 0.3, ""static_h"": 64, ""rnn_h"": 64, ""cw_power"": 0.5}",39.285714285714285,0.2700807735418996,28.732138106627687,80.67226890756302,41.344537815126046
program,hyb2,3,tuned_accuracy,5,"{""epochs"": 25, ""lr"": 0.0003665193300732933, ""weight_decay"": 0.005744396313648285, ""batch_size"": 256, ""dropout"": 0.5, ""static_h"": 128, ""rnn_h"": 32, ""cw_power"": 0.0}",46.63865546218487,0.16348644810325563,19.548117281154695,86.09243697478992,47.05882352941176
program,hyb3,3,default,0,"{""epochs"": 15, ""lr"": 0.001, ""weight_decay"": 0.01, ""batch_size"": 128, ""dropout"": 0.2, ""static_h"": 128, ""rnn_h"": 64, ""cw_power"": 1.0}",30.96638655462185,0.2415953034256191,27.678260617189782,76.55462184873949,35.21008403361345
program,hyb3,3,tuned_macro_f1,7,"{""epochs"": 40, ""lr"": 0.0011090198347880897, ""weight_decay"": 0.003302641288540692, ""batch_size"": 256, ""dropout"": 0.2, ""static_h"": 256, ""rnn_h"": 32, ""cw_power"": 0.5}",35.924369747899156,0.2321170642462592,23.633742737715476,81.26050420168067,38.865546218487395
program,hyb3,3,tuned_accuracy,3,"{""epochs"": 15, ""lr"": 0.0007065955887931349, ""weight_decay"": 0.0003979572117284801, ""batch_size"": 64, ""dropout"": 0.2, ""static_h"": 128, ""rnn_h"": 64, ""cw_power"": 0.0}",44.78991596638656,0.21253720756854974,21.75731268309663,84.66386554621849,45.21008403361345
program,hyb4,3,default,0,"{""epochs"": 15, ""lr"": 0.001, ""weight_decay"": 0.01, ""batch_size"": 128, ""dropout"": 0.2, ""static_h"": 128, ""rnn_h"": 64, ""cw_power"": 1.0}",28.865546218487392,0.23559210006074538,28.48918102307713,75.7983193277311,34.2436974789916
program,hyb4,3,tuned_macro_f1,1,"{""epochs"": 40, ""lr"": 0.0009970319952776966, ""weight_decay"": 0.000522555456690189, ""batch_size"": 128, ""dropout"": 0.2, ""static_h"": 128, ""rnn_h"": 64, ""cw_power"": 0.5}",35.84033613445378,0.23932487100730757,24.39141499416635,81.34453781512605,39.411764705882355
program,hyb4,3,tuned_accuracy,3,"{""epochs"": 15, ""lr"": 0.0014991512799657587, ""weight_decay"": 0.012845126807414651, ""batch_size"": 256, ""dropout"": 0.2, ""static_h"": 64, ""rnn_h"": 64, ""cw_power"": 0.0}",44.45378151260504,0.18770076963909163,20.508506202241836,84.5798319327731,44.957983193277315
program,proposed,3,default,0,"{""epochs"": 15, ""lr"": 0.001, ""weight_decay"": 0.01, ""batch_size"": 128, ""dropout"": 0.2, ""static_h"": 128, ""rnn_h"": 64, ""cw_power"": 1.0}",30.92436974789916,0.24769085736246446,29.086143763022804,77.60504201680672,34.57983193277311
program,proposed,3,tuned_macro_f1,7,"{""epochs"": 25, ""lr"": 0.0005180533296666967, ""weight_decay"": 0.0005723222815995885, ""batch_size"": 64, ""dropout"": 0.1, ""static_h"": 128, ""rnn_h"": 64, ""cw_power"": 0.5}",35.42016806722689,0.24279190260041464,25.546441808504987,81.97478991596638,39.20168067226891
program,proposed,3,tuned_accuracy,3,"{""epochs"": 25, ""lr"": 0.0003916939550321835, ""weight_decay"": 0.02797664039428389, ""batch_size"": 64, ""dropout"": 0.3, ""static_h"": 256, ""rnn_h"": 128, ""cw_power"": 0.0}",43.319327731092436,0.21738397741055546,21.933604182770928,84.49579831932773,45.0
program,static_mlp,4,default,0,"{""epochs"": 15, ""lr"": 0.001, ""weight_decay"": 0.01, ""batch_size"": 128, ""dropout"": 0.2, ""static_h"": 128, ""rnn_h"": 64, ""cw_power"": 1.0}",23.403361344537814,0.19914537221961118,26.025556763997354,71.5126050420168,28.907563025210088
program,static_mlp,4,tuned_macro_f1,5,"{""epochs"": 40, ""lr"": 0.0005868366091991479, ""weight_decay"": 0.04504310869685016, ""batch_size"": 128, ""dropout"": 0.3, ""static_h"": 256, ""rnn_h"": 32, ""cw_power"": 0.5}",38.445378151260506,0.22438611068622724,22.49128881818701,82.47899159663865,40.168067226890756
program,static_mlp,4,tuned_accuracy,6,"{""epochs"": 40, ""lr"": 0.0003226674053016557, ""weight_decay"": 0.0003553343948796714, ""batch_size"": 64, ""dropout"": 0.5, ""static_h"": 64, ""rnn_h"": 32, ""cw_power"": 0.0}",45.33613445378151,0.15868061363029587,18.843156639055135,84.6218487394958,45.714285714285715
program,lstm,4,default,0,"{""epochs"": 15, ""lr"": 0.001, ""weight_decay"": 0.01, ""batch_size"": 128, ""dropout"": 0.2, ""static_h"": 128, ""rnn_h"": 64, ""cw_power"": 1.0}",27.647058823529413,0.19137311126228906,25.673590614494252,63.48739495798319,22.941176470588236
program,lstm,4,tuned_macro_f1,7,"{""epochs"": 40, ""lr"": 0.001833192252105295, ""weight_decay"": 0.05459864797870593, ""batch_size"": 64, ""dropout"": 0.1, ""static_h"": 256, ""rnn_h"": 128, ""cw_power"": 1.0}",28.991596638655466,0.19087082685193224,25.055833033452142,63.52941176470588,24.95798319327731
program,lstm,4,tuned_accuracy,3,"{""epochs"": 15, ""lr"": 0.0009294217088885521, ""weight_decay"": 0.004875829064997154, ""batch_size"": 128, ""dropout"": 0.1, ""static_h"": 128, ""rnn_h"": 128, ""cw_power"": 0.0}",44.07563025210084,0.1292371650091454,17.265906157399876,83.52941176470588,43.69747899159664
program,hyb1,4,default,0,"{""epochs"": 15, ""lr"": 0.001, ""weight_decay"": 0.01, ""batch_size"": 128, ""dropout"": 0.2, ""static_h"": 128, ""rnn_h"": 64, ""cw_power"": 1.0}",30.54621848739496,0.24027338685246447,28.20249408383398,76.0924369747899,35.96638655462185
program,hyb1,4,tuned_macro_f1,4,"{""epochs"": 40, ""lr"": 0.001623909654843196, ""weight_decay"": 0.016647510833908006, ""batch_size"": 128, ""dropout"": 0.1, ""static_h"": 64, ""rnn_h"": 32, ""cw_power"": 1.0}",28.48739495798319,0.22192289428997833,25.676403203070468,78.99159663865547,33.52941176470588
program,hyb1,4,tuned_accuracy,7,"{""epochs"": 15, ""lr"": 0.000493056748499238, ""weight_decay"": 0.0010748528500844296, ""batch_size"": 64, ""dropout"": 0.3, ""static_h"": 128, ""rnn_h"": 32, ""cw_power"": 0.0}",45.33613445378151,0.20183543357868972,21.072593229956816,85.08403361344537,46.260504201680675
program,hyb2,4,default,0,"{""epochs"": 15, ""lr"": 0.001, ""weight_decay"": 0.01, ""batch_size"": 128, ""dropout"": 0.2, ""static_h"": 128, ""rnn_h"": 64, ""cw_power"": 1.0}",28.403361344537814,0.22385687392270093,27.635156263096277,76.68067226890757,32.3109243697479
program,hyb2,4,tuned_macro_f1,2,"{""epochs"": 40, ""lr"": 0.0023819334274946345, ""weight_decay"": 0.04950139402358592, ""batch_size"": 256, ""dropout"": 0.5, ""static_h"": 256, ""rnn_h"": 32, ""cw_power"": 0.5}",38.655462184873954,0.2447967972270849,25.96504355283546,81.21848739495799,42.016806722689076
program,hyb2,4,tuned_accuracy,1,"{""epochs"": 25, ""lr"": 0.0015844552227951116, ""weight_decay"": 0.005186913647884492, ""batch_size"": 256, ""dropout"": 0.3, ""static_h"": 128, ""rnn_h"": 64, ""cw_power"": 0.0}",43.57142857142857,0.2090424489148346,21.23063563752031,84.32773109243698,44.87394957983194
program,hyb3,4,default,0,"{""epochs"": 15, ""lr"": 0.001, ""weight_decay"": 0.01, ""batch_size"": 128, ""dropout"": 0.2, ""static_h"": 128, ""rnn_h"": 64, ""cw_power"": 1.0}",28.781512605042014,0.2275847023620127,28.631765432202254,75.84033613445378,33.82352941176471
program,hyb3,4,tuned_macro_f1,5,"{""epochs"": 25, ""lr"": 0.0004092016645326534, ""weight_decay"": 0.056552041452904024, ""batch_size"": 128, ""dropout"": 0.2, ""static_h"": 64, ""rnn_h"": 64, ""cw_power"": 0.5}",40.294117647058826,0.2668635441943564,27.50260889629636,82.81512605042018,42.73109243697479
program,hyb3,4,tuned_accuracy,2,"{""epochs"": 25, ""lr"": 0.0003640204944613279, ""weight_decay"": 0.007044826567297138, ""batch_size"": 128, ""dropout"": 0.5, ""static_h"": 128, ""rnn_h"": 32, ""cw_power"": 0.0}",45.714285714285715,0.16622908927669325,19.437712474591173,85.3781512605042,46.680672268907564
program,hyb4,4,default,0,"{""epochs"": 15, ""lr"": 0.001, ""weight_decay"": 0.01, ""batch_size"": 128, ""dropout"": 0.2, ""static_h"": 128, ""rnn_h"": 64, ""cw_power"": 1.0}",26.638655462184875,0.2150858983546908,26.80711427987184,73.15126050420167,32.436974789915965
program,hyb4,4,tuned_macro_f1,4,"{""epochs"": 25, ""lr"": 0.00041213529137190685, ""weight_decay"": 0.00013749319881807686, ""batch_size"": 128, ""dropout"": 0.2, ""static_h"": 256, ""rnn_h"": 128, ""cw_power"": 0.5}",40.42016806722689,0.24325997843132174,24.347884466377437,82.52100840336134,42.73109243697479
program,hyb4,4,tuned_accuracy,1,"{""epochs"": 25, ""lr"": 0.0006011076153676068, ""weight_decay"": 0.0002722272506821156, ""batch_size"": 256, ""dropout"": 0.2, ""static_h"": 64, ""rnn_h"": 32, ""cw_power"": 0.0}",45.50420168067227,0.20319861262733319,21.336165539769347,84.91596638655462,45.378151260504204
program,proposed,4,default,0,"{""epochs"": 15, ""lr"": 0.001, ""weight_decay"": 0.01, ""batch_size"": 128, ""dropout"": 0.2, ""static_h"": 128, ""rnn_h"": 64, ""cw_power"": 1.0}",26.176470588235297,0.21819032602787472,27.614310303145515,75.21008403361344,31.890756302521005
program,proposed,4,tuned_macro_f1,2,"{""epochs"": 40, ""lr"": 0.0013372595265102854, ""weight_decay"": 0.007061373769372928, ""batch_size"": 128, ""dropout"": 0.5, ""static_h"": 256, ""rnn_h"": 128, ""cw_power"": 0.5}",41.09243697478991,0.2636991549938473,27.7375434764441,81.17647058823529,43.27731092436975
program,proposed,4,tuned_accuracy,6,"{""epochs"": 15, ""lr"": 0.001457744718859082, ""weight_decay"": 0.005956634936694573, ""batch_size"": 256, ""dropout"": 0.2, ""static_h"": 128, ""rnn_h"": 128, ""cw_power"": 0.0}",43.8235294117647,0.1924196557931844,20.35953060760331,83.78151260504202,44.41176470588235
program,static_mlp,5,default,0,"{""epochs"": 15, ""lr"": 0.001, ""weight_decay"": 0.01, ""batch_size"": 128, ""dropout"": 0.2, ""static_h"": 128, ""rnn_h"": 64, ""cw_power"": 1.0}",25.71428571428571,0.2052629931025609,23.61649832314988,72.56302521008404,30.672268907563026
program,static_mlp,5,tuned_macro_f1,0,"{""epochs"": 15, ""lr"": 0.001, ""weight_decay"": 0.01, ""batch_size"": 128, ""dropout"": 0.2, ""static_h"": 128, ""rnn_h"": 64, ""cw_power"": 1.0}",25.71428571428571,0.2052629931025609,23.61649832314988,72.56302521008404,30.672268907563026
program,static_mlp,5,tuned_accuracy,4,"{""epochs"": 25, ""lr"": 0.0003734377465727659, ""weight_decay"": 0.04502371810502506, ""batch_size"": 64, ""dropout"": 0.5, ""static_h"": 128, ""rnn_h"": 128, ""cw_power"": 0.0}",46.554621848739494,0.17365957725515832,19.962204048871687,84.15966386554622,46.30252100840336
program,lstm,5,default,0,"{""epochs"": 15, ""lr"": 0.001, ""weight_decay"": 0.01, ""batch_size"": 128, ""dropout"": 0.2, ""static_h"": 128, ""rnn_h"": 64, ""cw_power"": 1.0}",27.35294117647059,0.18055758061441804,26.056198125749503,60.08403361344538,22.18487394957983
program,lstm,5,tuned_macro_f1,1,"{""epochs"": 40, ""lr"": 0.0021099342094086414, ""weight_decay"": 0.006528612653044464, ""batch_size"": 128, ""dropout"": 0.2, ""static_h"": 128, ""rnn_h"": 64, ""cw_power"": 0.5}",41.806722689075634,0.18408851541835677,19.727918227574637,80.71428571428572,38.193277310924366
program,lstm,5,tuned_accuracy,5,"{""epochs"": 40, ""lr"": 0.002272041305437297, ""weight_decay"": 0.03721320873433934, ""batch_size"": 64, ""dropout"": 0.2, ""static_h"": 256, ""rnn_h"": 64, ""cw_power"": 0.0}",44.495798319327726,0.12813681113317796,17.287643901368735,83.23529411764706,45.33613445378151
program,hyb1,5,default,0,"{""epochs"": 15, ""lr"": 0.001, ""weight_decay"": 0.01, ""batch_size"": 128, ""dropout"": 0.2, ""static_h"": 128, ""rnn_h"": 64, ""cw_power"": 1.0}",25.294117647058822,0.20849920572697625,26.458572798373353,73.78151260504202,30.630252100840337
program,hyb1,5,tuned_macro_f1,1,"{""epochs"": 40, ""lr"": 0.0008141181309899033, ""weight_decay"": 0.002963321731820455, ""batch_size"": 256, ""dropout"": 0.3, ""static_h"": 256, ""rnn_h"": 128, ""cw_power"": 0.5}",36.42857142857142,0.22516663269567525,23.615214232880014,81.1344537815126,40.21008403361345
program,hyb1,5,tuned_accuracy,2,"{""epochs"": 15, ""lr"": 0.0014480445118202174, ""weight_decay"": 0.001686638011380009, ""batch_size"": 256, ""dropout"": 0.5, ""static_h"": 64, ""rnn_h"": 64, ""cw_power"": 0.0}",46.72268907563025,0.17128234611807136,19.785012137522685,84.95798319327731,47.26890756302521
program,hyb2,5,default,0,"{""epochs"": 15, ""lr"": 0.001, ""weight_decay"": 0.01, ""batch_size"": 128, ""dropout"": 0.2, ""static_h"": 128, ""rnn_h"": 64, ""cw_power"": 1.0}",27.310924369747898,0.21665200231835535,26.543075583843084,76.17647058823529,32.436974789915965
program,hyb2,5,tuned_macro_f1,4,"{""epochs"": 40, ""lr"": 0.002717574819079581, ""weight_decay"": 0.03406074428588829, ""batch_size"": 256, ""dropout"": 0.5, ""static_h"": 128, ""rnn_h"": 64, ""cw_power"": 0.5}",37.6890756302521,0.22481087106772593,23.688993903843304,80.29411764705883,42.35294117647059
program,hyb2,5,tuned_accuracy,6,"{""epochs"": 25, ""lr"": 0.0003215694415069355, ""weight_decay"": 0.00015938962907478994, ""batch_size"": 128, ""dropout"": 0.3, ""static_h"": 64, ""rnn_h"": 128, ""cw_power"": 0.5}",38.31932773109244,0.2372844927827178,24.123257007597875,81.05042016806723,41.05042016806723
program,hyb3,5,default,0,"{""epochs"": 15, ""lr"": 0.001, ""weight_decay"": 0.01, ""batch_size"": 128, ""dropout"": 0.2, ""static_h"": 128, ""rnn_h"": 64, ""cw_power"": 1.0}",28.865546218487392,0.22433866155622706,26.36414983204541,76.68067226890757,33.52941176470588
program,hyb3,5,tuned_macro_f1,3,"{""epochs"": 15, ""lr"": 0.000626354362720812, ""weight_decay"": 0.08544912325117482, ""batch_size"": 128, ""dropout"": 0.2, ""static_h"": 128, ""rnn_h"": 64, ""cw_power"": 0.5}",39.32773109243698,0.23981580083062545,24.507569814331532,81.47058823529412,41.89075630252101
program,hyb3,5,tuned_accuracy,4,"{""epochs"": 25, ""lr"": 0.00033978708376611403, ""weight_decay"": 0.0033690791038046277, ""batch_size"": 128, ""dropout"": 0.5, ""static_h"": 128, ""rnn_h"": 128, ""cw_power"": 0.0}",46.30252100840336,0.18947307226375834,20.837606379210996,84.5798319327731,46.38655462184874
program,hyb4,5,default,0,"{""epochs"": 15, ""lr"": 0.001, ""weight_decay"": 0.01, ""batch_size"": 128, ""dropout"": 0.2, ""static_h"": 128, ""rnn_h"": 64, ""cw_power"": 1.0}",27.22689075630252,0.21304815316736905,25.333721443565203,75.58823529411765,32.142857142857146
program,hyb4,5,tuned_macro_f1,3,"{""epochs"": 15, ""lr"": 0.0007589461283183744, ""weight_decay"": 0.0014492034364921226, ""batch_size"": 256, ""dropout"": 0.5, ""static_h"": 256, ""rnn_h"": 64, ""cw_power"": 0.5}",38.991596638655466,0.24558027309591302,25.50008335172577,81.38655462184875,40.252100840336134
program,hyb4,5,tuned_accuracy,4,"{""epochs"": 25, ""lr"": 0.0011615571378553074, ""weight_decay"": 0.0010368360675672695, ""batch_size"": 128, ""dropout"": 0.5, ""static_h"": 256, ""rnn_h"": 128, ""cw_power"": 0.0}",45.294117647058826,0.17602004247413353,20.12612056659552,84.24369747899159,44.91596638655462
program,proposed,5,default,0,"{""epochs"": 15, ""lr"": 0.001, ""weight_decay"": 0.01, ""batch_size"": 128, ""dropout"": 0.2, ""static_h"": 128, ""rnn_h"": 64, ""cw_power"": 1.0}",28.823529411764703,0.22444723012165882,26.73310990334736,75.54621848739495,33.403361344537814
program,proposed,5,tuned_macro_f1,6,"{""epochs"": 15, ""lr"": 0.00036702866454574063, ""weight_decay"": 0.09608199795340458, ""batch_size"": 128, ""dropout"": 0.1, ""static_h"": 128, ""rnn_h"": 64, ""cw_power"": 0.5}",39.957983193277315,0.24463543326447304,24.84667760355899,81.1344537815126,42.857142857142854
program,proposed,5,tuned_accuracy,7,"{""epochs"": 15, ""lr"": 0.0027429427458555184, ""weight_decay"": 0.0002586513228794047, ""batch_size"": 128, ""dropout"": 0.2, ""static_h"": 128, ""rnn_h"": 64, ""cw_power"": 0.0}",44.07563025210084,0.19218976950670252,20.466929885981404,82.39495798319328,44.57983193277311
program,logreg,1,default,0,"{""C"": 1.0, ""cw_power"": 1.0}",33.193277310924366,0.26542464799138404,32.209064022732434,70.37815126050421,34.831932773109244
program,logreg,1,tuned_macro_f1,4,"{""C"": 0.010007903524306775, ""cw_power"": 0.5}",44.45378151260504,0.25822782254348015,25.391855092244842,83.78151260504202,44.495798319327726
program,logreg,1,tuned_accuracy,5,"{""C"": 0.06496343130666273, ""cw_power"": 0.0}",46.134453781512605,0.19459660808577206,20.78354845831019,85.46218487394958,47.56302521008403
program,logreg,2,default,0,"{""C"": 1.0, ""cw_power"": 1.0}",29.873949579831933,0.2407818499888367,30.627028380300423,70.67226890756302,32.89915966386555
program,logreg,2,tuned_macro_f1,3,"{""C"": 3.752864606041097, ""cw_power"": 0.5}",41.51260504201681,0.27495104392941033,27.715781192750683,82.39495798319328,42.39495798319328
program,logreg,2,tuned_accuracy,1,"{""C"": 0.00175959083420428, ""cw_power"": 0.0}",47.310924369747895,0.15636138566570507,19.12741190325211,85.42016806722688,48.99159663865546
program,logreg,3,default,0,"{""C"": 1.0, ""cw_power"": 1.0}",30.714285714285715,0.24605321079917056,29.475829298505513,70.67226890756302,33.61344537815126
program,logreg,3,tuned_macro_f1,0,"{""C"": 1.0, ""cw_power"": 1.0}",30.714285714285715,0.24605321079917056,29.475829298505513,70.67226890756302,33.61344537815126
program,logreg,3,tuned_accuracy,1,"{""C"": 0.05955516775309552, ""cw_power"": 0.0}",46.680672268907564,0.18980105876149342,20.657257945252816,86.47058823529412,47.56302521008403
program,logreg,4,default,0,"{""C"": 1.0, ""cw_power"": 1.0}",32.05882352941177,0.25718575929121895,31.20770097294981,71.68067226890756,34.15966386554622
program,logreg,4,tuned_macro_f1,1,"{""C"": 0.04676309177035083, ""cw_power"": 1.0}",32.18487394957983,0.25273346231354205,30.261390526460307,72.35294117647058,34.49579831932773
program,logreg,4,tuned_accuracy,6,"{""C"": 0.06665830491856498, ""cw_power"": 0.0}",45.924369747899156,0.1933829019547962,20.68673114593649,85.46218487394958,46.72268907563025
program,logreg,5,default,0,"{""C"": 1.0, ""cw_power"": 1.0}",28.991596638655466,0.2283142287417417,27.806571276309956,68.94957983193277,32.016806722689076
program,logreg,5,tuned_macro_f1,7,"{""C"": 4.060275453510417, ""cw_power"": 1.0}",28.907563025210088,0.22723717903929785,27.493273332485195,69.03361344537815,31.932773109243694
program,logreg,5,tuned_accuracy,3,"{""C"": 0.6360209832873298, ""cw_power"": 0.0}",46.09243697478991,0.2103635509840852,21.68867934735138,83.78151260504202,47.016806722689076
