model,fold,roc_auc,pr_auc,macro_f1,f1_dropout,precision,recall,bal_acc,accuracy,capture_top10,flag_rate
rf,1,0.8550374042407748,0.4202143937551932,0.6824229050319435,0.40628930817610065,0.4418604651162791,0.3760186263096624,0.6699960681217186,0.922521339461589,0.5005820721769499,0.06
rf,2,0.8487277300993957,0.43798769481766964,0.6943797734562784,0.4286612193588938,0.46584699453551914,0.3969732246798603,0.6812269672441413,0.9254062038404727,0.49825378346915017,0.06
rf,3,0.8611866604759064,0.4479836242549953,0.693345236361613,0.42668344870988045,0.4637482900136799,0.3951048951048951,0.680247132348492,0.9252298095863427,0.5209790209790209,0.06
rf,4,0.8393787605223704,0.41241748537474265,0.6876536658128638,0.41609050911376494,0.4521857923497268,0.3853317811408615,0.6749632594561803,0.923758719737382,0.47729918509895225,0.06
rf,5,0.8458843395963052,0.4244590380661713,0.6821336566664348,0.3994060876020787,0.5512295081967213,0.3131548311990687,0.6469093951156919,0.9336068937217891,0.5005820721769499,0.04
static_mlp,1,0.8447012928940937,0.41289667101217525,0.6739379554094725,0.39369158878504673,0.3950762016412661,0.39231664726426074,0.6733768666784881,0.914806303348654,0.47729918509895225,0.07
static_mlp,2,0.8490534274117916,0.415535137412583,0.683620865591153,0.4085480829666876,0.44398907103825136,0.37834691501746215,0.6712075353757744,0.9227802396192352,0.4947613504074505,0.06
static_mlp,3,0.8482847498607697,0.39338121049535324,0.6774341706031437,0.39373297002724794,0.4737704918032787,0.3368298368298368,0.654243984281067,0.9269533814839134,0.4813519813519814,0.05
static_mlp,4,0.8406723113517744,0.3910122494625615,0.6792414337472016,0.40676117775354415,0.38256410256410256,0.4342258440046566,0.6905369022248252,0.9107098892080426,0.47497089639115253,0.08
static_mlp,5,0.8348087281841136,0.40641631243879667,0.6751059678578012,0.3893805309734513,0.46885245901639344,0.3329452852153667,0.6521692698370671,0.9263848994665572,0.48777648428405124,0.05
lstm,1,0.6472388706000868,0.11639610846559152,0.5396404806129,0.134785568413887,0.16229508196721312,0.11525029103608847,0.5350644391162782,0.895682862770847,0.5925494761350407,0.05
lstm,2,0.6278971413149148,0.10782123168939431,0.5303064285131144,0.12193588937774984,0.1325136612021858,0.11292200232828871,0.5284306312515461,0.885360249466601,0.5855646100116414,0.06
lstm,3,0.6534264561149603,0.1195133363765936,0.5426089025855811,0.14032697547683923,0.16885245901639345,0.12004662004662005,0.5376411804100308,0.8964215364412345,0.627039627039627,0.05
lstm,4,0.6460931270257664,0.12576246588067988,0.5367452986512014,0.12933968686181074,0.1557377049180328,0.11059371362048893,0.5325615574989254,0.8950348789495282,0.5878928987194412,0.05
lstm,5,0.6412342170867118,0.11124456702122382,0.535683221192212,0.13199245757385292,0.14344262295081966,0.12223515715948778,0.5334379034958661,0.8866639310627821,0.6076833527357393,0.06
hyb1,1,0.850212809699661,0.413031679928916,0.6804044065469771,0.4025157232704403,0.4377564979480164,0.37252619324796277,0.668117401259743,0.9220288903479974,0.49243306169965073,0.06
hyb1,2,0.8461306820126387,0.4125343770048415,0.6797777181285956,0.3949517446176689,0.5450819672131147,0.309662398137369,0.6450316051779809,0.9331199737403578,0.48777648428405124,0.04
hyb1,3,0.8326349690688379,0.37299256567451616,0.6758413420595317,0.39395846444304594,0.42818057455540354,0.36480186480186483,0.6639478156783472,0.9209619172685489,0.47785547785547783,0.06
hyb1,4,0.8394460847808733,0.39711619870483383,0.6809011791334703,0.4002722940776038,0.4819672131147541,0.34225844004656575,0.6571790169507065,0.9276979893311449,0.47846332945285214,0.05
hyb1,5,0.8427986272840654,0.4232384679030922,0.6844911326367703,0.4038604305864885,0.5573770491803278,0.31664726426076834,0.6487880502833067,0.9340993024210095,0.490104772991851,0.04
hyb2,1,0.8373576750007067,0.3867083448185179,0.6736554469175633,0.3866575901974132,0.46557377049180326,0.33061699650756693,0.6509155622714435,0.9260505581089954,0.47846332945285214,0.05
hyb2,2,0.8505059613707981,0.4200531744636176,0.6895956299790631,0.41660993873383256,0.5016393442622951,0.3562281722933644,0.6646948224404935,0.9296733956999836,0.48777648428405124,0.05
hyb2,3,0.8569322622165637,0.433644260110613,0.6941061123472508,0.4250681198910082,0.5114754098360655,0.36363636363636365,0.6686626105661952,0.9307288246881156,0.506993006993007,0.05
hyb2,4,0.819850048833214,0.37490066420913454,0.6733117307909648,0.3925233644859813,0.3939038686987104,0.3911525029103609,0.6727526597193514,0.9146491588018055,0.47380675203725264,0.07
hyb2,5,0.8433403562984774,0.3941966808887354,0.6709294494037925,0.3946830265848671,0.3518687329079307,0.44935972060535506,0.6932919033893807,0.9028313500205171,0.47497089639115253,0.09000000000000001
hyb3,1,0.8508422186072927,0.41139899484545034,0.6664155483484673,0.36971046770601335,0.5102459016393442,0.28987194412107103,0.6343840956808445,0.9303184504267892,0.48777648428405124,0.04
hyb3,2,0.8456037491881976,0.41285888557496186,0.6764549702633815,0.3983644859813084,0.39976553341148885,0.3969732246798603,0.6758857471505596,0.9154767766289185,0.4842840512223516,0.07
hyb3,3,0.8541448765490792,0.4241005610370757,0.696711369881244,0.4329767149150409,0.47058823529411764,0.40093240093240096,0.6833816163235199,0.9260505581089954,0.5163170163170163,0.06
hyb3,4,0.8353902864354261,0.38207513827040596,0.6768946962821982,0.39597737272155875,0.430327868852459,0.36670547147846333,0.6649437652289014,0.9211325400082068,0.479627473806752,0.06
hyb3,5,0.833657123615767,0.40406041575234775,0.6849639234301974,0.4110622250157134,0.44672131147540983,0.3806752037252619,0.6724583858993606,0.9231021748050883,0.4819557625145518,0.06
hyb4,1,0.8526345383383831,0.4128952929982516,0.6772774730339055,0.3934649421375085,0.4737704918032787,0.33643771827706637,0.6540466737080697,0.9268713066316481,0.479627473806752,0.05
hyb4,2,0.8489787092211599,0.4031059393103214,0.6839938835776328,0.41238317757009346,0.4138335287221571,0.4109429569266589,0.6834003210518348,0.9174462497948466,0.4970896391152503,0.07
hyb4,3,0.8550972616176572,0.4266759962546606,0.6940184630655393,0.42794210195091253,0.46511627906976744,0.3962703962703963,0.6808740291434976,0.9253939592908733,0.5023310023310024,0.06
hyb4,4,0.8274983415619679,0.37603432946906773,0.6816017454518645,0.404776869893149,0.43989071038251365,0.37485448195576254,0.6693272939533359,0.922281493639721,0.4691501746216531,0.06
hyb4,5,0.8336480785245483,0.39487414818202593,0.6775671318778649,0.39723444374607164,0.43169398907103823,0.3678696158323632,0.6655699836181064,0.9212966762412803,0.4819557625145518,0.06
proposed,1,0.84552775828971,0.3996274931384603,0.6736760782637556,0.389937106918239,0.4240766073871409,0.3608847497089639,0.6618551783864908,0.920387393302692,0.490104772991851,0.06
proposed,2,0.845359142181728,0.41889448143776403,0.6858786119061956,0.4158878504672897,0.41735052754982416,0.41443538998835855,0.6852789645271535,0.9179386180863286,0.49941792782305006,0.07
proposed,3,0.8472010581095872,0.40427005358393275,0.6694606332472662,0.3787465940054496,0.4557377049180328,0.32400932400932403,0.6473481195360058,0.9251477347340775,0.49067599067599066,0.05
proposed,4,0.830554246187237,0.3880668509798939,0.6733451365734369,0.39585605234460197,0.3723076923076923,0.42258440046565776,0.6842747183327759,0.9090685268773082,0.47380675203725264,0.08
proposed,5,0.8379034341950085,0.3929321022104794,0.6801767777240116,0.39891082368958475,0.48032786885245904,0.3410942956926659,0.6565527985615016,0.9275338530980713,0.47380675203725264,0.05
hyb5,1,0.8525728104192204,0.39893138226131086,0.6745222220361737,0.3980370774263904,0.37435897435897436,0.42491268917345754,0.6855247772578105,0.9093893630991464,0.47380675203725264,0.08
hyb5,2,0.8496793335754051,0.4194963641038137,0.6871350974585708,0.4182242990654206,0.4196951934349355,0.4167636786961583,0.6865313935106995,0.9182668636139832,0.4842840512223516,0.07
hyb5,3,0.8523622545563212,0.42035721687893346,0.6897908320838964,0.42314436002337813,0.4243845252051583,0.4219114219114219,0.6892799207385116,0.9189921208141826,0.5,0.07
hyb5,4,0.8396572054327285,0.3945332296294226,0.6829141787719455,0.40408163265306124,0.486088379705401,0.3457508731082654,0.6590135259060663,0.9281083299138285,0.47380675203725264,0.05
hyb5,5,0.8301952177369306,0.40203372218092426,0.6837987847713047,0.40571817562968004,0.4885245901639344,0.3469150174621653,0.6596838905075262,0.9283545342634386,0.4842840512223516,0.05
hyb6,1,0.8419008704099177,0.39404196970504113,0.6729310416942949,0.38529611980939416,0.4639344262295082,0.32945285215366704,0.6502893399841183,0.9258864084044649,0.47497089639115253,0.05
hyb6,2,0.8452915155387629,0.4094797693239198,0.6839938835776328,0.41238317757009346,0.4138335287221571,0.4109429569266589,0.6834003210518348,0.9174462497948466,0.47729918509895225,0.07
hyb6,3,0.8420432575253342,0.41162895733360455,0.6830957378602658,0.4075471698113208,0.4426229508196721,0.3776223776223776,0.6707995342111535,0.9226854891661195,0.4836829836829837,0.06
hyb6,4,0.8284404700404995,0.38433683630785626,0.6758303692672598,0.3907420013614704,0.4704918032786885,0.3341094295692666,0.652795488226272,0.9265490356996307,0.4842840512223516,0.05
hyb6,5,0.8397299773029882,0.4070973729679188,0.6795941975065233,0.40420560747663553,0.4056271981242673,0.40279394644935973,0.6790148436114007,0.9162905211325401,0.4807916181606519,0.07
hyb7,1,0.839367712854672,0.3950083262943511,0.6743489110920777,0.39119496855345914,0.42544459644322846,0.3620488940628638,0.662481400673816,0.9205515430072226,0.4691501746216531,0.06
hyb7,2,0.8443168902268504,0.3918478750920634,0.6823516540159141,0.4029952348536419,0.4852459016393443,0.3445867287543655,0.6584326775227641,0.9280321680617102,0.47729918509895225,0.05
hyb7,3,0.8548363461836885,0.41983209990204107,0.6879594227302034,0.4166142227816237,0.4528043775649795,0.38578088578088576,0.6752319579884475,0.9239166119500984,0.5128205128205128,0.06
hyb7,4,0.8380045747604541,0.3918597510992713,0.678912003069198,0.3997485857950974,0.4344262295081967,0.370197904540163,0.6668224203965163,0.9216249487074272,0.47729918509895225,0.06
hyb7,5,0.835221924396605,0.40863885069676137,0.6896461442514167,0.42289719626168226,0.4243845252051583,0.4214202561117579,0.6890343378386796,0.9189167008617152,0.49825378346915017,0.07
hgb,1,0.8553810452628576,0.4164869857879599,0.6851142363452322,0.41132075471698115,0.4473324213406293,0.3806752037252619,0.6725009572710194,0.9231779382797111,0.5122235157159488,0.06
hgb,2,0.8471939002823565,0.42244945576412973,0.6869830242990047,0.41483343808925205,0.45081967213114754,0.3841676367869616,0.6743386078346391,0.923600853438372,0.4970896391152503,0.06
hgb,3,0.8512212962151157,0.42861189810693673,0.693345236361613,0.42668344870988045,0.4637482900136799,0.3951048951048951,0.680247132348492,0.9252298095863427,0.5046620046620046,0.06
hgb,4,0.8423513578018127,0.40121344000360637,0.6842914878345309,0.4098051539912005,0.4453551912568306,0.37951105937136204,0.6718321675101557,0.9229380385720147,0.48777648428405124,0.06
hgb,5,0.8432733403953568,0.416715881354991,0.6856363590258641,0.41231929604022627,0.44808743169398907,0.3818393480791618,0.6730846042885655,0.9232663110381617,0.48777648428405124,0.06
logreg,1,0.8282799188953734,0.33595874396229647,0.655064311397032,0.36205016357688113,0.3405128205128205,0.38649592549476136,0.6648594417760783,0.9039724228496389,0.4458672875436554,0.08
logreg,2,0.8356007101003065,0.34716026276136375,0.6668614344580093,0.38386041439476554,0.36102564102564105,0.409778812572759,0.6773887441516572,0.9072706384375513,0.4575087310826543,0.08
logreg,3,0.83533231292811,0.36131932124159916,0.6657429415006385,0.3750786658275645,0.4076607387140903,0.3473193473193473,0.6545443637532636,0.918499671700591,0.4568764568764569,0.06
logreg,4,0.8166074350238677,0.3297029150243099,0.6499972724555342,0.34569453174104336,0.3756830601092896,0.320139697322468,0.6398950296607042,0.9145670906852688,0.4179278230500582,0.06
logreg,5,0.8285552810279005,0.3507771765631334,0.6562715312118765,0.35398230088495575,0.4262295081967213,0.30267753201396974,0.6358875917177389,0.9221173574066475,0.46565774155995343,0.05
