Model,Category,PR-AUC,ROC-AUC,Macro-F1,Dropout recall,Captured in top 10%,Mean rank PR-AUC,p vs Proposed (PR-AUC),Holm p,p vs Proposed (Macro-F1)
Logistic Regression,A: Traditional ML,0.491 ± 0.016,0.901 ± 0.005,0.727 ± 0.008,0.560 ± 0.045,0.609 ± 0.012,12.0,0.0013,0.0135,0.0099
Random Forest,A: Traditional ML,0.583 ± 0.006,0.917 ± 0.005,0.753 ± 0.005,0.539 ± 0.028,0.648 ± 0.010,1.2,0.0001,0.0013,0.0665
HistGradientBoosting,A: Traditional ML,0.570 ± 0.012,0.917 ± 0.007,0.751 ± 0.006,0.536 ± 0.043,0.643 ± 0.011,2.2,0.0510,0.4586,0.0574
Static MLP,B: Single-branch deep,0.549 ± 0.014,0.912 ± 0.006,0.748 ± 0.002,0.570 ± 0.041,0.642 ± 0.010,8.8,0.6789,1.0000,0.1623
Standalone LSTM,B: Single-branch deep,0.152 ± 0.007,0.688 ± 0.002,0.565 ± 0.006,0.163 ± 0.022,0.475 ± 0.224,13.0,0.0000,0.0000,0.0000
Hybrid-1 (MLP+CNN+LSTM),C: Hybrid baseline,0.557 ± 0.016,0.910 ± 0.007,0.745 ± 0.002,0.492 ± 0.042,0.643 ± 0.010,7.2,0.5637,1.0000,0.9637
Hybrid-2 (MLP+BiLSTM),C: Hybrid baseline,0.552 ± 0.008,0.909 ± 0.003,0.745 ± 0.007,0.541 ± 0.068,0.642 ± 0.004,8.8,0.9512,1.0000,0.9287
Hybrid-3 (MLP+GRU),C: Hybrid baseline,0.561 ± 0.013,0.913 ± 0.004,0.747 ± 0.005,0.545 ± 0.069,0.644 ± 0.010,5.8,0.2270,1.0000,0.5709
Hybrid-4 (MLP+Transformer),C: Hybrid baseline,0.553 ± 0.016,0.909 ± 0.005,0.744 ± 0.005,0.546 ± 0.051,0.636 ± 0.011,7.6,0.9114,1.0000,0.7705
Proposed (MLP+CausalTCN+LSTM),D: Proposed,0.552 ± 0.008,0.910 ± 0.006,0.745 ± 0.004,0.516 ± 0.050,0.640 ± 0.009,6.8,-,-,-
Hybrid-5 (MLP+CNN-BiLSTM),C: Hybrid baseline,0.551 ± 0.024,0.907 ± 0.010,0.743 ± 0.010,0.521 ± 0.060,0.633 ± 0.026,7.2,0.9245,1.0000,0.5976
Hybrid-6 (MLP+Attention-LSTM),C: Hybrid baseline,0.564 ± 0.014,0.910 ± 0.008,0.747 ± 0.004,0.520 ± 0.056,0.643 ± 0.011,4.6,0.1389,0.9726,0.5809
Hybrid-7 (MLP+Transformer-LSTM),C: Hybrid baseline,0.560 ± 0.009,0.913 ± 0.002,0.748 ± 0.006,0.554 ± 0.015,0.639 ± 0.005,5.8,0.0641,0.5130,0.4171
Reference (no skill),reference,0.070,0.500,0.482,-,0.100,,,,
