horizon,model,fold,mode,trial,cfg,q,roc_auc,pr_auc,macro_f1,f1_dropout,precision,recall,bal_acc,accuracy,capture_top10,flag_rate
H3,rf,1,default,0,"{'n_estimators': 100, 'max_depth': None, 'min_samples_leaf': 1, 'max_features': 'sqrt', 'cw_power': 1.0}",0.08,0.9159867601065976,0.5397923448872246,0.7513187655427034,0.5403356794802382,0.5050607287449392,0.580908032596042,0.7688646123245111,0.9303184504267892,0.6670547147846333,0.08
H3,rf,1,tuned,5,"{'n_estimators': 200, 'max_depth': 10, 'min_samples_leaf': 10, 'max_features': 0.5, 'cw_power': 0.5}",0.07,0.9229242894993152,0.5768463349903566,0.7530975269285601,0.5408878504672897,0.5427901524032825,0.5389988358556461,0.7522808748814654,0.935489166119501,0.6472642607683353,0.07
H3,rf,2,default,0,"{'n_estimators': 100, 'max_depth': None, 'min_samples_leaf': 1, 'max_features': 'sqrt', 'cw_power': 1.0}",0.07,0.9074797636520772,0.5268873777913679,0.7457121440257068,0.5276497695852534,0.5222348916761688,0.5331781140861467,0.7480934271322408,0.9327096668307895,0.6461001164144354,0.07
H3,rf,2,tuned,2,"{'n_estimators': 200, 'max_depth': 20, 'min_samples_leaf': 10, 'max_features': 0.3, 'cw_power': 0.0}",0.08,0.9143097462633969,0.5833858012295123,0.7547156756363396,0.5463467829880043,0.5138461538461538,0.5832363213038417,0.7706947034258239,0.9317249302478253,0.6437718277066357,0.08
H3,rf,3,default,0,"{'n_estimators': 100, 'max_depth': None, 'min_samples_leaf': 1, 'max_features': 'sqrt', 'cw_power': 1.0}",0.08,0.9149965197554815,0.5303817148161853,0.7558916665271304,0.5485278080697928,0.5153688524590164,0.5862470862470862,0.7722423847269335,0.9320420223243598,0.655011655011655,0.08
H3,rf,3,tuned,4,"{'n_estimators': 100, 'max_depth': 20, 'min_samples_leaf': 10, 'max_features': 0.5, 'cw_power': 0.5}",0.07,0.9219390004309659,0.5816875658522749,0.7539070126866169,0.5423728813559322,0.5439624853458382,0.5407925407925408,0.7532233938290799,0.9357353906762967,0.6491841491841492,0.07
H3,rf,4,default,0,"{'n_estimators': 100, 'max_depth': None, 'min_samples_leaf': 1, 'max_features': 'sqrt', 'cw_power': 1.0}",0.07,0.9025416603539468,0.5369222956390622,0.7464251900550445,0.5290396779758482,0.5227272727272727,0.5355064027939465,0.749211792249878,0.9327862125564218,0.6449359720605355,0.07
H3,rf,4,tuned,1,"{'n_estimators': 200, 'max_depth': None, 'min_samples_leaf': 10, 'max_features': 0.5, 'cw_power': 0.5}",0.07,0.9110658879391315,0.5788565951771579,0.7455600980198862,0.5268691588785047,0.5287221570926143,0.5250291036088475,0.7447677744779184,0.9335248256052524,0.6379511059371362,0.07
H3,rf,5,default,0,"{'n_estimators': 100, 'max_depth': None, 'min_samples_leaf': 1, 'max_features': 'sqrt', 'cw_power': 1.0}",0.07,0.9137394832827185,0.5334627320329955,0.7526437362640526,0.540162980209546,0.540162980209546,0.540162980209546,0.7526437362640526,0.9351661879359868,0.6635622817229336,0.07
H3,rf,5,tuned,4,"{'n_estimators': 200, 'max_depth': 10, 'min_samples_leaf': 1, 'max_features': 0.3, 'cw_power': 0.0}",0.06,0.9160778963255757,0.5928269043977162,0.7589318389535236,0.5493400377121307,0.5969945355191257,0.5087310826542492,0.7413424087119029,0.9411571604431679,0.6635622817229336,0.06
H1,rf,1,default,0,"{'n_estimators': 100, 'max_depth': None, 'min_samples_leaf': 1, 'max_features': 'sqrt', 'cw_power': 1.0}",0.09000000000000001,0.8043836074083782,0.2859982236950727,0.6316981497921912,0.3226135783563042,0.2872727272727273,0.3678696158323632,0.6493211213819653,0.8910866710439921,0.39231664726426074,0.09000000000000001
H1,rf,1,tuned,4,"{'n_estimators': 300, 'max_depth': 10, 'min_samples_leaf': 1, 'max_features': 'sqrt', 'cw_power': 0.0}",0.06,0.8106581655860426,0.3322704639074758,0.6312876100794599,0.31069182389937106,0.3378932968536252,0.28754365541327126,0.622403174285002,0.9100459619172685,0.39231664726426074,0.06
H1,rf,2,default,0,"{'n_estimators': 100, 'max_depth': None, 'min_samples_leaf': 1, 'max_features': 'sqrt', 'cw_power': 1.0}",0.09000000000000001,0.7965447821471419,0.2546295436122053,0.6217903491407235,0.3053741838272225,0.26855123674911663,0.3538998835855646,0.6404001051193472,0.8865091088133924,0.37834691501746215,0.09000000000000001
H1,rf,2,tuned,4,"{'n_estimators': 300, 'max_depth': 20, 'min_samples_leaf': 5, 'max_features': 0.3, 'cw_power': 0.0}",0.07,0.8153079895123205,0.33673379164906997,0.6431581031254382,0.3364485981308411,0.3376318874560375,0.3352735739231665,0.6426963790865943,0.9067782701460693,0.4190919674039581,0.07
H1,rf,3,default,0,"{'n_estimators': 100, 'max_depth': None, 'min_samples_leaf': 1, 'max_features': 'sqrt', 'cw_power': 1.0}",0.09000000000000001,0.8062308519663279,0.26564694660236104,0.6334295950862012,0.3271820448877805,0.28596338273757627,0.3822843822843823,0.6549864433053555,0.8892810242941562,0.40093240093240096,0.09000000000000001
H1,rf,3,tuned,1,"{'n_estimators': 300, 'max_depth': None, 'min_samples_leaf': 5, 'max_features': 'sqrt', 'cw_power': 0.5}",0.09000000000000001,0.832377912569507,0.35120007037728407,0.6493626107336546,0.3549872122762148,0.31631722880583407,0.40442890442890445,0.6691047930232108,0.8965036112934996,0.42424242424242425,0.09000000000000001
H1,rf,4,default,0,"{'n_estimators': 100, 'max_depth': None, 'min_samples_leaf': 1, 'max_features': 'sqrt', 'cw_power': 1.0}",0.07,0.7876095406799893,0.24164164680355346,0.619282517037163,0.29205607476635514,0.29308323563892147,0.2910360884749709,0.6188978782477274,0.9005334427574887,0.37485448195576254,0.07
H1,rf,4,tuned,1,"{'n_estimators': 100, 'max_depth': 20, 'min_samples_leaf': 2, 'max_features': 'sqrt', 'cw_power': 0.0}",0.06,0.8084926519940212,0.31553090814509943,0.6365485605422021,0.32055311125078567,0.3483606557377049,0.2968568102444703,0.6273706618766056,0.9112843660237998,0.40046565774155995,0.06
H1,rf,5,default,0,"{'n_estimators': 100, 'max_depth': None, 'min_samples_leaf': 1, 'max_features': 'sqrt', 'cw_power': 1.0}",0.09000000000000001,0.7881810259888083,0.24905207482189395,0.6253100560171756,0.3119358074222668,0.2740088105726872,0.3620488940628638,0.6446479681333214,0.8874025441116127,0.3958090803259604,0.09000000000000001
H1,rf,5,tuned,5,"{'n_estimators': 300, 'max_depth': 20, 'min_samples_leaf': 5, 'max_features': 'sqrt', 'cw_power': 0.0}",0.05,0.8075381893001916,0.3284708125340588,0.6417835030227039,0.32675289312457456,0.39344262295081966,0.27939464493597205,0.6233632239336403,0.9188346327451785,0.42607683352735737,0.05
H3,static_mlp,1,default,0,"{'epochs': 15, 'lr': 0.001, 'weight_decay': 0.01, 'batch_size': 512, 'dropout': 0.2, 'static_h': 128, 'rnn_h': 64, 'cw_power': 1.0}",0.08,0.9133680263769927,0.5455001160555497,0.7464575280354253,0.5310796074154853,0.49948717948717947,0.5669383003492433,0.7619238963114869,0.9294156270518713,0.6344586728754366,0.08
H3,static_mlp,1,tuned,4,"{'epochs': 15, 'lr': 0.0024827255228790693, 'weight_decay': 0.0165193864713149, 'batch_size': 512, 'dropout': 0.5, 'static_h': 256, 'rnn_h': 64, 'cw_power': 0.5}",0.09000000000000001,0.919410475243301,0.5610980024813575,0.7481925217537931,0.5368098159509203,0.4785779398359161,0.6111757857974389,0.7803340297640616,0.9256401838476691,0.6449359720605355,0.09000000000000001
H3,static_mlp,2,default,0,"{'epochs': 15, 'lr': 0.001, 'weight_decay': 0.01, 'batch_size': 512, 'dropout': 0.2, 'static_h': 128, 'rnn_h': 64, 'cw_power': 1.0}",0.06,0.905986633152081,0.5295867074369485,0.7387602683999213,0.5116279069767442,0.5560109289617486,0.47380675203725264,0.7225571237011548,0.9362383062530774,0.6158323632130385,0.06
H3,static_mlp,2,tuned,4,"{'epochs': 20, 'lr': 0.0004265378756435984, 'weight_decay': 0.0009676967657556533, 'batch_size': 512, 'dropout': 0.3, 'static_h': 128, 'rnn_h': 64, 'cw_power': 0.0}",0.08,0.9111731238976626,0.54644111505912,0.7452816631608141,0.5288985823336968,0.49743589743589745,0.5646100116414435,0.760675271557457,0.9290989660265879,0.6344586728754366,0.08
H3,static_mlp,3,default,0,"{'epochs': 15, 'lr': 0.001, 'weight_decay': 0.01, 'batch_size': 512, 'dropout': 0.2, 'static_h': 128, 'rnn_h': 64, 'cw_power': 1.0}",0.07,0.9115918074508926,0.548946031227922,0.7476211126275266,0.5306838106370544,0.5322391559202814,0.5291375291375291,0.7469544258790242,0.9340938936309915,0.6503496503496503,0.07
H3,static_mlp,3,tuned,4,"{'epochs': 15, 'lr': 0.0027083213395880453, 'weight_decay': 0.00019357650505378036, 'batch_size': 512, 'dropout': 0.5, 'static_h': 128, 'rnn_h': 32, 'cw_power': 1.0}",0.09000000000000001,0.9140127486851838,0.5499397328471655,0.7483530235638045,0.5370843989769821,0.4785779398359161,0.6118881118881119,0.7806924225342025,0.9257222586999343,0.6573426573426573,0.09000000000000001
H3,static_mlp,4,default,0,"{'epochs': 15, 'lr': 0.001, 'weight_decay': 0.01, 'batch_size': 512, 'dropout': 0.2, 'static_h': 128, 'rnn_h': 64, 'cw_power': 1.0}",0.07,0.903156418201437,0.5258108411317005,0.7461883446914419,0.5280373831775701,0.52989449003517,0.5261932479627474,0.7453939928671233,0.9336889618383258,0.6332945285215367,0.07
H3,static_mlp,4,tuned,0,"{'epochs': 15, 'lr': 0.001, 'weight_decay': 0.01, 'batch_size': 512, 'dropout': 0.2, 'static_h': 128, 'rnn_h': 64, 'cw_power': 1.0}",0.07,0.903156418201437,0.5258108411317005,0.7461883446914419,0.5280373831775701,0.52989449003517,0.5261932479627474,0.7453939928671233,0.9336889618383258,0.6332945285215367,0.07
H3,static_mlp,5,default,0,"{'epochs': 15, 'lr': 0.001, 'weight_decay': 0.01, 'batch_size': 512, 'dropout': 0.2, 'static_h': 128, 'rnn_h': 64, 'cw_power': 1.0}",0.09000000000000001,0.9068297016949474,0.5509028040235351,0.7376329393895102,0.5173824130879345,0.4612579762989973,0.5890570430733411,0.7684381100939723,0.9225276979893311,0.6228172293364377,0.09000000000000001
H3,static_mlp,5,tuned,4,"{'epochs': 15, 'lr': 0.0003489403747558254, 'weight_decay': 0.0013245867530029983, 'batch_size': 512, 'dropout': 0.3, 'static_h': 256, 'rnn_h': 64, 'cw_power': 0.5}",0.07,0.9113700291313608,0.5594713821575625,0.7512143180638886,0.5373831775700935,0.5392731535756154,0.5355064027939465,0.7504037399807628,0.9350020517029134,0.6391152502910361,0.07
H3,lstm,1,default,0,"{'epochs': 15, 'lr': 0.001, 'weight_decay': 0.01, 'batch_size': 512, 'dropout': 0.2, 'static_h': 128, 'rnn_h': 64, 'cw_power': 1.0}",0.07,0.6875110182536807,0.1439794479591033,0.558968101536512,0.17990654205607476,0.18053927315357562,0.17927823050058206,0.5587781880979732,0.8847669074195667,0.6414435389988359,0.07
H3,lstm,1,tuned,0,"{'epochs': 15, 'lr': 0.001, 'weight_decay': 0.01, 'batch_size': 512, 'dropout': 0.2, 'static_h': 128, 'rnn_h': 64, 'cw_power': 1.0}",0.07,0.6875110182536807,0.1439794479591033,0.558968101536512,0.17990654205607476,0.18053927315357562,0.17927823050058206,0.5587781880979732,0.8847669074195667,0.6414435389988359,0.07
H3,lstm,2,default,0,"{'epochs': 15, 'lr': 0.001, 'weight_decay': 0.01, 'batch_size': 512, 'dropout': 0.2, 'static_h': 128, 'rnn_h': 64, 'cw_power': 1.0}",0.06,0.6711529099035313,0.13440686194732412,0.5538415394680765,0.16593337523570081,0.18032786885245902,0.15366705471478465,0.5503481384635988,0.891104546200558,0.6053550640279395,0.06
H3,lstm,2,tuned,3,"{'epochs': 15, 'lr': 0.0023258569241224416, 'weight_decay': 0.002976115147722784, 'batch_size': 1024, 'dropout': 0.1, 'static_h': 256, 'rnn_h': 128, 'cw_power': 0.5}",0.05,0.6846762857515493,0.1584128130370041,0.5678968337981591,0.18788291354663036,0.2262295081967213,0.16065192083818394,0.5594907878226411,0.90210077137699,0.6263096623981373,0.05
H3,lstm,3,default,0,"{'epochs': 15, 'lr': 0.001, 'weight_decay': 0.01, 'batch_size': 512, 'dropout': 0.2, 'static_h': 128, 'rnn_h': 64, 'cw_power': 1.0}",0.1,0.6830581346959592,0.1418358026611452,0.48179314941631735,0.1970856102003643,0.11679620034542314,0.6305361305361306,0.6346659109329073,0.6382140512147079,0.6305361305361306,0.1
H3,lstm,3,tuned,5,"{'epochs': 20, 'lr': 0.0011546144533627993, 'weight_decay': 0.002322650054004227, 'batch_size': 1024, 'dropout': 0.5, 'static_h': 128, 'rnn_h': 32, 'cw_power': 0.5}",0.04,0.6861083395385001,0.14962881761373611,0.5564823775384822,0.16196136701337296,0.22336065573770492,0.12703962703962704,0.5467883990751728,0.9074195666447801,0.22377622377622378,0.04
H3,lstm,4,default,0,"{'epochs': 15, 'lr': 0.001, 'weight_decay': 0.01, 'batch_size': 512, 'dropout': 0.2, 'static_h': 128, 'rnn_h': 64, 'cw_power': 1.0}",0.07,0.678252537713405,0.14389680576018124,0.5583425898962467,0.17873831775700935,0.17936694021101993,0.1781140861466822,0.5581546944948491,0.884612228149364,0.6216530849825378,0.07
H3,lstm,4,tuned,3,"{'epochs': 20, 'lr': 0.0017767730269221702, 'weight_decay': 0.028669466631134014, 'batch_size': 512, 'dropout': 0.2, 'static_h': 128, 'rnn_h': 64, 'cw_power': 0.5}",0.06,0.691340322173815,0.16007348536507998,0.5706498721668752,0.19736015084852293,0.21448087431693988,0.18277066356228172,0.5660012597345224,0.8951990151826016,0.23632130384167638,0.06
H3,lstm,5,default,0,"{'epochs': 15, 'lr': 0.001, 'weight_decay': 0.01, 'batch_size': 512, 'dropout': 0.2, 'static_h': 128, 'rnn_h': 64, 'cw_power': 1.0}",0.05,0.6879552481777739,0.15020636728029413,0.5693433620768401,0.1906058543226685,0.22950819672131148,0.1629802095459837,0.5607413850131473,0.9024210094378334,0.6495925494761351,0.05
H3,lstm,5,tuned,0,"{'epochs': 15, 'lr': 0.001, 'weight_decay': 0.01, 'batch_size': 512, 'dropout': 0.2, 'static_h': 128, 'rnn_h': 64, 'cw_power': 1.0}",0.05,0.6879552481777739,0.15020636728029413,0.5693433620768401,0.1906058543226685,0.22950819672131148,0.1629802095459837,0.5607413850131473,0.9024210094378334,0.6495925494761351,0.05
H3,hyb1,1,default,0,"{'epochs': 15, 'lr': 0.001, 'weight_decay': 0.01, 'batch_size': 512, 'dropout': 0.2, 'static_h': 128, 'rnn_h': 64, 'cw_power': 1.0}",0.09000000000000001,0.9155717285102293,0.5588899929233265,0.7404103921832702,0.5224948875255624,0.4658158614402917,0.5948777648428405,0.7715669177415085,0.9233420879842417,0.6309662398137369,0.09000000000000001
H3,hyb1,1,tuned,1,"{'epochs': 10, 'lr': 0.0020016161235752454, 'weight_decay': 0.004174721462344231, 'batch_size': 1024, 'dropout': 0.5, 'static_h': 256, 'rnn_h': 128, 'cw_power': 0.0}",0.06,0.918102110621982,0.570369873077106,0.7470148565508703,0.5270440251572327,0.573187414500684,0.48777648428405124,0.7301134077049395,0.93827971109652,0.6484284051222352,0.06
H3,hyb1,2,default,0,"{'epochs': 15, 'lr': 0.001, 'weight_decay': 0.01, 'batch_size': 512, 'dropout': 0.2, 'static_h': 128, 'rnn_h': 64, 'cw_power': 1.0}",0.08,0.9053307677689775,0.5459739577133634,0.7441024116013735,0.5267175572519084,0.49538461538461537,0.5622817229336438,0.7594228425739111,0.9287707204989332,0.6344586728754366,0.08
H3,hyb1,2,tuned,0,"{'epochs': 15, 'lr': 0.001, 'weight_decay': 0.01, 'batch_size': 512, 'dropout': 0.2, 'static_h': 128, 'rnn_h': 64, 'cw_power': 1.0}",0.08,0.9053307677689775,0.5459739577133634,0.7441024116013735,0.5267175572519084,0.49538461538461537,0.5622817229336438,0.7594228425739111,0.9287707204989332,0.6344586728754366,0.08
H3,hyb1,3,default,0,"{'epochs': 15, 'lr': 0.001, 'weight_decay': 0.01, 'batch_size': 512, 'dropout': 0.2, 'static_h': 128, 'rnn_h': 64, 'cw_power': 1.0}",0.06,0.9122369184173882,0.5599262672266478,0.7438372391560785,0.5210824417872876,0.5663474692202463,0.4825174825174825,0.7272643919739099,0.9375410374261326,0.6526806526806527,0.06
H3,hyb1,3,tuned,0,"{'epochs': 15, 'lr': 0.001, 'weight_decay': 0.01, 'batch_size': 512, 'dropout': 0.2, 'static_h': 128, 'rnn_h': 64, 'cw_power': 1.0}",0.06,0.9122369184173882,0.5599262672266478,0.7438372391560785,0.5210824417872876,0.5663474692202463,0.4825174825174825,0.7272643919739099,0.9375410374261326,0.6526806526806527,0.06
H3,hyb1,4,default,0,"{'epochs': 15, 'lr': 0.001, 'weight_decay': 0.01, 'batch_size': 512, 'dropout': 0.2, 'static_h': 128, 'rnn_h': 64, 'cw_power': 1.0}",0.06,0.90138208993822,0.5355499725216375,0.7427933846575252,0.5191703331238215,0.5642076502732241,0.4807916181606519,0.7263131673709846,0.937217890849405,0.629802095459837,0.06
H3,hyb1,4,tuned,0,"{'epochs': 15, 'lr': 0.001, 'weight_decay': 0.01, 'batch_size': 512, 'dropout': 0.2, 'static_h': 128, 'rnn_h': 64, 'cw_power': 1.0}",0.06,0.90138208993822,0.5355499725216375,0.7427933846575252,0.5191703331238215,0.5642076502732241,0.4807916181606519,0.7263131673709846,0.937217890849405,0.629802095459837,0.06
H3,hyb1,5,default,0,"{'epochs': 15, 'lr': 0.001, 'weight_decay': 0.01, 'batch_size': 512, 'dropout': 0.2, 'static_h': 128, 'rnn_h': 64, 'cw_power': 1.0}",0.07,0.9070866645136609,0.5513143710838715,0.7468165913629978,0.5292056074766355,0.5310668229777257,0.5273573923166472,0.7460202112563282,0.9338530980713993,0.6286379511059371,0.07
H3,hyb1,5,tuned,5,"{'epochs': 15, 'lr': 0.002740170852945285, 'weight_decay': 0.0001768261015794793, 'batch_size': 1024, 'dropout': 0.5, 'static_h': 128, 'rnn_h': 64, 'cw_power': 1.0}",0.05,0.9153123526960643,0.5709605251640751,0.7460973059847475,0.5228046289993192,0.6295081967213115,0.4470314318975553,0.7135386719791502,0.9424702503077554,0.6507566938300349,0.05
H3,hyb2,1,default,0,"{'epochs': 15, 'lr': 0.001, 'weight_decay': 0.01, 'batch_size': 512, 'dropout': 0.2, 'static_h': 128, 'rnn_h': 64, 'cw_power': 1.0}",0.06,0.9148224615613926,0.5666171628752747,0.7483605222075146,0.529559748427673,0.5759233926128591,0.490104772991851,0.73136585227959,0.9386080105055811,0.6507566938300349,0.06
H3,hyb2,1,tuned,5,"{'epochs': 10, 'lr': 0.0011098098510284975, 'weight_decay': 0.0020076180373421247, 'batch_size': 1024, 'dropout': 0.2, 'static_h': 256, 'rnn_h': 32, 'cw_power': 0.0}",0.07,0.9135614850678572,0.5609185343985073,0.746815021252442,0.5292056074766355,0.5310668229777257,0.5273573923166472,0.7460186520082133,0.9338476690741957,0.6472642607683353,0.07
H3,hyb2,2,default,0,"{'epochs': 15, 'lr': 0.001, 'weight_decay': 0.01, 'batch_size': 512, 'dropout': 0.2, 'static_h': 128, 'rnn_h': 64, 'cw_power': 1.0}",0.09000000000000001,0.9067013892136327,0.5458557257478178,0.7431934026090041,0.5276073619631901,0.47037374658158615,0.6006984866123399,0.7747025583940133,0.9241752831117676,0.6356228172293364,0.09000000000000001
H3,hyb2,2,tuned,0,"{'epochs': 15, 'lr': 0.001, 'weight_decay': 0.01, 'batch_size': 512, 'dropout': 0.2, 'static_h': 128, 'rnn_h': 64, 'cw_power': 1.0}",0.09000000000000001,0.9067013892136327,0.5458557257478178,0.7431934026090041,0.5276073619631901,0.47037374658158615,0.6006984866123399,0.7747025583940133,0.9241752831117676,0.6356228172293364,0.09000000000000001
H3,hyb2,3,default,0,"{'epochs': 15, 'lr': 0.001, 'weight_decay': 0.01, 'batch_size': 512, 'dropout': 0.2, 'static_h': 128, 'rnn_h': 64, 'cw_power': 1.0}",0.07,0.9104418449288659,0.5419211398733529,0.7482497026334356,0.5318527177089422,0.5334114888628371,0.5303030303030303,0.7475813226740298,0.934258043335522,0.6456876456876457,0.07
H3,hyb2,3,tuned,4,"{'epochs': 15, 'lr': 0.001319855470309395, 'weight_decay': 0.0003332986516514532, 'batch_size': 1024, 'dropout': 0.2, 'static_h': 256, 'rnn_h': 64, 'cw_power': 0.5}",0.05,0.9055353381682183,0.5474049958171953,0.73469866615899,0.5013623978201635,0.6032786885245902,0.4289044289044289,0.7037688310865072,0.9399212081418253,0.6421911421911422,0.05
H3,hyb2,4,default,0,"{'epochs': 15, 'lr': 0.001, 'weight_decay': 0.01, 'batch_size': 512, 'dropout': 0.2, 'static_h': 128, 'rnn_h': 64, 'cw_power': 1.0}",0.08,0.9026489680270415,0.546703246008401,0.7476384809628719,0.5332606324972737,0.5015384615384615,0.5692665890570431,0.7631782353725971,0.9297496922445629,0.6391152502910361,0.08
H3,hyb2,4,tuned,1,"{'epochs': 10, 'lr': 0.0011669532895587514, 'weight_decay': 0.006993264034758768, 'batch_size': 512, 'dropout': 0.5, 'static_h': 256, 'rnn_h': 128, 'cw_power': 1.0}",0.08,0.9099787810382819,0.5433546454896808,0.7470488512454954,0.5321701199563795,0.5005128205128205,0.5681024447031432,0.7625520169833921,0.9295855560114895,0.6414435389988359,0.08
H3,hyb2,5,default,0,"{'epochs': 15, 'lr': 0.001, 'weight_decay': 0.01, 'batch_size': 512, 'dropout': 0.2, 'static_h': 128, 'rnn_h': 64, 'cw_power': 1.0}",0.05,0.9048546854703149,0.5567391542851475,0.7381288904807026,0.5078284547311096,0.6114754098360655,0.4342258440046566,0.706650269697896,0.9406647517439475,0.6332945285215367,0.05
H3,hyb2,5,tuned,5,"{'epochs': 10, 'lr': 0.0007605227153412748, 'weight_decay': 0.00775466768110668, 'batch_size': 1024, 'dropout': 0.2, 'static_h': 256, 'rnn_h': 128, 'cw_power': 0.0}",0.08,0.9099597143971333,0.5601666280927109,0.754124407854013,0.5452562704471101,0.5128205128205128,0.5820721769499418,0.7700666376538514,0.9315551908083709,0.6414435389988359,0.08
H3,hyb3,1,default,0,"{'epochs': 15, 'lr': 0.001, 'weight_decay': 0.01, 'batch_size': 512, 'dropout': 0.2, 'static_h': 128, 'rnn_h': 64, 'cw_power': 1.0}",0.08,0.9156375681975293,0.5681267302095601,0.7470471616911568,0.5321701199563795,0.5005128205128205,0.5681024447031432,0.7625501185988122,0.9295797767564018,0.6414435389988359,0.08
H3,hyb3,1,tuned,0,"{'epochs': 15, 'lr': 0.001, 'weight_decay': 0.01, 'batch_size': 512, 'dropout': 0.2, 'static_h': 128, 'rnn_h': 64, 'cw_power': 1.0}",0.08,0.9156375681975293,0.5681267302095601,0.7470471616911568,0.5321701199563795,0.5005128205128205,0.5681024447031432,0.7625501185988122,0.9295797767564018,0.6414435389988359,0.08
H3,hyb3,2,default,0,"{'epochs': 15, 'lr': 0.001, 'weight_decay': 0.01, 'batch_size': 512, 'dropout': 0.2, 'static_h': 128, 'rnn_h': 64, 'cw_power': 1.0}",0.08,0.9098291214507703,0.5547426442911505,0.7499986693985768,0.5376226826608506,0.5056410256410256,0.5739231664726426,0.7656849874916405,0.9304119481372066,0.6367869615832363,0.08
H3,hyb3,2,tuned,2,"{'epochs': 15, 'lr': 0.0007477526941655103, 'weight_decay': 0.04936667633193791, 'batch_size': 1024, 'dropout': 0.5, 'static_h': 256, 'rnn_h': 128, 'cw_power': 0.0}",0.08,0.9145631920104363,0.5673616343013688,0.7476401662796955,0.5332606324972737,0.5015384615384615,0.5692665890570431,0.7631801295245487,0.9297554570818972,0.6321303841676368,0.08
H3,hyb3,3,default,0,"{'epochs': 15, 'lr': 0.001, 'weight_decay': 0.01, 'batch_size': 512, 'dropout': 0.2, 'static_h': 128, 'rnn_h': 64, 'cw_power': 1.0}",0.05,0.9080906732328241,0.5600771489271927,0.7455716716442773,0.5217983651226158,0.6278688524590164,0.44638694638694637,0.7131722830115907,0.9423834537097833,0.6468531468531469,0.05
H3,hyb3,3,tuned,3,"{'epochs': 15, 'lr': 0.0019290143724845683, 'weight_decay': 0.0021895525170200895, 'batch_size': 512, 'dropout': 0.3, 'static_h': 64, 'rnn_h': 32, 'cw_power': 0.0}",0.07,0.9131055903305595,0.5468387663693742,0.7495068826452537,0.5341905318527177,0.5357561547479485,0.5326340326340326,0.7488351162640409,0.9345863427445831,0.6538461538461539,0.07
H3,hyb3,4,default,0,"{'epochs': 15, 'lr': 0.001, 'weight_decay': 0.01, 'batch_size': 512, 'dropout': 0.2, 'static_h': 128, 'rnn_h': 64, 'cw_power': 1.0}",0.05,0.9051871439651665,0.5477686598163798,0.7381288904807026,0.5078284547311096,0.6114754098360655,0.4342258440046566,0.706650269697896,0.9406647517439475,0.6379511059371362,0.05
H3,hyb3,4,tuned,0,"{'epochs': 15, 'lr': 0.001, 'weight_decay': 0.01, 'batch_size': 512, 'dropout': 0.2, 'static_h': 128, 'rnn_h': 64, 'cw_power': 1.0}",0.05,0.9051871439651665,0.5477686598163798,0.7381288904807026,0.5078284547311096,0.6114754098360655,0.4342258440046566,0.706650269697896,0.9406647517439475,0.6379511059371362,0.05
H3,hyb3,5,default,0,"{'epochs': 15, 'lr': 0.001, 'weight_decay': 0.01, 'batch_size': 512, 'dropout': 0.2, 'static_h': 128, 'rnn_h': 64, 'cw_power': 1.0}",0.07,0.906095713099574,0.5611099264056767,0.7493295780492211,0.5338785046728972,0.5357561547479485,0.5320139697322468,0.748525084813148,0.9345096430036931,0.6379511059371362,0.07
H3,hyb3,5,tuned,2,"{'epochs': 15, 'lr': 0.0008292168673714127, 'weight_decay': 0.07687269048410748, 'batch_size': 512, 'dropout': 0.5, 'static_h': 128, 'rnn_h': 128, 'cw_power': 0.0}",0.09000000000000001,0.9156874670188222,0.57685156599057,0.7526412246362968,0.5449897750511248,0.48587055606198726,0.6204889406286379,0.7853460066025054,0.9269593762823143,0.6530849825378346,0.09000000000000001
H3,hyb4,1,default,0,"{'epochs': 15, 'lr': 0.001, 'weight_decay': 0.01, 'batch_size': 512, 'dropout': 0.2, 'static_h': 128, 'rnn_h': 64, 'cw_power': 1.0}",0.07,0.9115012836426154,0.5513365915753405,0.740532515576324,0.5175233644859814,0.5193434935521688,0.5157159487776485,0.7397564291349611,0.9322061720288903,0.6332945285215367,0.07
H3,hyb4,1,tuned,3,"{'epochs': 20, 'lr': 0.0004263252668955234, 'weight_decay': 0.003730136996078892, 'batch_size': 512, 'dropout': 0.3, 'static_h': 256, 'rnn_h': 64, 'cw_power': 1.0}",0.06,0.9080608130507519,0.5387054736146413,0.736922364126038,0.5081761006289308,0.5526675786593708,0.470314318975553,0.7207200733950613,0.935817465528562,0.6228172293364377,0.06
H3,hyb4,2,default,0,"{'epochs': 15, 'lr': 0.001, 'weight_decay': 0.01, 'batch_size': 512, 'dropout': 0.2, 'static_h': 128, 'rnn_h': 64, 'cw_power': 1.0}",0.09000000000000001,0.9048223860221281,0.5475331381342442,0.7415258273012704,0.5245398773006135,0.4676390154968095,0.5972060535506403,0.7728239149186944,0.9236829148202855,0.6263096623981373,0.09000000000000001
H3,hyb4,2,tuned,5,"{'epochs': 15, 'lr': 0.0009247488546515495, 'weight_decay': 0.0009882398332093606, 'batch_size': 512, 'dropout': 0.5, 'static_h': 256, 'rnn_h': 32, 'cw_power': 0.0}",0.07,0.9134777741132405,0.5656262122962213,0.7461899184202061,0.5280373831775701,0.52989449003517,0.5261932479627474,0.7453955557373549,0.9336944034137535,0.6321303841676368,0.07
H3,hyb4,3,default,0,"{'epochs': 15, 'lr': 0.001, 'weight_decay': 0.01, 'batch_size': 512, 'dropout': 0.2, 'static_h': 128, 'rnn_h': 64, 'cw_power': 1.0}",0.05,0.906365369282551,0.5379943572670131,0.7288997299001702,0.4904632152588556,0.5901639344262295,0.4195804195804196,0.6987536567264627,0.9386080105055811,0.6293706293706294,0.05
H3,hyb4,3,tuned,4,"{'epochs': 20, 'lr': 0.0005089488926690226, 'weight_decay': 0.0005156488065604522, 'batch_size': 512, 'dropout': 0.2, 'static_h': 128, 'rnn_h': 32, 'cw_power': 0.0}",0.08,0.9119498136803452,0.5485524054463361,0.7495750745249161,0.5368248772504092,0.5046153846153846,0.5734265734265734,0.7653906661941272,0.9303184504267892,0.6456876456876457,0.08
H3,hyb4,4,default,0,"{'epochs': 15, 'lr': 0.001, 'weight_decay': 0.01, 'batch_size': 512, 'dropout': 0.2, 'static_h': 128, 'rnn_h': 64, 'cw_power': 1.0}",0.07,0.9014431956965101,0.5341067726865547,0.7436753580052186,0.5233644859813084,0.5252051582649473,0.5215366705471478,0.7428891193103035,0.933032416906032,0.6274738067520372,0.07
H3,hyb4,4,tuned,5,"{'epochs': 15, 'lr': 0.0018718646761568733, 'weight_decay': 0.00026150754801608245, 'batch_size': 1024, 'dropout': 0.3, 'static_h': 256, 'rnn_h': 32, 'cw_power': 0.5}",0.08,0.9006903460302431,0.5371899647771334,0.7417421837891072,0.5223555070883316,0.49128205128205127,0.5576251455180442,0.7569160514805477,0.9281083299138285,0.6484284051222352,0.08
H3,hyb4,5,default,0,"{'epochs': 15, 'lr': 0.001, 'weight_decay': 0.01, 'batch_size': 512, 'dropout': 0.2, 'static_h': 128, 'rnn_h': 64, 'cw_power': 1.0}",0.07,0.9043033460464831,0.5526544314294716,0.7449318513483303,0.5257009345794392,0.5275498241500586,0.5238649592549476,0.7441415560887135,0.9333606893721789,0.619324796274738,0.07
H3,hyb4,5,tuned,1,"{'epochs': 10, 'lr': 0.0005583203733083619, 'weight_decay': 0.06484516563523023, 'batch_size': 512, 'dropout': 0.2, 'static_h': 256, 'rnn_h': 128, 'cw_power': 0.5}",0.09000000000000001,0.9088943465507471,0.5729198338644653,0.744303288388082,0.5296523517382413,0.47219690063810393,0.6030267753201397,0.7759527307644315,0.9244973327862126,0.6309662398137369,0.09000000000000001
H3,proposed,1,default,0,"{'epochs': 15, 'lr': 0.001, 'weight_decay': 0.01, 'batch_size': 512, 'dropout': 0.2, 'static_h': 128, 'rnn_h': 64, 'cw_power': 1.0}",0.09000000000000001,0.9143475009444217,0.5664305843284431,0.7426338577748481,0.5265848670756647,0.46946216955332726,0.59953434225844,0.7740718068908095,0.9239986868023637,0.6379511059371362,0.09000000000000001
H3,proposed,1,tuned,2,"{'epochs': 10, 'lr': 0.0016499244895098186, 'weight_decay': 0.054442714651573736, 'batch_size': 512, 'dropout': 0.2, 'static_h': 256, 'rnn_h': 32, 'cw_power': 0.5}",0.08,0.9163796909492274,0.5426872034338672,0.7488160626583515,0.5354416575790621,0.5035897435897436,0.5715948777648429,0.7644287854607879,0.9300722258699934,0.6461001164144354,0.08
H3,proposed,2,default,0,"{'epochs': 15, 'lr': 0.001, 'weight_decay': 0.01, 'batch_size': 512, 'dropout': 0.2, 'static_h': 128, 'rnn_h': 64, 'cw_power': 1.0}",0.08,0.9074487252840293,0.5468586553516472,0.7382061538041702,0.5158124318429662,0.48512820512820515,0.5506402793946449,0.7531606976561818,0.9271294928606598,0.6274738067520372,0.08
H3,proposed,2,tuned,0,"{'epochs': 15, 'lr': 0.001, 'weight_decay': 0.01, 'batch_size': 512, 'dropout': 0.2, 'static_h': 128, 'rnn_h': 64, 'cw_power': 1.0}",0.08,0.9074487252840293,0.5468586553516472,0.7382061538041702,0.5158124318429662,0.48512820512820515,0.5506402793946449,0.7531606976561818,0.9271294928606598,0.6274738067520372,0.08
H3,proposed,3,default,0,"{'epochs': 15, 'lr': 0.001, 'weight_decay': 0.01, 'batch_size': 512, 'dropout': 0.2, 'static_h': 128, 'rnn_h': 64, 'cw_power': 1.0}",0.07,0.9126090226213835,0.5624917014936481,0.7539070126866169,0.5423728813559322,0.5439624853458382,0.5407925407925408,0.7532233938290799,0.9357353906762967,0.6724941724941725,0.07
H3,proposed,3,tuned,2,"{'epochs': 10, 'lr': 0.001960872755904074, 'weight_decay': 0.0002620810860124825, 'batch_size': 1024, 'dropout': 0.2, 'static_h': 64, 'rnn_h': 128, 'cw_power': 0.0}",0.07,0.915469676594522,0.5530333383586342,0.7451067526038905,0.5260081823495032,0.5275498241500586,0.5244755244755245,0.7444468386990019,0.9334372948128693,0.6363636363636364,0.07
H3,proposed,4,default,0,"{'epochs': 15, 'lr': 0.001, 'weight_decay': 0.01, 'batch_size': 512, 'dropout': 0.2, 'static_h': 128, 'rnn_h': 64, 'cw_power': 1.0}",0.07,0.9038079731245671,0.5399959047945173,0.7480730847061094,0.5315420560747663,0.5334114888628371,0.529685681024447,0.747272648034738,0.9341813705375461,0.640279394644936,0.07
H3,proposed,4,tuned,3,"{'epochs': 20, 'lr': 0.0014057554977959393, 'weight_decay': 0.0002984457811318725, 'batch_size': 512, 'dropout': 0.2, 'static_h': 128, 'rnn_h': 128, 'cw_power': 0.5}",0.06,0.9042947634883381,0.5540643462020458,0.7475004338271913,0.5279698302954117,0.5737704918032787,0.4889406286379511,0.7306966960954191,0.9383668444809191,0.6495925494761351,0.06
H3,proposed,5,default,0,"{'epochs': 15, 'lr': 0.001, 'weight_decay': 0.01, 'batch_size': 512, 'dropout': 0.2, 'static_h': 128, 'rnn_h': 64, 'cw_power': 1.0}",0.05,0.9050072185995033,0.5626597903303379,0.7446485031658303,0.5200816882232812,0.6262295081967213,0.4447031431897555,0.7122862352007404,0.9421419778416086,0.6414435389988359,0.05
H3,proposed,5,tuned,0,"{'epochs': 15, 'lr': 0.001, 'weight_decay': 0.01, 'batch_size': 512, 'dropout': 0.2, 'static_h': 128, 'rnn_h': 64, 'cw_power': 1.0}",0.05,0.9050072185995033,0.5626597903303379,0.7446485031658303,0.5200816882232812,0.6262295081967213,0.4447031431897555,0.7122862352007404,0.9421419778416086,0.6414435389988359,0.05
H3,hyb5,1,default,0,"{'epochs': 15, 'lr': 0.001, 'weight_decay': 0.01, 'batch_size': 512, 'dropout': 0.2, 'static_h': 128, 'rnn_h': 64, 'cw_power': 1.0}",0.08,0.9171523949764474,0.575113037652799,0.7547123992156672,0.5463467829880043,0.5138461538461538,0.5832363213038417,0.7706910083340401,0.9317137229152987,0.660069848661234,0.08
H3,hyb5,1,tuned,3,"{'epochs': 15, 'lr': 0.0004160980917633928, 'weight_decay': 0.0004476782435177637, 'batch_size': 1024, 'dropout': 0.2, 'static_h': 256, 'rnn_h': 128, 'cw_power': 0.0}",0.05,0.9181190716655486,0.5716916123400626,0.7381275117884554,0.5078284547311096,0.6114754098360655,0.4342258440046566,0.7066493458433879,0.9406598818122127,0.6554132712456344,0.05
H3,hyb5,2,default,0,"{'epochs': 15, 'lr': 0.001, 'weight_decay': 0.01, 'batch_size': 512, 'dropout': 0.2, 'static_h': 128, 'rnn_h': 64, 'cw_power': 1.0}",0.06,0.9088053691854576,0.5518652849755802,0.7407775636246323,0.5153991200502829,0.5601092896174863,0.47729918509895225,0.7244357671764735,0.9367306745445594,0.6169965075669382,0.06
H3,hyb5,2,tuned,4,"{'epochs': 15, 'lr': 0.0005994557097284744, 'weight_decay': 0.0008145861748383355, 'batch_size': 512, 'dropout': 0.1, 'static_h': 256, 'rnn_h': 64, 'cw_power': 0.5}",0.07,0.8985125530157423,0.5352964857724214,0.7298556062393282,0.4976635514018692,0.49941383352872215,0.4959254947613504,0.7291139789512587,0.9294272115542426,0.59953434225844,0.07
H3,hyb5,3,default,0,"{'epochs': 15, 'lr': 0.001, 'weight_decay': 0.01, 'batch_size': 512, 'dropout': 0.2, 'static_h': 128, 'rnn_h': 64, 'cw_power': 1.0}",0.08,0.9098748387994371,0.5632233909375354,0.7525247202902292,0.5422804146208402,0.5097435897435898,0.5792540792540792,0.7685251501691551,0.9311391989494419,0.6468531468531469,0.08
H3,hyb5,3,tuned,2,"{'epochs': 20, 'lr': 0.0012544327713969396, 'weight_decay': 0.006323915311514364, 'batch_size': 512, 'dropout': 0.1, 'static_h': 128, 'rnn_h': 128, 'cw_power': 0.5}",0.07,0.8963840033061294,0.5203504183445017,0.7419638025743454,0.5201636469900643,0.5216881594372802,0.5186480186480187,0.7413123547239739,0.9326165462902167,0.6083916083916084,0.07
H3,hyb5,4,default,0,"{'epochs': 15, 'lr': 0.001, 'weight_decay': 0.01, 'batch_size': 512, 'dropout': 0.2, 'static_h': 128, 'rnn_h': 64, 'cw_power': 1.0}",0.05,0.9073197297902341,0.5544246777151496,0.735231284842868,0.5023825731790333,0.6049180327868853,0.42956926658905703,0.7041453961410763,0.9400082068116536,0.6495925494761351,0.05
H3,hyb5,4,tuned,4,"{'epochs': 10, 'lr': 0.0030822464106396493, 'weight_decay': 0.00952253509884877, 'batch_size': 1024, 'dropout': 0.3, 'static_h': 128, 'rnn_h': 32, 'cw_power': 0.5}",0.08,0.9090634794780243,0.5504866155157548,0.7482281106802483,0.5343511450381679,0.5025641025641026,0.570430733410943,0.7638044537618021,0.9299138284776365,0.6507566938300349,0.08
H3,hyb5,5,default,0,"{'epochs': 15, 'lr': 0.001, 'weight_decay': 0.01, 'batch_size': 512, 'dropout': 0.2, 'static_h': 128, 'rnn_h': 64, 'cw_power': 1.0}",0.08,0.9096194956251565,0.5647646850250447,0.7458695918107424,0.529989094874591,0.49846153846153846,0.5657741559953434,0.7612995802049823,0.9292572835453426,0.6344586728754366,0.08
H3,hyb5,5,tuned,4,"{'epochs': 20, 'lr': 0.0013928253614986738, 'weight_decay': 0.0001315631354298717, 'batch_size': 512, 'dropout': 0.5, 'static_h': 256, 'rnn_h': 64, 'cw_power': 0.0}",0.08,0.9140111957672261,0.5761472079211671,0.755303667288766,0.5474372955288986,0.5148717948717949,0.5844004656577415,0.7713190744322611,0.9318834632745179,0.6484284051222352,0.08
H3,hyb6,1,default,0,"{'epochs': 15, 'lr': 0.001, 'weight_decay': 0.01, 'batch_size': 512, 'dropout': 0.2, 'static_h': 128, 'rnn_h': 64, 'cw_power': 1.0}",0.07,0.9147360116363038,0.5645947029887637,0.7486997729552775,0.5327102803738317,0.5345838218053928,0.5308498253783469,0.747897318870189,0.9343401181877873,0.6426076833527358,0.07
H3,hyb6,1,tuned,1,"{'epochs': 10, 'lr': 0.0018149761422263644, 'weight_decay': 0.0002585512866501225, 'batch_size': 1024, 'dropout': 0.5, 'static_h': 256, 'rnn_h': 64, 'cw_power': 0.0}",0.06,0.9170277056076808,0.5717522952824194,0.7436506924092595,0.5207547169811321,0.5663474692202463,0.4819557625145518,0.7269822962683135,0.9374589625738674,0.6495925494761351,0.06
H3,hyb6,2,default,0,"{'epochs': 15, 'lr': 0.001, 'weight_decay': 0.01, 'batch_size': 512, 'dropout': 0.2, 'static_h': 128, 'rnn_h': 64, 'cw_power': 1.0}",0.07,0.9060111966287809,0.5496594344699374,0.7455616756440184,0.5268691588785047,0.5287221570926143,0.5250291036088475,0.744769341245582,0.9335302806499262,0.629802095459837,0.07
H3,hyb6,2,tuned,5,"{'epochs': 20, 'lr': 0.0015372829757338443, 'weight_decay': 0.00037664105730294943, 'batch_size': 1024, 'dropout': 0.5, 'static_h': 256, 'rnn_h': 128, 'cw_power': 1.0}",0.08,0.9111861764564112,0.5616278831584265,0.7476401662796955,0.5332606324972737,0.5015384615384615,0.5692665890570431,0.7631801295245487,0.9297554570818972,0.6379511059371362,0.08
H3,hyb6,3,default,0,"{'epochs': 15, 'lr': 0.001, 'weight_decay': 0.01, 'batch_size': 512, 'dropout': 0.2, 'static_h': 128, 'rnn_h': 64, 'cw_power': 1.0}",0.07,0.9101830904982945,0.5540791977541989,0.7438495725920724,0.5236703682057277,0.5252051582649473,0.5221445221445221,0.7431930451089908,0.9331089954038083,0.6515151515151515,0.07
H3,hyb6,3,tuned,4,"{'epochs': 20, 'lr': 0.002939861100442371, 'weight_decay': 0.009758314517713796, 'batch_size': 1024, 'dropout': 0.3, 'static_h': 256, 'rnn_h': 64, 'cw_power': 0.0}",0.05,0.9117714794476229,0.5658063165052329,0.7470214057089823,0.5245231607629428,0.6311475409836066,0.44871794871794873,0.714426076601602,0.9427117531188444,0.6585081585081585,0.05
H3,hyb6,4,default,0,"{'epochs': 15, 'lr': 0.001, 'weight_decay': 0.01, 'batch_size': 512, 'dropout': 0.2, 'static_h': 128, 'rnn_h': 64, 'cw_power': 1.0}",0.06,0.905329090226224,0.5372651941533416,0.7441382558488583,0.5216844751728472,0.5669398907103825,0.4831199068684517,0.7275656041493945,0.937546163315552,0.619324796274738,0.06
H3,hyb6,4,tuned,5,"{'epochs': 15, 'lr': 0.0027883604646431665, 'weight_decay': 0.01219389916938389, 'batch_size': 1024, 'dropout': 0.1, 'static_h': 64, 'rnn_h': 64, 'cw_power': 0.5}",0.07,0.8962088630793149,0.5422970186760734,0.7424188646621069,0.5210280373831776,0.5228604923798359,0.519208381839348,0.7416366825318936,0.9327041444398851,0.6321303841676368,0.07
H3,hyb6,5,default,0,"{'epochs': 15, 'lr': 0.001, 'weight_decay': 0.01, 'batch_size': 512, 'dropout': 0.2, 'static_h': 128, 'rnn_h': 64, 'cw_power': 1.0}",0.06,0.9050026960538939,0.5530846603558326,0.748172869422858,0.5292269013199246,0.575136612021858,0.490104772991851,0.731322914484624,0.9385309807139927,0.6321303841676368,0.06
H3,hyb6,5,tuned,4,"{'epochs': 20, 'lr': 0.001980379338511246, 'weight_decay': 0.02628789707653656, 'batch_size': 512, 'dropout': 0.5, 'static_h': 256, 'rnn_h': 128, 'cw_power': 0.5}",0.08,0.912972757624241,0.5791160419524622,0.7529451484192601,0.5430752453653217,0.5107692307692308,0.5797438882421421,0.7688142008754415,0.931226918342224,0.6379511059371362,0.08
H3,hyb7,1,default,0,"{'epochs': 15, 'lr': 0.001, 'weight_decay': 0.01, 'batch_size': 512, 'dropout': 0.2, 'static_h': 128, 'rnn_h': 64, 'cw_power': 1.0}",0.08,0.9148605982108668,0.562237992540188,0.7346648549207939,0.5092693565976009,0.47897435897435897,0.5436554132712457,0.7493994505649826,0.9261326329612607,0.629802095459837,0.08
H3,hyb7,1,tuned,2,"{'epochs': 10, 'lr': 0.0006022061756104569, 'weight_decay': 0.058010239598183556, 'batch_size': 1024, 'dropout': 0.2, 'static_h': 256, 'rnn_h': 64, 'cw_power': 0.0}",0.08,0.9131832537963185,0.5529382474542336,0.7435093597567675,0.5256270447110142,0.49435897435897436,0.5611175785797439,0.7587927848748609,0.9285948785292186,0.6356228172293364,0.08
H3,hyb7,2,default,0,"{'epochs': 15, 'lr': 0.001, 'weight_decay': 0.01, 'batch_size': 512, 'dropout': 0.2, 'static_h': 128, 'rnn_h': 64, 'cw_power': 1.0}",0.1,0.9015476326409757,0.5489702480496039,0.7353782028993416,0.5158806544754572,0.43970467596390483,0.6239813736903376,0.7818414858210672,0.9174462497948466,0.6239813736903376,0.1
H3,hyb7,2,tuned,4,"{'epochs': 10, 'lr': 0.0006084174093448545, 'weight_decay': 0.07171229542995894, 'batch_size': 512, 'dropout': 0.2, 'static_h': 128, 'rnn_h': 64, 'cw_power': 0.0}",0.07,0.9140334842325604,0.5650314059228507,0.7537288317344573,0.5420560747663551,0.5439624853458382,0.540162980209546,0.7529101296386301,0.9356638765796816,0.6426076833527358,0.07
H3,hyb7,3,default,0,"{'epochs': 15, 'lr': 0.001, 'weight_decay': 0.01, 'batch_size': 512, 'dropout': 0.2, 'static_h': 128, 'rnn_h': 64, 'cw_power': 1.0}",0.06,0.9064000482418283,0.5563829602970344,0.7472033726757095,0.527375707992448,0.573187414500684,0.48834498834498835,0.7303988759489377,0.9383617859487853,0.6608391608391608,0.06
H3,hyb7,3,tuned,5,"{'epochs': 10, 'lr': 0.0015628658963715105, 'weight_decay': 0.015378121048049094, 'batch_size': 512, 'dropout': 0.2, 'static_h': 128, 'rnn_h': 32, 'cw_power': 0.0}",0.08,0.9139930938447626,0.5501433555401618,0.7413160663820395,0.5215493726132024,0.49025641025641026,0.5571095571095571,0.7566141110640492,0.9280203545633617,0.6456876456876457,0.08
H3,hyb7,4,default,0,"{'epochs': 15, 'lr': 0.001, 'weight_decay': 0.01, 'batch_size': 512, 'dropout': 0.2, 'static_h': 128, 'rnn_h': 64, 'cw_power': 1.0}",0.09000000000000001,0.9057869979691714,0.5347291773380406,0.7420798387218914,0.5255623721881391,0.46855059252506837,0.5983701979045402,0.7734478572076118,0.9238407878539188,0.6263096623981373,0.09000000000000001
H3,hyb7,4,tuned,3,"{'epochs': 20, 'lr': 0.0004375748281527279, 'weight_decay': 0.0017572769585506806, 'batch_size': 512, 'dropout': 0.3, 'static_h': 128, 'rnn_h': 32, 'cw_power': 0.5}",0.08,0.9082709547525479,0.561496748179127,0.7505866295497542,0.5387131952017448,0.5066666666666667,0.5750873108265425,0.7663093273186218,0.9305703734099302,0.6356228172293364,0.08
H3,hyb7,5,default,0,"{'epochs': 15, 'lr': 0.001, 'weight_decay': 0.01, 'batch_size': 512, 'dropout': 0.2, 'static_h': 128, 'rnn_h': 64, 'cw_power': 1.0}",0.09000000000000001,0.9034188800244711,0.5582971833458535,0.736521214556415,0.5153374233128835,0.4594348222424795,0.5867287543655413,0.7671856733155624,0.9221994255231842,0.6263096623981373,0.09000000000000001
H3,hyb7,5,tuned,5,"{'epochs': 20, 'lr': 0.002949443363776619, 'weight_decay': 0.00016223786336147012, 'batch_size': 1024, 'dropout': 0.5, 'static_h': 256, 'rnn_h': 32, 'cw_power': 0.0}",0.07,0.9134426398345408,0.5727125890436181,0.7524708114070003,0.5397196261682243,0.5416178194607268,0.5378346915017462,0.7516561767591726,0.9353303241690604,0.6367869615832363,0.07
H1,static_mlp,1,default,0,"{'epochs': 15, 'lr': 0.001, 'weight_decay': 0.01, 'batch_size': 512, 'dropout': 0.2, 'static_h': 128, 'rnn_h': 64, 'cw_power': 1.0}",0.08,0.814312345326847,0.3254898719279074,0.6438612719381323,0.34133042529989094,0.321025641025641,0.36437718277066355,0.6529612183168991,0.9008535784635587,0.420256111757858,0.08
H1,static_mlp,1,tuned,4,"{'epochs': 10, 'lr': 0.001083602618729513, 'weight_decay': 0.0004385782297181742, 'batch_size': 512, 'dropout': 0.2, 'static_h': 128, 'rnn_h': 128, 'cw_power': 1.0}",0.06,0.8078659152410396,0.3269108516964907,0.631960442907782,0.3119496855345912,0.3392612859097127,0.28870779976717115,0.6230293965723273,0.9102101116217991,0.38882421420256114,0.06
H1,static_mlp,2,default,0,"{'epochs': 15, 'lr': 0.001, 'weight_decay': 0.01, 'batch_size': 512, 'dropout': 0.2, 'static_h': 128, 'rnn_h': 64, 'cw_power': 1.0}",0.07,0.8049678449701347,0.31969513074314077,0.6356191898111869,0.32242990654205606,0.3235638921453693,0.3213038416763679,0.6351818051853191,0.9048087969801412,0.3981373690337602,0.07
H1,static_mlp,2,tuned,2,"{'epochs': 20, 'lr': 0.00047549214493645313, 'weight_decay': 0.018423171831620833, 'batch_size': 512, 'dropout': 0.2, 'static_h': 128, 'rnn_h': 32, 'cw_power': 0.0}",0.08,0.8108153399014768,0.32061406339326143,0.6320735134545094,0.31952017448200654,0.3005128205128205,0.3410942956926659,0.6404420891370542,0.897587395371738,0.389988358556461,0.08
H1,static_mlp,3,default,0,"{'epochs': 15, 'lr': 0.001, 'weight_decay': 0.01, 'batch_size': 512, 'dropout': 0.2, 'static_h': 128, 'rnn_h': 64, 'cw_power': 1.0}",0.06,0.8211699199029237,0.3202482891849735,0.6388138733435903,0.3247325361862807,0.35294117647058826,0.3006993006993007,0.6294684919530408,0.9119336835193697,0.4090909090909091,0.06
H1,static_mlp,3,tuned,2,"{'epochs': 20, 'lr': 0.00033711826231049377, 'weight_decay': 0.00014795389916408367, 'batch_size': 512, 'dropout': 0.2, 'static_h': 128, 'rnn_h': 128, 'cw_power': 0.5}",0.06,0.8285572585634391,0.3410328952673479,0.6394871000475165,0.32599118942731276,0.3543091655266758,0.30186480186480186,0.6300953887480464,0.9120978332239001,0.4195804195804196,0.06
H1,static_mlp,4,default,0,"{'epochs': 15, 'lr': 0.001, 'weight_decay': 0.01, 'batch_size': 512, 'dropout': 0.2, 'static_h': 128, 'rnn_h': 64, 'cw_power': 1.0}",0.1,0.8001152529634494,0.2974334113924718,0.630157959445263,0.3233878729547642,0.2756357670221493,0.3911525029103609,0.6565951460340256,0.884612228149364,0.3911525029103609,0.1
H1,static_mlp,4,tuned,5,"{'epochs': 15, 'lr': 0.002194612108816589, 'weight_decay': 0.0002097591975511373, 'batch_size': 512, 'dropout': 0.5, 'static_h': 128, 'rnn_h': 32, 'cw_power': 0.0}",0.07,0.8038085795568193,0.29469993381384557,0.6243084904096096,0.3014018691588785,0.30246189917936694,0.30034924330616997,0.6239076253613668,0.9018465326220764,0.39348079161816063,0.07
H1,static_mlp,5,default,0,"{'epochs': 15, 'lr': 0.001, 'weight_decay': 0.01, 'batch_size': 512, 'dropout': 0.2, 'static_h': 128, 'rnn_h': 64, 'cw_power': 1.0}",0.08,0.8014227311776276,0.32432100853324874,0.6426843912698607,0.3391494002181025,0.318974358974359,0.3620488940628638,0.6517113620941195,0.9005334427574887,0.41443538998835855,0.08
H1,static_mlp,5,tuned,3,"{'epochs': 15, 'lr': 0.001328667454072522, 'weight_decay': 0.0008183729889345062, 'batch_size': 512, 'dropout': 0.5, 'static_h': 256, 'rnn_h': 32, 'cw_power': 0.5}",0.09000000000000001,0.8121748264010589,0.33895612664689395,0.6498066775749819,0.3558282208588957,0.31722880583409296,0.4051222351571595,0.6694956045995933,0.8965941731637259,0.42840512223515714,0.09000000000000001
H1,lstm,1,default,0,"{'epochs': 15, 'lr': 0.001, 'weight_decay': 0.01, 'batch_size': 512, 'dropout': 0.2, 'static_h': 128, 'rnn_h': 64, 'cw_power': 1.0}",0.08,0.6875423190886266,0.12358759078308848,0.5506991543325442,0.16902944383860413,0.15897435897435896,0.18044237485448195,0.5540180969195148,0.8749179251477347,0.629802095459837,0.08
H1,lstm,1,tuned,0,"{'epochs': 15, 'lr': 0.001, 'weight_decay': 0.01, 'batch_size': 512, 'dropout': 0.2, 'static_h': 128, 'rnn_h': 64, 'cw_power': 1.0}",0.08,0.6875423190886266,0.12358759078308848,0.5506991543325442,0.16902944383860413,0.15897435897435896,0.18044237485448195,0.5540180969195148,0.8749179251477347,0.629802095459837,0.08
H1,lstm,2,default,0,"{'epochs': 15, 'lr': 0.001, 'weight_decay': 0.01, 'batch_size': 512, 'dropout': 0.2, 'static_h': 128, 'rnn_h': 64, 'cw_power': 1.0}",0.07,0.684761744039734,0.12807411717073258,0.5581813787121622,0.18089887640449437,0.1748099891422367,0.18742724097788127,0.5601654612234688,0.880354505169867,0.22467986030267753,0.07
H1,lstm,2,tuned,1,"{'epochs': 20, 'lr': 0.0011885432080689564, 'weight_decay': 0.005385427268198346, 'batch_size': 512, 'dropout': 0.5, 'static_h': 256, 'rnn_h': 128, 'cw_power': 1.0}",0.08,0.6875830494744393,0.12829715405739323,0.5607287941083485,0.1875681570338059,0.1764102564102564,0.20023282887077998,0.5646701356325295,0.8777285409486296,0.23282887077997672,0.08
H1,lstm,3,default,0,"{'epochs': 15, 'lr': 0.001, 'weight_decay': 0.01, 'batch_size': 512, 'dropout': 0.2, 'static_h': 128, 'rnn_h': 64, 'cw_power': 1.0}",0.08,0.6889895230439111,0.12008119974189735,0.5484092333305614,0.16475722858701583,0.15487179487179487,0.175990675990676,0.5516188590972275,0.8743434011818779,0.6165501165501166,0.08
H1,lstm,3,tuned,5,"{'epochs': 20, 'lr': 0.0019481102079823458, 'weight_decay': 0.06748525418476034, 'batch_size': 1024, 'dropout': 0.2, 'static_h': 64, 'rnn_h': 128, 'cw_power': 1.0}",0.07,0.6938484362773609,0.12439929689277843,0.5481988544352536,0.16091954022988506,0.15873015873015872,0.16317016317016317,0.5488285920918801,0.8801707156927118,0.2202797202797203,0.07
H1,lstm,4,default,0,"{'epochs': 15, 'lr': 0.001, 'weight_decay': 0.01, 'batch_size': 512, 'dropout': 0.2, 'static_h': 128, 'rnn_h': 64, 'cw_power': 1.0}",0.05,0.6765580221016804,0.12481992637880675,0.549709176246918,0.15374149659863945,0.18494271685761046,0.13154831199068684,0.5437893422923592,0.8979072630283135,0.21187427240977882,0.05
H1,lstm,4,tuned,3,"{'epochs': 20, 'lr': 0.0008035366438018203, 'weight_decay': 0.018987127341596997, 'batch_size': 1024, 'dropout': 0.3, 'static_h': 256, 'rnn_h': 128, 'cw_power': 0.5}",0.07,0.6755688694273244,0.12054167629374246,0.5516144192790361,0.16836158192090395,0.16355653128430298,0.17345750873108265,0.55308934062724,0.8791957324579401,0.6111757857974389,0.07
H1,lstm,5,default,0,"{'epochs': 15, 'lr': 0.001, 'weight_decay': 0.01, 'batch_size': 512, 'dropout': 0.2, 'static_h': 128, 'rnn_h': 64, 'cw_power': 1.0}",0.08,0.6765095075215073,0.12420834918190461,0.553650303946014,0.17448200654307525,0.1641025641025641,0.18626309662398138,0.557152385324175,0.8757488715633976,0.6204889406286379,0.08
H1,lstm,5,tuned,4,"{'epochs': 20, 'lr': 0.002070901419412679, 'weight_decay': 0.00019566005148359547, 'batch_size': 1024, 'dropout': 0.1, 'static_h': 256, 'rnn_h': 64, 'cw_power': 0.5}",0.06,0.6770044693029134,0.12640683789621884,0.5498043687012106,0.1583909490886235,0.1721311475409836,0.14668218859138532,0.5465884896691696,0.8901107919573246,0.22351571594877764,0.06
H1,hyb1,1,default,0,"{'epochs': 15, 'lr': 0.001, 'weight_decay': 0.01, 'batch_size': 512, 'dropout': 0.2, 'static_h': 128, 'rnn_h': 64, 'cw_power': 1.0}",0.08,0.8166873026030063,0.32544712856790853,0.6426820046266691,0.3391494002181025,0.318974358974359,0.3620488940628638,0.6517087737422487,0.9005252790544978,0.4086146682188591,0.08
H1,hyb1,1,tuned,4,"{'epochs': 20, 'lr': 0.00044550731218294, 'weight_decay': 0.008738332879580915, 'batch_size': 1024, 'dropout': 0.3, 'static_h': 128, 'rnn_h': 128, 'cw_power': 1.0}",0.07,0.8192565409236574,0.3381750251199129,0.6393841741908232,0.3294392523364486,0.3305978898007034,0.32828870779976715,0.638934640875601,0.9057780695994747,0.4051222351571595,0.07
H1,hyb1,2,default,0,"{'epochs': 15, 'lr': 0.001, 'weight_decay': 0.01, 'batch_size': 512, 'dropout': 0.2, 'static_h': 128, 'rnn_h': 64, 'cw_power': 1.0}",0.09000000000000001,0.8023194088568086,0.3199327059511356,0.6403595919654235,0.33844580777096117,0.3017319963536919,0.3853317811408615,0.6588528774160209,0.8938125718037092,0.4109429569266589,0.09000000000000001
H1,hyb1,2,tuned,3,"{'epochs': 20, 'lr': 0.0006060411537741015, 'weight_decay': 0.0001837708639634841, 'batch_size': 512, 'dropout': 0.3, 'static_h': 64, 'rnn_h': 128, 'cw_power': 0.5}",0.05,0.8151335271621177,0.32725608267781786,0.6338170150628154,0.3117767188563649,0.37540983606557377,0.26658905704307334,0.6164763065739778,0.9170359428852782,0.3981373690337602,0.05
H1,hyb1,3,default,0,"{'epochs': 15, 'lr': 0.001, 'weight_decay': 0.01, 'batch_size': 512, 'dropout': 0.2, 'static_h': 128, 'rnn_h': 64, 'cw_power': 1.0}",0.06,0.8155979784533556,0.33020254943371347,0.6455461403828524,0.33731906859660166,0.36662106703146374,0.3123543123543124,0.6357374599030965,0.913575180564675,0.4090909090909091,0.06
H1,hyb1,3,tuned,4,"{'epochs': 20, 'lr': 0.0008829512547898578, 'weight_decay': 0.012304784302385572, 'batch_size': 512, 'dropout': 0.3, 'static_h': 64, 'rnn_h': 32, 'cw_power': 0.0}",0.07,0.8241346107538938,0.33487181378900166,0.6439037616525376,0.33781414377556984,0.3388042203985932,0.3368298368298368,0.6435164547031049,0.9070091923834537,0.4160839160839161,0.07
H1,hyb1,4,default,0,"{'epochs': 15, 'lr': 0.001, 'weight_decay': 0.01, 'batch_size': 512, 'dropout': 0.2, 'static_h': 128, 'rnn_h': 64, 'cw_power': 1.0}",0.07,0.7963424220739695,0.29284463747651696,0.6293344637820563,0.3107476635514019,0.3118405627198124,0.309662398137369,0.6289173724750062,0.9031596224866639,0.3911525029103609,0.07
H1,hyb1,4,tuned,1,"{'epochs': 15, 'lr': 0.0004498417552320247, 'weight_decay': 0.00020949954441921984, 'batch_size': 512, 'dropout': 0.2, 'static_h': 128, 'rnn_h': 128, 'cw_power': 0.5}",0.09000000000000001,0.8049700514974046,0.30248519512187927,0.6409128789102195,0.3394683026584867,0.30264357338195075,0.38649592549476136,0.6594761103723145,0.8939679934345507,0.41327124563445866,0.09000000000000001
H1,hyb1,5,default,0,"{'epochs': 15, 'lr': 0.001, 'weight_decay': 0.01, 'batch_size': 512, 'dropout': 0.2, 'static_h': 128, 'rnn_h': 64, 'cw_power': 1.0}",0.05,0.7973452965628448,0.3213448093358291,0.6345394889281175,0.3131381892443839,0.3770491803278688,0.26775320139697323,0.617101040041591,0.917193270414444,0.4074505238649593,0.05
H1,hyb1,5,tuned,2,"{'epochs': 10, 'lr': 0.0031477578139783996, 'weight_decay': 0.03858645532136391, 'batch_size': 512, 'dropout': 0.5, 'static_h': 64, 'rnn_h': 64, 'cw_power': 0.0}",0.11,0.8094964515490437,0.31945611793286854,0.6397513019231558,0.34454545454545454,0.2826249067859806,0.4412107101280559,0.678136698874729,0.8816577759540418,0.41443538998835855,0.11
H1,hyb2,1,default,0,"{'epochs': 15, 'lr': 0.001, 'weight_decay': 0.01, 'batch_size': 512, 'dropout': 0.2, 'static_h': 128, 'rnn_h': 64, 'cw_power': 1.0}",0.08,0.8163043941952111,0.3375905024641657,0.6485783411839847,0.3500545256270447,0.3292307692307692,0.37369033760186265,0.6579709966155008,0.902166776099803,0.42258440046565776,0.08
H1,hyb2,1,tuned,4,"{'epochs': 10, 'lr': 0.002193674036274553, 'weight_decay': 0.07697930875122161, 'batch_size': 512, 'dropout': 0.3, 'static_h': 256, 'rnn_h': 128, 'cw_power': 0.5}",0.06,0.815405715871682,0.350918257409901,0.6454170994742251,0.3371069182389937,0.36662106703146374,0.3119906868451688,0.6355538423188316,0.9134931057124097,0.4039580908032596,0.06
H1,hyb2,2,default,0,"{'epochs': 15, 'lr': 0.001, 'weight_decay': 0.01, 'batch_size': 512, 'dropout': 0.2, 'static_h': 128, 'rnn_h': 64, 'cw_power': 1.0}",0.09000000000000001,0.8049483175200385,0.3216691626682489,0.6314658569908436,0.3220858895705521,0.2871467639015497,0.36670547147846333,0.6488334455476541,0.8911866075824717,0.39231664726426074,0.09000000000000001
H1,hyb2,2,tuned,2,"{'epochs': 15, 'lr': 0.0021131526693813694, 'weight_decay': 0.002490076506473684, 'batch_size': 512, 'dropout': 0.5, 'static_h': 128, 'rnn_h': 64, 'cw_power': 0.0}",0.07,0.8156031109489077,0.33171440277237324,0.6450428314540011,0.3399532710280374,0.34114888628370454,0.33876600698486614,0.6445750225619131,0.9072706384375513,0.4039580908032596,0.07
H1,hyb2,3,default,0,"{'epochs': 15, 'lr': 0.001, 'weight_decay': 0.01, 'batch_size': 512, 'dropout': 0.2, 'static_h': 128, 'rnn_h': 64, 'cw_power': 1.0}",0.09000000000000001,0.8204953266757964,0.33525374632394833,0.6493626107336546,0.3549872122762148,0.31631722880583407,0.40442890442890445,0.6691047930232108,0.8965036112934996,0.43356643356643354,0.09000000000000001
H1,hyb2,3,tuned,4,"{'epochs': 20, 'lr': 0.0004759613910229846, 'weight_decay': 0.0006242244619080183, 'batch_size': 512, 'dropout': 0.5, 'static_h': 128, 'rnn_h': 128, 'cw_power': 0.5}",0.07,0.8321859948868602,0.3512455478063157,0.6520754317293549,0.353009935710111,0.3540445486518171,0.351981351981352,0.6516661130381773,0.9091431385423506,0.42657342657342656,0.07
H1,hyb2,4,default,0,"{'epochs': 15, 'lr': 0.001, 'weight_decay': 0.01, 'batch_size': 512, 'dropout': 0.2, 'static_h': 128, 'rnn_h': 64, 'cw_power': 1.0}",0.05,0.7899979072948043,0.2863174516515861,0.6178782565105688,0.28182437031994556,0.33934426229508197,0.2409778812572759,0.6026980170898776,0.9134181370537546,0.3958090803259604,0.05
H1,hyb2,4,tuned,4,"{'epochs': 15, 'lr': 0.0013558936571936742, 'weight_decay': 0.010583480628973655, 'batch_size': 512, 'dropout': 0.5, 'static_h': 64, 'rnn_h': 64, 'cw_power': 1.0}",0.07,0.8005810751612132,0.2844497568379758,0.6255649837527213,0.3037383177570093,0.3048065650644783,0.30267753201396974,0.6251600621397766,0.9021748050882232,0.38882421420256114,0.07
H1,hyb2,5,default,0,"{'epochs': 15, 'lr': 0.001, 'weight_decay': 0.01, 'batch_size': 512, 'dropout': 0.2, 'static_h': 128, 'rnn_h': 64, 'cw_power': 1.0}",0.09000000000000001,0.7966399850180398,0.32498762764308275,0.6492508151584342,0.35480572597137017,0.31631722880583407,0.4039580908032596,0.6688693862103885,0.8964300369306525,0.42840512223515714,0.09000000000000001
H1,hyb2,5,tuned,3,"{'epochs': 15, 'lr': 0.00296767300312186, 'weight_decay': 0.012582919339934022, 'batch_size': 1024, 'dropout': 0.5, 'static_h': 64, 'rnn_h': 64, 'cw_power': 0.5}",0.11,0.8102730445797598,0.3206435951015288,0.6372530446549391,0.34,0.27889634601043994,0.43538998835855647,0.6750056069287043,0.8808370947886746,0.4062863795110594,0.11
H1,hyb3,1,default,0,"{'epochs': 15, 'lr': 0.001, 'weight_decay': 0.01, 'batch_size': 512, 'dropout': 0.2, 'static_h': 128, 'rnn_h': 64, 'cw_power': 1.0}",0.08,0.8101792987893413,0.3283504023968103,0.6473990738725216,0.3478735005452563,0.3271794871794872,0.3713620488940629,0.6567185520408505,0.9018384766907419,0.42840512223515714,0.08
H1,hyb3,1,tuned,5,"{'epochs': 20, 'lr': 0.0014802877073276798, 'weight_decay': 0.023031158267881408, 'batch_size': 512, 'dropout': 0.5, 'static_h': 64, 'rnn_h': 32, 'cw_power': 0.5}",0.08,0.8227970816725645,0.35485059589072404,0.6485783411839847,0.3500545256270447,0.3292307692307692,0.37369033760186265,0.6579709966155008,0.902166776099803,0.4179278230500582,0.08
H1,hyb3,2,default,0,"{'epochs': 15, 'lr': 0.001, 'weight_decay': 0.01, 'batch_size': 512, 'dropout': 0.2, 'static_h': 128, 'rnn_h': 64, 'cw_power': 1.0}",0.07,0.7992735377459959,0.31372884825673697,0.6362474325873745,0.3235981308411215,0.324736225087925,0.3224679860302678,0.635808019677092,0.9049729197439685,0.38882421420256114,0.07
H1,hyb3,2,tuned,3,"{'epochs': 15, 'lr': 0.002207804787649148, 'weight_decay': 0.028970229135881733, 'batch_size': 512, 'dropout': 0.2, 'static_h': 64, 'rnn_h': 32, 'cw_power': 0.0}",0.07,0.80720363523011,0.3204475649391534,0.6299650048254984,0.3119158878504673,0.3130128956623681,0.3108265424912689,0.6295458747593627,0.9033316921056951,0.3853317811408615,0.07
H1,hyb3,3,default,0,"{'epochs': 15, 'lr': 0.001, 'weight_decay': 0.01, 'batch_size': 512, 'dropout': 0.2, 'static_h': 128, 'rnn_h': 64, 'cw_power': 1.0}",0.07,0.8160442256548561,0.3311739085015164,0.6476753016879917,0.3448275862068966,0.34583821805392734,0.34382284382284384,0.6472778354731383,0.9079940906106369,0.4114219114219114,0.07
H1,hyb3,3,tuned,2,"{'epochs': 20, 'lr': 0.0018364237831158385, 'weight_decay': 0.030139546309492775, 'batch_size': 1024, 'dropout': 0.5, 'static_h': 128, 'rnn_h': 64, 'cw_power': 1.0}",0.11,0.8265208730289076,0.3478842410988381,0.6448493322954588,0.3537971805366075,0.29008202833706187,0.4533799533799534,0.6846627826232277,0.8833716349310571,0.43356643356643354,0.11
H1,hyb3,4,default,0,"{'epochs': 15, 'lr': 0.001, 'weight_decay': 0.01, 'batch_size': 512, 'dropout': 0.2, 'static_h': 128, 'rnn_h': 64, 'cw_power': 1.0}",0.08,0.7937961261107732,0.28858872972364363,0.6273540186180724,0.3107960741548528,0.2923076923076923,0.3317811408614668,0.6354296839747913,0.8962659006975789,0.3841676367869616,0.08
H1,hyb3,4,tuned,4,"{'epochs': 15, 'lr': 0.0020557080291018883, 'weight_decay': 0.00014447831197132843, 'batch_size': 1024, 'dropout': 0.3, 'static_h': 64, 'rnn_h': 32, 'cw_power': 1.0}",0.05,0.7990389898935496,0.2923919952334343,0.613531848053817,0.27365554799183117,0.3295081967213115,0.2339930151338766,0.598940706754648,0.9124333196553139,0.37834691501746215,0.05
H1,hyb3,5,default,0,"{'epochs': 15, 'lr': 0.001, 'weight_decay': 0.01, 'batch_size': 512, 'dropout': 0.2, 'static_h': 128, 'rnn_h': 64, 'cw_power': 1.0}",0.07,0.7995091290666678,0.32747262077774486,0.6456688772425081,0.3411214953271028,0.34232121922626024,0.33993015133876603,0.6451990505943345,0.9074271645465737,0.4307334109429569,0.07
H1,hyb3,5,tuned,4,"{'epochs': 15, 'lr': 0.002670834897684835, 'weight_decay': 0.026792937838993464, 'batch_size': 1024, 'dropout': 0.5, 'static_h': 64, 'rnn_h': 64, 'cw_power': 0.5}",0.07,0.8086673867107464,0.326615590055155,0.641899397213173,0.3341121495327103,0.33528722157092616,0.3329452852153667,0.6414417402591048,0.906442347148133,0.4167636786961583,0.07
H1,hyb4,1,default,0,"{'epochs': 15, 'lr': 0.001, 'weight_decay': 0.01, 'batch_size': 512, 'dropout': 0.2, 'static_h': 128, 'rnn_h': 64, 'cw_power': 1.0}",0.07,0.8180387379955645,0.33220545941498403,0.6450384292993294,0.3399532710280374,0.34114888628370454,0.33876600698486614,0.644570641461528,0.9072554169402495,0.41559953434225844,0.07
H1,hyb4,1,tuned,3,"{'epochs': 15, 'lr': 0.0012063189327496079, 'weight_decay': 0.00013308186699095132, 'batch_size': 1024, 'dropout': 0.5, 'static_h': 128, 'rnn_h': 32, 'cw_power': 0.5}",0.05,0.8242150249147451,0.35210083698093053,0.6468524536566307,0.336283185840708,0.40491803278688526,0.28754365541327126,0.6277453376404105,0.9199770190413658,0.4190919674039581,0.05
H1,hyb4,2,default,0,"{'epochs': 15, 'lr': 0.001, 'weight_decay': 0.01, 'batch_size': 512, 'dropout': 0.2, 'static_h': 128, 'rnn_h': 64, 'cw_power': 1.0}",0.09000000000000001,0.804589886034718,0.31999183052306834,0.6381361582217785,0.3343558282208589,0.29808568824065634,0.3806752037252619,0.6563480194489292,0.8931560807483998,0.4062863795110594,0.09000000000000001
H1,hyb4,2,tuned,4,"{'epochs': 10, 'lr': 0.0011669633947457266, 'weight_decay': 0.01951994785851026, 'batch_size': 512, 'dropout': 0.5, 'static_h': 256, 'rnn_h': 128, 'cw_power': 1.0}",0.07,0.8155007459999817,0.3236022279000909,0.6362474325873745,0.3235981308411215,0.324736225087925,0.3224679860302678,0.635808019677092,0.9049729197439685,0.4062863795110594,0.07
H1,hyb4,3,default,0,"{'epochs': 15, 'lr': 0.001, 'weight_decay': 0.01, 'batch_size': 512, 'dropout': 0.2, 'static_h': 128, 'rnn_h': 64, 'cw_power': 1.0}",0.1,0.8105236852146617,0.31847165541142053,0.6360463978814649,0.33413577274915746,0.28465955701394585,0.40442890442890445,0.6637189551281022,0.8864904793171372,0.40442890442890445,0.1
H1,hyb4,3,tuned,4,"{'epochs': 15, 'lr': 0.00039178716450571737, 'weight_decay': 0.015514064658236688, 'batch_size': 512, 'dropout': 0.1, 'static_h': 128, 'rnn_h': 32, 'cw_power': 0.5}",0.05,0.823741616850393,0.3351112712430186,0.6411908189855193,0.32561307901907355,0.3918032786885246,0.27855477855477856,0.6228991445307885,0.9187458962573868,0.4254079254079254,0.05
H1,hyb4,4,default,0,"{'epochs': 15, 'lr': 0.001, 'weight_decay': 0.01, 'batch_size': 512, 'dropout': 0.2, 'static_h': 128, 'rnn_h': 64, 'cw_power': 1.0}",0.09000000000000001,0.7967150181611041,0.2931370951225343,0.6331308050785525,0.32515337423312884,0.28988149498632637,0.370197904540163,0.6507090529234454,0.8916700861715223,0.3946449359720605,0.09000000000000001
H1,hyb4,4,tuned,1,"{'epochs': 15, 'lr': 0.0009622073298222075, 'weight_decay': 0.0008298967964595193, 'batch_size': 512, 'dropout': 0.3, 'static_h': 256, 'rnn_h': 32, 'cw_power': 0.0}",0.06,0.7996233233433041,0.28800713515477067,0.62511715541587,0.29918290383406665,0.3251366120218579,0.2770663562281723,0.6167249492601218,0.908494050061551,0.3981373690337602,0.06
H1,hyb4,5,default,0,"{'epochs': 15, 'lr': 0.001, 'weight_decay': 0.01, 'batch_size': 512, 'dropout': 0.2, 'static_h': 128, 'rnn_h': 64, 'cw_power': 1.0}",0.07,0.7957782345092022,0.33001913511809544,0.6525795906296222,0.35397196261682246,0.3552168815943728,0.35273573923166474,0.6520874528755887,0.9092326631103816,0.42724097788125726,0.07
H1,hyb4,5,tuned,1,"{'epochs': 15, 'lr': 0.0024515536506981863, 'weight_decay': 0.0006136073441802221, 'batch_size': 512, 'dropout': 0.3, 'static_h': 64, 'rnn_h': 128, 'cw_power': 0.0}",0.06,0.806690571746383,0.3246885964292651,0.6378934317335354,0.32306725329981145,0.3510928961748634,0.2991850989522701,0.6286230986550154,0.9116126384899467,0.4051222351571595,0.06
H1,proposed,1,default,0,"{'epochs': 15, 'lr': 0.001, 'weight_decay': 0.01, 'batch_size': 512, 'dropout': 0.2, 'static_h': 128, 'rnn_h': 64, 'cw_power': 1.0}",0.05,0.8068075461224741,0.3276727341340596,0.6439548327635569,0.33083730428863173,0.3983606557377049,0.2828870779976717,0.6252404484911096,0.9193204202232436,0.409778812572759,0.05
H1,proposed,1,tuned,0,"{'epochs': 15, 'lr': 0.001, 'weight_decay': 0.01, 'batch_size': 512, 'dropout': 0.2, 'static_h': 128, 'rnn_h': 64, 'cw_power': 1.0}",0.05,0.8068075461224741,0.3276727341340596,0.6439548327635569,0.33083730428863173,0.3983606557377049,0.2828870779976717,0.6252404484911096,0.9193204202232436,0.409778812572759,0.05
H1,proposed,2,default,0,"{'epochs': 15, 'lr': 0.001, 'weight_decay': 0.01, 'batch_size': 512, 'dropout': 0.2, 'static_h': 128, 'rnn_h': 64, 'cw_power': 1.0}",0.1,0.8047205657862835,0.31886880249847477,0.6385781816935341,0.3387872954764196,0.2887612797374898,0.409778812572759,0.6666180193348478,0.8872476612506155,0.409778812572759,0.1
H1,proposed,2,tuned,1,"{'epochs': 20, 'lr': 0.0012760390614010443, 'weight_decay': 0.003508530374244322, 'batch_size': 1024, 'dropout': 0.3, 'static_h': 64, 'rnn_h': 128, 'cw_power': 0.0}",0.11,0.8051087509389876,0.3024571625734082,0.622266577009496,0.31272727272727274,0.25652498135719615,0.40046565774155995,0.6562229409922596,0.8759231905465288,0.37252619324796277,0.11
H1,proposed,3,default,0,"{'epochs': 15, 'lr': 0.001, 'weight_decay': 0.01, 'batch_size': 512, 'dropout': 0.2, 'static_h': 128, 'rnn_h': 64, 'cw_power': 1.0}",0.07,0.8122673062413484,0.32438889839308416,0.6395036316111744,0.32963179427235534,0.3305978898007034,0.32867132867132864,0.6391281771380659,0.90586014445174,0.40442890442890445,0.07
H1,proposed,3,tuned,5,"{'epochs': 15, 'lr': 0.0006328566286147571, 'weight_decay': 0.057101648359758964, 'batch_size': 512, 'dropout': 0.5, 'static_h': 128, 'rnn_h': 128, 'cw_power': 0.5}",0.08,0.8286618099658891,0.3484600275518276,0.6475173310450821,0.348063284233497,0.3271794871794872,0.3717948717948718,0.6569375206581634,0.9019205515430072,0.4289044289044289,0.08
H1,proposed,4,default,0,"{'epochs': 15, 'lr': 0.001, 'weight_decay': 0.01, 'batch_size': 512, 'dropout': 0.2, 'static_h': 128, 'rnn_h': 64, 'cw_power': 1.0}",0.06,0.7948105125339268,0.2904548405463994,0.6224274130332035,0.2941546197360151,0.319672131147541,0.2724097788125728,0.6142200757033021,0.9078375051292573,0.37834691501746215,0.06
H1,proposed,4,tuned,4,"{'epochs': 10, 'lr': 0.0012027972244880764, 'weight_decay': 0.017912855434797776, 'batch_size': 512, 'dropout': 0.5, 'static_h': 256, 'rnn_h': 32, 'cw_power': 1.0}",0.09000000000000001,0.8089663886466015,0.29739512350454694,0.6347983923281955,0.3282208588957055,0.292616226071103,0.37369033760186265,0.6525877080910603,0.8921624948707427,0.3911525029103609,0.09000000000000001
H1,proposed,5,default,0,"{'epochs': 15, 'lr': 0.001, 'weight_decay': 0.01, 'batch_size': 512, 'dropout': 0.2, 'static_h': 128, 'rnn_h': 64, 'cw_power': 1.0}",0.05,0.7998693909385043,0.32065016968885124,0.6403347002037866,0.32402995234853643,0.3901639344262295,0.2770663562281723,0.6221107871552304,0.9185063602790315,0.409778812572759,0.05
H1,proposed,5,tuned,3,"{'epochs': 10, 'lr': 0.0018250914526143855, 'weight_decay': 0.029610349555649722, 'batch_size': 512, 'dropout': 0.5, 'static_h': 256, 'rnn_h': 32, 'cw_power': 0.0}",0.1,0.8107534108730631,0.3339890116053948,0.6485711478085856,0.3570741097208855,0.30434782608695654,0.4318975552968568,0.6785127896561982,0.8903569963069348,0.4318975552968568,0.1
H1,hyb5,1,default,0,"{'epochs': 15, 'lr': 0.001, 'weight_decay': 0.01, 'batch_size': 512, 'dropout': 0.2, 'static_h': 128, 'rnn_h': 64, 'cw_power': 1.0}",0.07,0.8052251835518995,0.32994032377724447,0.6387559236232114,0.3282710280373832,0.32942555685814773,0.32712456344586727,0.6383084185882758,0.9056139198949442,0.4074505238649593,0.07
H1,hyb5,1,tuned,2,"{'epochs': 20, 'lr': 0.0014508412320379074, 'weight_decay': 0.005347443193761574, 'batch_size': 1024, 'dropout': 0.3, 'static_h': 256, 'rnn_h': 128, 'cw_power': 1.0}",0.09000000000000001,0.7961251725015227,0.33790176013197204,0.6403544405622609,0.33844580777096117,0.3017319963536919,0.3853317811408615,0.6588469060229694,0.8937951411687459,0.4062863795110594,0.09000000000000001
H1,hyb5,2,default,0,"{'epochs': 15, 'lr': 0.001, 'weight_decay': 0.01, 'batch_size': 512, 'dropout': 0.2, 'static_h': 128, 'rnn_h': 64, 'cw_power': 1.0}",0.06,0.8060161607121475,0.32624855521372165,0.6378955071643695,0.32306725329981145,0.3510928961748634,0.2991850989522701,0.6286249499352151,0.9116198916789758,0.40046565774155995,0.06
H1,hyb5,2,tuned,2,"{'epochs': 15, 'lr': 0.0003440241173860106, 'weight_decay': 0.00027910376792034987, 'batch_size': 512, 'dropout': 0.1, 'static_h': 256, 'rnn_h': 64, 'cw_power': 0.0}",0.07,0.8045776042963679,0.31813520316656585,0.6268237909445604,0.3060747663551402,0.3071512309495897,0.3050058207217695,0.6264148023004981,0.9025110782865583,0.3760186263096624,0.07
H1,hyb5,3,default,0,"{'epochs': 15, 'lr': 0.001, 'weight_decay': 0.01, 'batch_size': 512, 'dropout': 0.2, 'static_h': 128, 'rnn_h': 64, 'cw_power': 1.0}",0.09000000000000001,0.8184898126183663,0.330136775189683,0.6449136034154457,0.34680306905370845,0.309024612579763,0.3951048951048951,0.6640896186631662,0.8951904136572554,0.4160839160839161,0.09000000000000001
H1,hyb5,3,tuned,1,"{'epochs': 20, 'lr': 0.002186025582922262, 'weight_decay': 0.0720051387791121, 'batch_size': 512, 'dropout': 0.5, 'static_h': 128, 'rnn_h': 32, 'cw_power': 0.5}",0.11,0.8275334574778332,0.34853634935668876,0.6458490526830859,0.3556161891768986,0.29157345264727813,0.4557109557109557,0.6859165762132388,0.8836999343401182,0.4254079254079254,0.11
H1,hyb5,4,default,0,"{'epochs': 15, 'lr': 0.001, 'weight_decay': 0.01, 'batch_size': 512, 'dropout': 0.2, 'static_h': 128, 'rnn_h': 64, 'cw_power': 1.0}",0.07,0.7990895087837085,0.28602311793608587,0.6287062171105005,0.30957943925233644,0.3106682297772567,0.3084982537834691,0.6282911540858013,0.9029954862535905,0.38882421420256114,0.07
H1,hyb5,4,tuned,1,"{'epochs': 15, 'lr': 0.0018933850398515518, 'weight_decay': 0.0007784531382644598, 'batch_size': 1024, 'dropout': 0.3, 'static_h': 128, 'rnn_h': 128, 'cw_power': 0.5}",0.08,0.804069499602941,0.2971448683134666,0.6326606860744607,0.32061068702290074,0.30153846153846153,0.34225844004656575,0.6410656494776357,0.89774312679524,0.3958090803259604,0.08
H1,hyb5,5,default,0,"{'epochs': 15, 'lr': 0.001, 'weight_decay': 0.01, 'batch_size': 512, 'dropout': 0.2, 'static_h': 128, 'rnn_h': 64, 'cw_power': 1.0}",0.08,0.7987239534778068,0.3176155934664811,0.6397362426829782,0.3336968375136314,0.31384615384615383,0.3562281722933644,0.6485802701480948,0.8997127615921214,0.409778812572759,0.08
H1,hyb5,5,tuned,3,"{'epochs': 20, 'lr': 0.0003298161685069537, 'weight_decay': 0.00021530470801326874, 'batch_size': 1024, 'dropout': 0.1, 'static_h': 64, 'rnn_h': 128, 'cw_power': 0.0}",0.11,0.8051548077640596,0.3148651858313234,0.6352544388403658,0.33636363636363636,0.2759134973900075,0.4307334109429569,0.6725007333718847,0.8801805498563808,0.4074505238649593,0.11
H1,hyb6,1,default,0,"{'epochs': 15, 'lr': 0.001, 'weight_decay': 0.01, 'batch_size': 512, 'dropout': 0.2, 'static_h': 128, 'rnn_h': 64, 'cw_power': 1.0}",0.04,0.815026816437821,0.33303465058420956,0.6309182829019793,0.3026706231454006,0.4171779141104294,0.23748544819557627,0.6061599426408345,0.9228496388706501,0.4121071012805588,0.04
H1,hyb6,1,tuned,4,"{'epochs': 10, 'lr': 0.0019167926220482585, 'weight_decay': 0.00021072853747033232, 'batch_size': 512, 'dropout': 0.3, 'static_h': 128, 'rnn_h': 64, 'cw_power': 1.0}",0.08,0.8139949168266402,0.3428329594369164,0.6397338363480112,0.3336968375136314,0.31384615384615383,0.3562281722933644,0.6485776623056226,0.8997045305318451,0.3981373690337602,0.08
H1,hyb6,2,default,0,"{'epochs': 15, 'lr': 0.001, 'weight_decay': 0.01, 'batch_size': 512, 'dropout': 0.2, 'static_h': 128, 'rnn_h': 64, 'cw_power': 1.0}",0.08,0.8040792432146993,0.31632226142664605,0.6362008939125516,0.3271537622682661,0.3076923076923077,0.3492433061699651,0.6448255905794648,0.8987362547185295,0.3969732246798603,0.08
H1,hyb6,2,tuned,0,"{'epochs': 15, 'lr': 0.001, 'weight_decay': 0.01, 'batch_size': 512, 'dropout': 0.2, 'static_h': 128, 'rnn_h': 64, 'cw_power': 1.0}",0.08,0.8040792432146993,0.31632226142664605,0.6362008939125516,0.3271537622682661,0.3076923076923077,0.3492433061699651,0.6448255905794648,0.8987362547185295,0.3969732246798603,0.08
H1,hyb6,3,default,0,"{'epochs': 15, 'lr': 0.001, 'weight_decay': 0.01, 'batch_size': 512, 'dropout': 0.2, 'static_h': 128, 'rnn_h': 64, 'cw_power': 1.0}",0.07,0.8173131462686468,0.33283242924076156,0.6445323516584466,0.3389830508474576,0.3399765533411489,0.337995337995338,0.6441433514981105,0.9071733420879843,0.4254079254079254,0.07
H1,hyb6,3,tuned,3,"{'epochs': 20, 'lr': 0.0011880174185396554, 'weight_decay': 0.00010465491715191057, 'batch_size': 1024, 'dropout': 0.2, 'static_h': 64, 'rnn_h': 32, 'cw_power': 0.5}",0.09000000000000001,0.8173562634316651,0.33645383088706504,0.6493626107336546,0.3549872122762148,0.31631722880583407,0.40442890442890445,0.6691047930232108,0.8965036112934996,0.43123543123543123,0.09000000000000001
H1,hyb6,4,default,0,"{'epochs': 15, 'lr': 0.001, 'weight_decay': 0.01, 'batch_size': 512, 'dropout': 0.2, 'static_h': 128, 'rnn_h': 64, 'cw_power': 1.0}",0.08,0.7973503330340916,0.29418658091072164,0.6332503157918371,0.321701199563795,0.30256410256410254,0.34342258440046564,0.6416918678668406,0.8979072630283135,0.3969732246798603,0.08
H1,hyb6,4,tuned,3,"{'epochs': 20, 'lr': 0.0009440071173805843, 'weight_decay': 0.00038868556145969785, 'batch_size': 512, 'dropout': 0.5, 'static_h': 128, 'rnn_h': 32, 'cw_power': 1.0}",0.09000000000000001,0.8075037562824839,0.30208415958598506,0.6398011540771242,0.3374233128834356,0.300820419325433,0.3841676367869616,0.6582236735939045,0.8936397209684038,0.4086146682188591,0.09000000000000001
H1,hyb6,5,default,0,"{'epochs': 15, 'lr': 0.001, 'weight_decay': 0.01, 'batch_size': 512, 'dropout': 0.2, 'static_h': 128, 'rnn_h': 64, 'cw_power': 1.0}",0.1,0.7992734427693438,0.32276436111594886,0.6406797813671616,0.3426371511068335,0.29204265791632483,0.41443538998835855,0.6691195138181242,0.887894952810833,0.41443538998835855,0.1
H1,hyb6,5,tuned,3,"{'epochs': 15, 'lr': 0.002018152995048862, 'weight_decay': 0.058605211770521616, 'batch_size': 1024, 'dropout': 0.5, 'static_h': 128, 'rnn_h': 64, 'cw_power': 0.5}",0.08,0.811989453423639,0.33016334670593905,0.64445328042199,0.34242093784078514,0.32205128205128203,0.36554132712456344,0.6535900172617344,0.9010258514567091,0.42840512223515714,0.08
H1,hyb7,1,default,0,"{'epochs': 15, 'lr': 0.001, 'weight_decay': 0.01, 'batch_size': 512, 'dropout': 0.2, 'static_h': 128, 'rnn_h': 64, 'cw_power': 1.0}",0.05,0.8149296759155751,0.3302266383038384,0.64250602231702,0.3281143635125936,0.3950819672131147,0.28055878928987193,0.6239880039164591,0.9189921208141826,0.409778812572759,0.05
H1,hyb7,1,tuned,3,"{'epochs': 10, 'lr': 0.000852499700671456, 'weight_decay': 0.00015254707981035275, 'batch_size': 1024, 'dropout': 0.2, 'static_h': 256, 'rnn_h': 64, 'cw_power': 1.0}",0.07,0.8126171661180026,0.3311953748718187,0.6337299190823169,0.3189252336448598,0.32004689331770225,0.3178114086146682,0.6332986402896741,0.9043007222587,0.40046565774155995,0.07
H1,hyb7,2,default,0,"{'epochs': 15, 'lr': 0.001, 'weight_decay': 0.01, 'batch_size': 512, 'dropout': 0.2, 'static_h': 128, 'rnn_h': 64, 'cw_power': 1.0}",0.07,0.806752551132885,0.32643842205250606,0.6406451320206878,0.3317757009345794,0.33294255568581477,0.33061699650756693,0.6401915211195026,0.9061217790907599,0.4214202561117579,0.07
H1,hyb7,2,tuned,3,"{'epochs': 10, 'lr': 0.0021154355956655175, 'weight_decay': 0.000133110235621972, 'batch_size': 512, 'dropout': 0.5, 'static_h': 256, 'rnn_h': 64, 'cw_power': 0.5}",0.07,0.8166925371121759,0.32988667312961667,0.6324779759302489,0.316588785046729,0.31770222743259086,0.31548311990686845,0.6320507327264544,0.9039881831610044,0.4086146682188591,0.07
H1,hyb7,3,default,0,"{'epochs': 15, 'lr': 0.001, 'weight_decay': 0.01, 'batch_size': 512, 'dropout': 0.2, 'static_h': 128, 'rnn_h': 64, 'cw_power': 1.0}",0.1,0.8114516818163295,0.3219778116779553,0.6449939195532148,0.35050553683196917,0.29860541427399506,0.42424242424242425,0.6743762006431969,0.8892810242941562,0.42424242424242425,0.1
H1,hyb7,3,tuned,1,"{'epochs': 20, 'lr': 0.0012316193163398495, 'weight_decay': 0.0003507252338129043, 'batch_size': 512, 'dropout': 0.3, 'static_h': 64, 'rnn_h': 64, 'cw_power': 1.0}",0.08,0.823457084736442,0.3428900393338612,0.6475173310450821,0.348063284233497,0.3271794871794872,0.3717948717948718,0.6569375206581634,0.9019205515430072,0.4230769230769231,0.08
H1,hyb7,4,default,0,"{'epochs': 15, 'lr': 0.001, 'weight_decay': 0.01, 'batch_size': 512, 'dropout': 0.2, 'static_h': 128, 'rnn_h': 64, 'cw_power': 1.0}",0.05,0.7939864841668762,0.2917758680156227,0.6236734677862379,0.292716133424098,0.3524590163934426,0.25029103608847497,0.607707764203517,0.9147312269183422,0.38649592549476136,0.05
H1,hyb7,4,tuned,4,"{'epochs': 20, 'lr': 0.00033240261280536324, 'weight_decay': 0.0028198275345225738, 'batch_size': 1024, 'dropout': 0.3, 'static_h': 128, 'rnn_h': 32, 'cw_power': 0.5}",0.07,0.8068441841194101,0.30117556687372493,0.6255649837527213,0.3037383177570093,0.3048065650644783,0.30267753201396974,0.6251600621397766,0.9021748050882232,0.3969732246798603,0.07
H1,hyb7,5,default,0,"{'epochs': 15, 'lr': 0.001, 'weight_decay': 0.01, 'batch_size': 512, 'dropout': 0.2, 'static_h': 128, 'rnn_h': 64, 'cw_power': 1.0}",0.05,0.7975304125774461,0.328819279142047,0.6432323058416212,0.32947583390061264,0.39672131147540984,0.2817229336437718,0.6246156607120501,0.9191629052113254,0.4179278230500582,0.05
H1,hyb7,5,tuned,3,"{'epochs': 15, 'lr': 0.0008695927882598298, 'weight_decay': 0.00044422059102092756, 'batch_size': 1024, 'dropout': 0.1, 'static_h': 128, 'rnn_h': 32, 'cw_power': 0.5}",0.07,0.7934809869099029,0.32425976872935186,0.6456688772425081,0.3411214953271028,0.34232121922626024,0.33993015133876603,0.6451990505943345,0.9074271645465737,0.4062863795110594,0.07
H3,hgb,1,default,0,"{'learning_rate': 0.1, 'max_iter': 100, 'max_leaf_nodes': 31, 'l2_regularization': 0.0, 'min_samples_leaf': 20, 'cw_power': 1.0}",0.06,0.9243427981096145,0.5698431516214784,0.7456691908942259,0.5245283018867924,0.5704514363885089,0.48544819557625146,0.7288609631302891,0.937951411687459,0.6461001164144354,0.06
H3,hgb,1,tuned,4,"{'learning_rate': 0.0974088009143383, 'max_iter': 300, 'max_leaf_nodes': 15, 'l2_regularization': 0.0011640527971625602, 'min_samples_leaf': 20, 'cw_power': 0.5}",0.07,0.9249733891505858,0.5818274087845019,0.7568670303342309,0.5478971962616822,0.5498241500586166,0.5459837019790454,0.7560382086054167,0.9364740643466841,0.6554132712456344,0.07
H3,hgb,2,default,0,"{'learning_rate': 0.1, 'max_iter': 100, 'max_leaf_nodes': 31, 'l2_regularization': 0.0, 'min_samples_leaf': 20, 'cw_power': 1.0}",0.08,0.9142971561968873,0.5674241611478315,0.7446920373810938,0.5278080697928026,0.49641025641025643,0.5634458672875436,0.760049057065684,0.9289348432627605,0.629802095459837,0.08
H3,hgb,2,tuned,0,"{'learning_rate': 0.1, 'max_iter': 100, 'max_leaf_nodes': 31, 'l2_regularization': 0.0, 'min_samples_leaf': 20, 'cw_power': 1.0}",0.08,0.9142971561968873,0.5674241611478315,0.7446920373810938,0.5278080697928026,0.49641025641025643,0.5634458672875436,0.760049057065684,0.9289348432627605,0.629802095459837,0.08
H3,hgb,3,default,0,"{'learning_rate': 0.1, 'max_iter': 100, 'max_leaf_nodes': 31, 'l2_regularization': 0.0, 'min_samples_leaf': 20, 'cw_power': 1.0}",0.09000000000000001,0.9173216050533725,0.5609501646767614,0.7509718537432657,0.5419222903885481,0.48269581056466304,0.6177156177156177,0.7837827602969754,0.9264609323703218,0.6515151515151515,0.09000000000000001
H3,hgb,3,tuned,5,"{'learning_rate': 0.11762385006145355, 'max_iter': 100, 'max_leaf_nodes': 31, 'l2_regularization': 0.01609468247725379, 'min_samples_leaf': 10, 'cw_power': 0.5}",0.06,0.9194211227585763,0.5717733356572057,0.7532624130110455,0.5387035871617369,0.585499316005472,0.4988344988344988,0.7360409471039879,0.93983913328956,0.6491841491841492,0.06
H3,hgb,4,default,0,"{'learning_rate': 0.1, 'max_iter': 100, 'max_leaf_nodes': 31, 'l2_regularization': 0.0, 'min_samples_leaf': 20, 'cw_power': 1.0}",0.07,0.9072687483670012,0.5526582318201837,0.7480730847061094,0.5315420560747663,0.5334114888628371,0.529685681024447,0.747272648034738,0.9341813705375461,0.6344586728754366,0.07
H3,hgb,4,tuned,4,"{'learning_rate': 0.09438830475331536, 'max_iter': 200, 'max_leaf_nodes': 15, 'l2_regularization': 0.007018212194489489, 'min_samples_leaf': 20, 'cw_power': 1.0}",0.06,0.9069941065063603,0.5509011769870609,0.7448106914445249,0.5229415461973601,0.5683060109289617,0.4842840512223516,0.7281918225385994,0.9377102995486254,0.6344586728754366,0.06
H3,hgb,5,default,0,"{'learning_rate': 0.1, 'max_iter': 100, 'max_leaf_nodes': 31, 'l2_regularization': 0.0, 'min_samples_leaf': 20, 'cw_power': 1.0}",0.07,0.9185511634556935,0.5859423448817281,0.7600097714656704,0.5537383177570093,0.5556858147713951,0.5518044237485448,0.7591707974296318,0.9372999589659418,0.660069848661234,0.07
H3,hgb,5,tuned,4,"{'learning_rate': 0.05004270298356345, 'max_iter': 200, 'max_leaf_nodes': 31, 'l2_regularization': 0.004888358437487205, 'min_samples_leaf': 50, 'cw_power': 1.0}",0.08,0.9178447212744861,0.579942127770167,0.7558932970061425,0.5485278080697928,0.5158974358974359,0.5855646100116414,0.7719452928214661,0.9320475995075913,0.6484284051222352,0.08
H1,hgb,1,default,0,"{'learning_rate': 0.1, 'max_iter': 100, 'max_leaf_nodes': 31, 'l2_regularization': 0.0, 'min_samples_leaf': 20, 'cw_power': 1.0}",0.06,0.823225682103786,0.34897784850033087,0.6420529353326143,0.33081761006289306,0.359781121751026,0.3061699650756694,0.6324227308822056,0.912672357189757,0.4039580908032596,0.06
H1,hgb,1,tuned,1,"{'learning_rate': 0.0938200960990959, 'max_iter': 300, 'max_leaf_nodes': 15, 'l2_regularization': 0.052138496807908524, 'min_samples_leaf': 20, 'cw_power': 0.5}",0.07,0.8225375263088914,0.3528865803407334,0.640012424758435,0.33060747663551404,0.33177022274325907,0.32945285215366704,0.6395608631629263,0.9059422193040052,0.41327124563445866,0.07
H1,hgb,2,default,0,"{'learning_rate': 0.1, 'max_iter': 100, 'max_leaf_nodes': 31, 'l2_regularization': 0.0, 'min_samples_leaf': 20, 'cw_power': 1.0}",0.05,0.813428934932789,0.32975348740030125,0.6374390030443899,0.3185840707964602,0.3836065573770492,0.2724097788125728,0.6196073790328425,0.9178565567044149,0.3911525029103609,0.05
H1,hgb,2,tuned,4,"{'learning_rate': 0.04948236599197647, 'max_iter': 300, 'max_leaf_nodes': 15, 'l2_regularization': 0.0012221507489517506, 'min_samples_leaf': 20, 'cw_power': 0.5}",0.08,0.8166893510545286,0.3383523750069772,0.6397386485908737,0.3336968375136314,0.31384615384615383,0.3562281722933644,0.6485828775301024,0.8997209913014935,0.4190919674039581,0.08
H1,hgb,3,default,0,"{'learning_rate': 0.1, 'max_iter': 100, 'max_leaf_nodes': 31, 'l2_regularization': 0.0, 'min_samples_leaf': 20, 'cw_power': 1.0}",0.08,0.8296734682705017,0.34253352715502583,0.6481072601981448,0.3491543917075832,0.3282051282051282,0.372960372960373,0.657564417453169,0.9020847012475377,0.4358974358974359,0.08
H1,hgb,3,tuned,2,"{'learning_rate': 0.05950950184473431, 'max_iter': 100, 'max_leaf_nodes': 31, 'l2_regularization': 0.023183687064865753, 'min_samples_leaf': 20, 'cw_power': 0.0}",0.1,0.8292978652991013,0.3495767454283008,0.6470992187700972,0.3543572460279249,0.3018867924528302,0.4289044289044289,0.6768837878232192,0.8899376231122784,0.4289044289044289,0.1
H1,hgb,4,default,0,"{'learning_rate': 0.1, 'max_iter': 100, 'max_leaf_nodes': 31, 'l2_regularization': 0.0, 'min_samples_leaf': 20, 'cw_power': 1.0}",0.05,0.8074754903724255,0.3035473105649188,0.6294686790619071,0.3036078965282505,0.3655737704918033,0.259604190919674,0.6127175113171565,0.9160443167829299,0.4074505238649593,0.05
H1,hgb,4,tuned,5,"{'learning_rate': 0.037740035370659716, 'max_iter': 200, 'max_leaf_nodes': 63, 'l2_regularization': 4.912988555500539, 'min_samples_leaf': 10, 'cw_power': 1.0}",0.1,0.8106750372133554,0.31185077086167035,0.6375232347905919,0.3368623676612127,0.2871205906480722,0.4074505238649593,0.6653622034828945,0.8869101354123923,0.4074505238649593,0.1
H1,hgb,5,default,0,"{'learning_rate': 0.1, 'max_iter': 100, 'max_leaf_nodes': 31, 'l2_regularization': 0.0, 'min_samples_leaf': 20, 'cw_power': 1.0}",0.09000000000000001,0.8049461025627005,0.30630212007485635,0.6342425299116478,0.32719836400818,0.2917046490428441,0.37252619324796277,0.6519614897018553,0.8919983586376693,0.40046565774155995,0.09000000000000001
H1,hgb,5,tuned,0,"{'learning_rate': 0.1, 'max_iter': 100, 'max_leaf_nodes': 31, 'l2_regularization': 0.0, 'min_samples_leaf': 20, 'cw_power': 1.0}",0.09000000000000001,0.8049461025627005,0.30630212007485635,0.6342425299116478,0.32719836400818,0.2917046490428441,0.37252619324796277,0.6519614897018553,0.8919983586376693,0.40046565774155995,0.09000000000000001
H3,logreg,1,default,0,"{'C': 1.0, 'cw_power': 1.0}",0.08,0.9071314506574975,0.4748075569650453,0.7205136471832362,0.4830970556161396,0.4543589743589744,0.5157159487776485,0.7343701156691774,0.9221930400525279,0.6030267753201397,0.08
H3,logreg,1,tuned,3,"{'C': 1.2206789215477403, 'cw_power': 0.0}",0.08,0.9054257350428009,0.5017553231582951,0.7222825481504309,0.48636859323882226,0.4574358974358974,0.519208381839348,0.736248782531153,0.9226854891661195,0.6076833527357393,0.08
H3,logreg,2,default,0,"{'C': 1.0, 'cw_power': 1.0}",0.1,0.8976639311449777,0.46917825665792223,0.722752113176845,0.49278152069297404,0.4200164068908942,0.5960419091967404,0.7668123380185168,0.9135073034629904,0.5960419091967404,0.1
H3,logreg,2,tuned,5,"{'C': 1.3324230731469453, 'cw_power': 1.0}",0.09000000000000001,0.8978598223022598,0.4695071956426077,0.720403206736643,0.48568507157464214,0.43299908842297175,0.5529685681024447,0.749027764231323,0.9174462497948466,0.5960419091967404,0.09000000000000001
H3,logreg,3,default,0,"{'C': 1.0, 'cw_power': 1.0}",0.11,0.9046230860198721,0.48902077150728024,0.7308252856313928,0.5102319236016372,0.41834451901565994,0.6538461538461539,0.7924890313641859,0.9116053841103086,0.6165501165501166,0.11
H3,logreg,3,tuned,2,"{'C': 3.057038777843511, 'cw_power': 0.0}",0.1,0.9017699441061616,0.5088741665670358,0.734995461074935,0.5151661049590756,0.4388843314191961,0.6235431235431236,0.7815755525891497,0.9173506237688772,0.6235431235431236,0.1
H3,logreg,4,default,0,"{'C': 1.0, 'cw_power': 1.0}",0.12000000000000001,0.8937599046318473,0.470194148890073,0.7158167709259197,0.48578811369509045,0.38550922761449075,0.6565774155995343,0.7886012629825325,0.9020106688551498,0.5925494761350407,0.12000000000000001
H3,logreg,4,tuned,5,"{'C': 2.0600418168966073, 'cw_power': 0.5}",0.08,0.8939263137532462,0.482563508161463,0.7216947733983073,0.48527808069792805,0.4564102564102564,0.5180442374854481,0.7356246262475802,0.9225276979893311,0.5972060535506403,0.08
H3,logreg,5,default,0,"{'C': 1.0, 'cw_power': 1.0}",0.09000000000000001,0.903952026480738,0.4909141505814377,0.736521214556415,0.5153374233128835,0.4594348222424795,0.5867287543655413,0.7671856733155624,0.9221994255231842,0.6181606519208381,0.09000000000000001
H3,logreg,5,tuned,0,"{'C': 1.0, 'cw_power': 1.0}",0.09000000000000001,0.903952026480738,0.4909141505814377,0.736521214556415,0.5153374233128835,0.4594348222424795,0.5867287543655413,0.7671856733155624,0.9221994255231842,0.6181606519208381,0.09000000000000001
H1,logreg,1,default,0,"{'C': 1.0, 'cw_power': 1.0}",0.08,0.8015139530281886,0.2625093787266734,0.6244033612989904,0.3053435114503817,0.28717948717948716,0.3259604190919674,0.6322958828351669,0.8954366382140512,0.3958090803259604,0.08
H1,logreg,1,tuned,5,"{'C': 2.3328625391925035, 'cw_power': 0.0}",0.09000000000000001,0.7973322848324583,0.28199373278048334,0.6286812462064764,0.3169734151329243,0.28258887876025524,0.3608847497089639,0.6456962379891398,0.8903479973736047,0.3830034924330617,0.09000000000000001
H1,logreg,2,default,0,"{'C': 1.0, 'cw_power': 1.0}",0.1,0.8037220450420164,0.2757022200717018,0.6354216592629099,0.33301251203079885,0.2838392124692371,0.40279394644935973,0.6628607323842102,0.8862629246676514,0.40279394644935973,0.1
H1,logreg,2,tuned,1,"{'C': 2.1083503077635255, 'cw_power': 0.0}",0.09000000000000001,0.7988753833161373,0.28520861342224607,0.6314658569908436,0.3220858895705521,0.2871467639015497,0.36670547147846333,0.6488334455476541,0.8911866075824717,0.39231664726426074,0.09000000000000001
H1,logreg,3,default,0,"{'C': 1.0, 'cw_power': 1.0}",0.1,0.8139611212849779,0.2737076196527925,0.6323621242519208,0.32739528165623494,0.27891714520098443,0.3962703962703963,0.6593306775630632,0.8853414313854235,0.3962703962703963,0.1
H1,logreg,3,tuned,3,"{'C': 9.984601194514088, 'cw_power': 0.0}",0.07,0.8121496859135919,0.29006345930427047,0.6376178615934472,0.32612507305669197,0.32708089097303633,0.32517482517482516,0.6372474867530492,0.9053676953381484,0.40442890442890445,0.07
H1,logreg,4,default,0,"{'C': 1.0, 'cw_power': 1.0}",0.1,0.7946565918055173,0.25641129547820457,0.6127969532741302,0.29162656400384984,0.24856439704675964,0.35273573923166474,0.6359299391902629,0.8791957324579401,0.35273573923166474,0.1
H1,logreg,4,tuned,4,"{'C': 0.2586388950565338, 'cw_power': 0.0}",0.1,0.7896088655872722,0.26183060813622555,0.6164795909467947,0.2983638113570741,0.25430680885972107,0.3608847497089639,0.6403134679146973,0.8803446860894543,0.3608847497089639,0.1
H1,logreg,5,default,0,"{'C': 1.0, 'cw_power': 1.0}",0.1,0.7993953973231053,0.25241833275249626,0.6296318683491681,0.3224254090471607,0.2748154224774405,0.389988358556461,0.6559689276448206,0.8844480919162905,0.389988358556461,0.1
H1,logreg,5,tuned,2,"{'C': 0.6966596873370492, 'cw_power': 0.0}",0.09000000000000001,0.792067948369797,0.26604776721493706,0.6325749426620049,0.32413087934560325,0.2889699179580675,0.3690337601862631,0.6500828345342404,0.8915059499384489,0.3969732246798603,0.09000000000000001
