model,fold,macro_f1,bal_acc,macro_recall,acc
majority,0,0.1686682679476915,0.25,0.25,0.509061619009263
logreg,0,0.49730702815407624,0.5342604832510146,0.5342604832510146,0.5787354007249296
rf,0,0.5118321836721826,0.49266834486923294,0.49266834486923294,0.6242448650825614
majority,1,0.16871329418045916,0.25,0.25,0.5092667203867849
logreg,1,0.48790118021510287,0.5143507697374972,0.5143507697374972,0.5797743755036261
rf,1,0.5135637619791947,0.494411810769778,0.494411810769778,0.6418211120064464
majority,2,0.16862483311081441,0.25,0.25,0.5088638195004029
logreg,2,0.4781907655301826,0.5061859603839653,0.5061859603839653,0.5688960515713135
rf,2,0.4919336826470853,0.47685020450622606,0.47685020450622606,0.6269137792103142
majority,3,0.16862483311081441,0.25,0.25,0.5088638195004029
logreg,3,0.4749328605770121,0.5088702416996054,0.5088702416996054,0.5717163577759871
rf,3,0.4959532347564443,0.4802499806700027,0.4802499806700027,0.6265108783239323
majority,4,0.16862483311081441,0.25,0.25,0.5088638195004029
logreg,4,0.4890058610622352,0.5216611676388392,0.5216611676388392,0.5773569701853344
rf,4,0.5006292736896625,0.4828291163855527,0.4828291163855527,0.6301369863013698
